time_s,junction,stopped_red_vehicles,idle_energy_mj,wait_c0,wait_c1,wait_c2,wait_c3,wait_east_west,wait_north_south,unresolved_pedestrians,affected_vehicles_for_east_west_ped,affected_vehicles_for_north_south_ped,clear_time_east_west_s,clear_time_north_south_s,predicted_energy_east_west_mj,predicted_energy_north_south_mj,predicted_pedestrian_energy_mj,total_congestion_mj,reward
5,A0,0,0.000000,0,0,0,0,0,0,0,0,0,0.000,0.000,0.000000,0.000000,0.000000,0.000000,-0.000000
5,A1,0,0.000000,0,0,0,0,0,0,0,0,0,0.000,0.000,0.000000,0.000000,0.000000,0.000000,-0.000000
5,A2,0,0.000000,0,0,0,0,0,0,0,0,0,0.000,0.000,0.000000,0.000000,0.000000,0.000000,-0.000000
5,B0,0,0.000000,0,0,0,0,0,0,0,0,0,0.000,0.000,0.000000,0.000000,0.000000,0.000000,-0.000000
5,B1,0,0.000000,0,0,0,0,0,0,0,0,0,0.000,0.000,0.000000,0.000000,0.000000,0.000000,-0.000000
5,B2,0,0.000000,0,0,0,0,0,0,0,0,0,0.000,0.000,0.000000,0.000000,0.000000,0.000000,-0.000000
5,C0,0,0.000000,0,0,0,0,0,0,0,0,0,0.000,0.000,0.000000,0.000000,0.000000,0.000000,-0.000000
5,C1,0,0.000000,0,0,0,0,0,0,0,0,0,0.000,0.000,0.000000,0.000000,0.000000,0.000000,-0.000000
5,C2,0,0.000000,0,0,0,0,0,0,0,0,0,0.000,0.000,0.000000,0.000000,0.000000,0.000000,-0.000000
10,A0,0,0.000000,0,0,0,0,0,0,0,0,0,0.000,0.000,0.000000,0.000000,0.000000,0.000000,-0.000000
10,A1,0,0.000000,0,0,0,0,0,0,0,0,0,0.000,0.000,0.000000,0.000000,0.000000,0.000000,-0.000000
10,A2,0,0.000000,0,0,0,0,0,0,0,0,0,0.000,0.000,0.000000,0.000000,0.000000,0.000000,-0.000000
10,B0,0,0.000000,0,0,0,0,0,0,0,0,0,0.000,0.000,0.000000,0.000000,0.000000,0.000000,-0.000000
10,B1,0,0.000000,0,0,0,0,0,0,0,0,0,0.000,0.000,0.000000,0.000000,0.000000,0.000000,-0.000000
10,B2,0,0.000000,0,0,0,0,0,0,0,0,0,0.000,0.000,0.000000,0.000000,0.000000,0.000000,-0.000000
10,C0,0,0.000000,0,0,0,0,0,0,0,0,0,0.000,0.000,0.000000,0.000000,0.000000,0.000000,-0.000000
10,C1,0,0.000000,0,0,0,0,0,0,0,0,0,0.000,0.000,0.000000,0.000000,0.000000,0.000000,-0.000000
10,C2,0,0.000000,0,0,0,0,0,0,0,0,0,0.000,0.000,0.000000,0.000000,0.000000,0.000000,-0.000000
15,A0,0,0.000000,0,0,0,0,0,0,0,0,0,0.000,0.000,0.000000,0.000000,0.000000,0.000000,-0.000000
15,A1,0,0.000000,0,0,0,0,0,0,0,0,0,0.000,0.000,0.000000,0.000000,0.000000,0.000000,-0.000000
15,A2,0,0.000000,0,0,0,0,0,0,0,0,0,0.000,0.000,0.000000,0.000000,0.000000,0.000000,-0.000000
15,B0,0,0.000000,0,0,0,0,0,0,0,0,0,0.000,0.000,0.000000,0.000000,0.000000,0.000000,-0.000000
15,B1,0,0.000000,0,0,0,0,0,0,0,0,0,0.000,0.000,0.000000,0.000000,0.000000,0.000000,-0.000000
15,B2,0,0.000000,0,0,0,0,0,0,0,0,0,0.000,0.000,0.000000,0.000000,0.000000,0.000000,-0.000000
15,C0,0,0.000000,0,0,0,0,0,0,0,0,0,0.000,0.000,0.000000,0.000000,0.000000,0.000000,-0.000000
15,C1,0,0.000000,0,0,0,0,0,0,0,0,0,0.000,0.000,0.000000,0.000000,0.000000,0.000000,-0.000000
15,C2,0,0.000000,0,0,0,0,0,0,0,0,0,0.000,0.000,0.000000,0.000000,0.000000,0.000000,-0.000000
20,A0,0,0.000000,0,0,0,0,0,0,0,0,0,0.000,0.000,0.000000,0.000000,0.000000,0.000000,-0.000000
20,A1,0,0.000000,0,0,0,0,0,0,0,0,0,0.000,0.000,0.000000,0.000000,0.000000,0.000000,-0.000000
20,A2,0,0.000000,0,0,0,0,0,0,0,0,0,0.000,0.000,0.000000,0.000000,0.000000,0.000000,-0.000000
20,B0,0,0.000000,0,0,0,0,0,0,0,0,0,0.000,0.000,0.000000,0.000000,0.000000,0.000000,-0.000000
20,B1,0,0.000000,0,0,0,0,0,0,0,0,0,0.000,0.000,0.000000,0.000000,0.000000,0.000000,-0.000000
20,B2,0,0.000000,0,0,0,0,0,0,0,0,0,0.000,0.000,0.000000,0.000000,0.000000,0.000000,-0.000000
20,C0,0,0.000000,0,0,0,0,0,0,0,0,0,0.000,0.000,0.000000,0.000000,0.000000,0.000000,-0.000000
20,C1,1,0.010000,0,0,0,0,0,0,0,0,0,0.000,0.000,0.000000,0.000000,0.000000,0.010000,-0.010000
20,C2,1,0.010000,0,0,0,0,0,0,0,0,0,0.000,0.000,0.000000,0.000000,0.000000,0.010000,-0.010000
25,A0,0,0.000000,0,0,0,0,0,0,0,0,0,0.000,0.000,0.000000,0.000000,0.000000,0.000000,-0.000000
25,A1,0,0.000000,0,0,0,0,0,0,0,0,0,0.000,0.000,0.000000,0.000000,0.000000,0.000000,-0.000000
25,A2,1,0.010000,0,0,0,0,0,0,0,0,0,0.000,0.000,0.000000,0.000000,0.000000,0.010000,-0.010000
25,B0,0,0.000000,0,0,0,0,0,0,0,0,0,0.000,0.000,0.000000,0.000000,0.000000,0.000000,-0.000000
25,B1,0,0.000000,0,0,0,0,0,0,0,0,0,0.000,0.000,0.000000,0.000000,0.000000,0.000000,-0.000000
25,B2,0,0.000000,0,0,0,0,0,0,0,0,0,0.000,0.000,0.000000,0.000000,0.000000,0.000000,-0.000000
25,C0,0,0.000000,0,0,0,0,0,0,0,0,0,0.000,0.000,0.000000,0.000000,0.000000,0.000000,-0.000000
25,C1,1,0.010000,0,0,0,0,0,0,0,0,0,0.000,0.000,0.000000,0.000000,0.000000,0.010000,-0.010000
25,C2,1,0.010000,0,0,0,0,0,0,0,0,0,0.000,0.000,0.000000,0.000000,0.000000,0.010000,-0.010000
30,A0,0,0.000000,0,0,0,0,0,0,0,0,0,0.000,0.000,0.000000,0.000000,0.000000,0.000000,-0.000000
30,A1,0,0.000000,0,0,0,0,0,0,0,0,0,0.000,0.000,0.000000,0.000000,0.000000,0.000000,-0.000000
30,A2,1,0.010000,0,0,0,0,0,0,0,0,0,0.000,0.000,0.000000,0.000000,0.000000,0.010000,-0.010000
30,B0,0,0.000000,0,0,0,0,0,0,0,0,0,0.000,0.000,0.000000,0.000000,0.000000,0.000000,-0.000000
30,B1,0,0.000000,0,0,0,0,0,0,0,0,0,0.000,0.000,0.000000,0.000000,0.000000,0.000000,-0.000000
30,B2,0,0.000000,0,0,0,0,0,0,0,0,0,0.000,0.000,0.000000,0.000000,0.000000,0.000000,-0.000000
30,C0,0,0.000000,0,0,0,0,0,0,0,0,0,0.000,0.000,0.000000,0.000000,0.000000,0.000000,-0.000000
30,C1,1,0.010000,0,0,0,0,0,0,0,0,0,0.000,0.000,0.000000,0.000000,0.000000,0.010000,-0.010000
30,C2,1,0.010000,0,0,0,0,0,0,0,0,0,0.000,0.000,0.000000,0.000000,0.000000,0.010000,-0.010000
35,A0,0,0.000000,0,0,0,0,0,0,0,0,0,0.000,0.000,0.000000,0.000000,0.000000,0.000000,-0.000000
35,A1,0,0.000000,0,0,0,0,0,0,0,0,0,0.000,0.000,0.000000,0.000000,0.000000,0.000000,-0.000000
35,A2,1,0.010000,0,0,0,0,0,0,0,0,0,0.000,0.000,0.000000,0.000000,0.000000,0.010000,-0.010000
35,B0,0,0.000000,0,0,0,0,0,0,0,0,0,0.000,0.000,0.000000,0.000000,0.000000,0.000000,-0.000000
35,B1,0,0.000000,0,0,0,0,0,0,0,0,0,0.000,0.000,0.000000,0.000000,0.000000,0.000000,-0.000000
35,B2,0,0.000000,0,0,0,0,0,0,0,0,0,0.000,0.000,0.000000,0.000000,0.000000,0.000000,-0.000000
35,C0,0,0.000000,0,0,0,0,0,0,0,0,0,0.000,0.000,0.000000,0.000000,0.000000,0.000000,-0.000000
35,C1,2,0.020000,0,0,0,0,0,0,0,0,0,0.000,0.000,0.000000,0.000000,0.000000,0.020000,-0.020000
35,C2,1,0.010000,0,0,0,0,0,0,0,0,0,0.000,0.000,0.000000,0.000000,0.000000,0.010000,-0.010000
40,A0,0,0.000000,0,0,0,0,0,0,0,0,0,0.000,0.000,0.000000,0.000000,0.000000,0.000000,-0.000000
40,A1,0,0.000000,0,0,0,0,0,0,0,0,0,0.000,0.000,0.000000,0.000000,0.000000,0.000000,-0.000000
40,A2,1,0.010000,0,0,0,0,0,0,0,0,0,0.000,0.000,0.000000,0.000000,0.000000,0.010000,-0.010000
40,B0,0,0.000000,0,0,0,0,0,0,0,0,0,0.000,0.000,0.000000,0.000000,0.000000,0.000000,-0.000000
40,B1,0,0.000000,0,0,0,0,0,0,0,0,0,0.000,0.000,0.000000,0.000000,0.000000,0.000000,-0.000000
40,B2,0,0.000000,0,0,0,0,0,0,0,0,0,0.000,0.000,0.000000,0.000000,0.000000,0.000000,-0.000000
40,C0,0,0.000000,0,0,0,0,0,0,0,0,0,0.000,0.000,0.000000,0.000000,0.000000,0.000000,-0.000000
40,C1,2,0.020000,0,0,0,0,0,0,0,0,0,0.000,0.000,0.000000,0.000000,0.000000,0.020000,-0.020000
40,C2,1,0.010000,0,0,0,0,0,0,0,0,0,0.000,0.000,0.000000,0.000000,0.000000,0.010000,-0.010000
45,A0,0,0.000000,0,0,0,0,0,0,0,0,0,0.000,0.000,0.000000,0.000000,0.000000,0.000000,-0.000000
45,A1,1,0.010000,0,0,0,0,0,0,0,0,0,0.000,0.000,0.000000,0.000000,0.000000,0.010000,-0.010000
45,A2,1,0.010000,0,0,0,0,0,0,0,0,0,0.000,0.000,0.000000,0.000000,0.000000,0.010000,-0.010000
45,B0,0,0.000000,0,0,0,0,0,0,0,0,0,0.000,0.000,0.000000,0.000000,0.000000,0.000000,-0.000000
45,B1,0,0.000000,0,0,0,0,0,0,0,0,0,0.000,0.000,0.000000,0.000000,0.000000,0.000000,-0.000000
45,B2,0,0.000000,0,0,0,0,0,0,0,0,0,0.000,0.000,0.000000,0.000000,0.000000,0.000000,-0.000000
45,C0,0,0.000000,0,0,0,0,0,0,0,0,0,0.000,0.000,0.000000,0.000000,0.000000,0.000000,-0.000000
45,C1,2,0.020000,0,0,0,0,0,0,0,0,0,0.000,0.000,0.000000,0.000000,0.000000,0.020000,-0.020000
45,C2,1,0.010000,0,0,0,0,0,0,0,0,0,0.000,0.000,0.000000,0.000000,0.000000,0.010000,-0.010000
50,A0,0,0.000000,0,0,0,0,0,0,0,0,0,0.000,0.000,0.000000,0.000000,0.000000,0.000000,-0.000000
50,A1,0,0.000000,0,0,0,0,0,0,0,0,0,0.000,0.000,0.000000,0.000000,0.000000,0.000000,-0.000000
50,A2,1,0.010000,0,0,0,0,0,0,0,0,0,0.000,0.000,0.000000,0.000000,0.000000,0.010000,-0.010000
50,B0,0,0.000000,0,0,0,0,0,0,0,0,0,0.000,0.000,0.000000,0.000000,0.000000,0.000000,-0.000000
50,B1,0,0.000000,0,0,0,0,0,0,0,0,0,0.000,0.000,0.000000,0.000000,0.000000,0.000000,-0.000000
50,B2,0,0.000000,0,0,0,0,0,0,0,0,0,0.000,0.000,0.000000,0.000000,0.000000,0.000000,-0.000000
50,C0,0,0.000000,0,0,0,0,0,0,0,0,0,0.000,0.000,0.000000,0.000000,0.000000,0.000000,-0.000000
50,C1,0,0.000000,0,0,0,0,0,0,0,0,0,0.000,0.000,0.000000,0.000000,0.000000,0.000000,-0.000000
50,C2,0,0.000000,0,0,0,0,0,0,0,0,0,0.000,0.000,0.000000,0.000000,0.000000,0.000000,-0.000000
55,A0,1,0.010000,0,0,0,0,0,0,0,0,0,0.000,0.000,0.000000,0.000000,0.000000,0.010000,-0.010000
55,A1,2,0.020000,0,0,0,0,0,0,0,0,0,0.000,0.000,0.000000,0.000000,0.000000,0.020000,-0.020000
55,A2,1,0.010000,0,0,0,0,0,0,0,0,0,0.000,0.000,0.000000,0.000000,0.000000,0.010000,-0.010000
55,B0,1,0.010000,0,0,0,0,0,0,0,0,0,0.000,0.000,0.000000,0.000000,0.000000,0.010000,-0.010000
55,B1,1,0.010000,0,0,0,0,0,0,0,0,0,0.000,0.000,0.000000,0.000000,0.000000,0.010000,-0.010000
55,B2,0,0.000000,0,0,0,0,0,0,0,0,0,0.000,0.000,0.000000,0.000000,0.000000,0.000000,-0.000000
55,C0,1,0.010000,0,0,0,0,0,0,0,0,0,0.000,0.000,0.000000,0.000000,0.000000,0.010000,-0.010000
55,C1,0,0.000000,0,0,0,0,0,0,0,0,0,0.000,0.000,0.000000,0.000000,0.000000,0.000000,-0.000000
55,C2,0,0.000000,0,0,0,0,0,0,0,0,0,0.000,0.000,0.000000,0.000000,0.000000,0.000000,-0.000000
60,A0,1,0.010000,0,0,0,0,0,0,0,0,0,0.000,0.000,0.000000,0.000000,0.000000,0.010000,-0.010000
60,A1,3,0.030000,0,0,0,0,0,0,0,0,0,0.000,0.000,0.000000,0.000000,0.000000,0.030000,-0.030000
60,A2,1,0.010000,0,0,0,0,0,0,0,0,0,0.000,0.000,0.000000,0.000000,0.000000,0.010000,-0.010000
60,B0,2,0.020000,0,0,0,0,0,0,0,0,0,0.000,0.000,0.000000,0.000000,0.000000,0.020000,-0.020000
60,B1,1,0.010000,0,0,0,0,0,0,0,0,0,0.000,0.000,0.000000,0.000000,0.000000,0.010000,-0.010000
60,B2,0,0.000000,0,0,0,0,0,0,0,0,0,0.000,0.000,0.000000,0.000000,0.000000,0.000000,-0.000000
60,C0,1,0.010000,0,0,0,0,0,0,0,0,0,0.000,0.000,0.000000,0.000000,0.000000,0.010000,-0.010000
60,C1,0,0.000000,0,0,0,0,0,0,0,0,0,0.000,0.000,0.000000,0.000000,0.000000,0.000000,-0.000000
60,C2,0,0.000000,0,0,0,0,0,0,0,0,0,0.000,0.000,0.000000,0.000000,0.000000,0.000000,-0.000000
65,A0,1,0.010000,0,0,0,0,0,0,0,0,0,0.000,0.000,0.000000,0.000000,0.000000,0.010000,-0.010000
65,A1,4,0.040000,0,0,0,0,0,0,0,0,0,0.000,0.000,0.000000,0.000000,0.000000,0.040000,-0.040000
65,A2,1,0.010000,0,0,0,0,0,0,0,0,0,0.000,0.000,0.000000,0.000000,0.000000,0.010000,-0.010000
65,B0,3,0.030000,0,0,0,0,0,0,0,0,0,0.000,0.000,0.000000,0.000000,0.000000,0.030000,-0.030000
65,B1,1,0.010000,0,0,0,0,0,0,0,0,0,0.000,0.000,0.000000,0.000000,0.000000,0.010000,-0.010000
65,B2,0,0.000000,0,0,0,0,0,0,0,0,0,0.000,0.000,0.000000,0.000000,0.000000,0.000000,-0.000000
65,C0,1,0.010000,0,0,0,0,0,0,0,0,0,0.000,0.000,0.000000,0.000000,0.000000,0.010000,-0.010000
65,C1,0,0.000000,0,0,0,0,0,0,0,0,0,0.000,0.000,0.000000,0.000000,0.000000,0.000000,-0.000000
65,C2,0,0.000000,0,0,0,0,0,0,0,0,0,0.000,0.000,0.000000,0.000000,0.000000,0.000000,-0.000000
70,A0,1,0.010000,0,0,0,0,0,0,0,0,0,0.000,0.000,0.000000,0.000000,0.000000,0.010000,-0.010000
70,A1,4,0.040000,0,0,0,0,0,0,0,0,0,0.000,0.000,0.000000,0.000000,0.000000,0.040000,-0.040000
70,A2,1,0.010000,0,0,0,0,0,0,0,0,0,0.000,0.000,0.000000,0.000000,0.000000,0.010000,-0.010000
70,B0,3,0.030000,0,0,0,0,0,0,0,0,0,0.000,0.000,0.000000,0.000000,0.000000,0.030000,-0.030000
70,B1,1,0.010000,0,0,0,0,0,0,0,0,0,0.000,0.000,0.000000,0.000000,0.000000,0.010000,-0.010000
70,B2,1,0.010000,0,0,0,0,0,0,0,0,0,0.000,0.000,0.000000,0.000000,0.000000,0.010000,-0.010000
70,C0,1,0.010000,0,0,0,0,0,0,0,0,0,0.000,0.000,0.000000,0.000000,0.000000,0.010000,-0.010000
70,C1,2,0.020000,0,0,0,0,0,0,0,0,0,0.000,0.000,0.000000,0.000000,0.000000,0.020000,-0.020000
70,C2,1,0.010000,0,0,0,0,0,0,0,0,0,0.000,0.000,0.000000,0.000000,0.000000,0.010000,-0.010000
75,A0,1,0.010000,0,0,0,0,0,0,0,0,0,0.000,0.000,0.000000,0.000000,0.000000,0.010000,-0.010000
75,A1,4,0.040000,0,0,0,0,0,0,0,0,0,0.000,0.000,0.000000,0.000000,0.000000,0.040000,-0.040000
75,A2,1,0.010000,0,0,0,0,0,0,0,0,0,0.000,0.000,0.000000,0.000000,0.000000,0.010000,-0.010000
75,B0,3,0.030000,0,0,0,0,0,0,0,0,0,0.000,0.000,0.000000,0.000000,0.000000,0.030000,-0.030000
75,B1,1,0.010000,0,0,0,0,0,0,0,0,0,0.000,0.000,0.000000,0.000000,0.000000,0.010000,-0.010000
75,B2,1,0.010000,0,0,0,0,0,0,0,0,0,0.000,0.000,0.000000,0.000000,0.000000,0.010000,-0.010000
75,C0,3,0.030000,0,0,0,0,0,0,0,0,0,0.000,0.000,0.000000,0.000000,0.000000,0.030000,-0.030000
75,C1,2,0.020000,0,0,0,0,0,0,0,0,0,0.000,0.000,0.000000,0.000000,0.000000,0.020000,-0.020000
75,C2,1,0.010000,0,0,0,0,0,0,0,0,0,0.000,0.000,0.000000,0.000000,0.000000,0.010000,-0.010000
80,A0,1,0.010000,0,0,0,0,0,0,0,0,0,0.000,0.000,0.000000,0.000000,0.000000,0.010000,-0.010000
80,A1,4,0.040000,0,0,0,0,0,0,0,0,0,0.000,0.000,0.000000,0.000000,0.000000,0.040000,-0.040000
80,A2,1,0.010000,0,0,0,0,0,0,0,0,0,0.000,0.000,0.000000,0.000000,0.000000,0.010000,-0.010000
80,B0,3,0.030000,0,0,0,0,0,0,0,0,0,0.000,0.000,0.000000,0.000000,0.000000,0.030000,-0.030000
80,B1,1,0.010000,0,0,0,0,0,0,0,0,0,0.000,0.000,0.000000,0.000000,0.000000,0.010000,-0.010000
80,B2,5,0.050000,0,0,0,0,0,0,0,0,0,0.000,0.000,0.000000,0.000000,0.000000,0.050000,-0.050000
80,C0,3,0.030000,0,0,0,0,0,0,0,0,0,0.000,0.000,0.000000,0.000000,0.000000,0.030000,-0.030000
80,C1,2,0.020000,0,0,0,0,0,0,0,0,0,0.000,0.000,0.000000,0.000000,0.000000,0.020000,-0.020000
80,C2,1,0.010000,0,0,0,0,0,0,0,0,0,0.000,0.000,0.000000,0.000000,0.000000,0.010000,-0.010000
85,A0,1,0.010000,0,0,0,0,0,0,0,0,0,0.000,0.000,0.000000,0.000000,0.000000,0.010000,-0.010000
85,A1,4,0.040000,0,0,0,0,0,0,0,0,0,0.000,0.000,0.000000,0.000000,0.000000,0.040000,-0.040000
85,A2,2,0.020000,0,0,0,0,0,0,0,0,0,0.000,0.000,0.000000,0.000000,0.000000,0.020000,-0.020000
85,B0,3,0.030000,0,0,0,0,0,0,0,0,0,0.000,0.000,0.000000,0.000000,0.000000,0.030000,-0.030000
85,B1,1,0.010000,0,0,0,0,0,0,0,0,0,0.000,0.000,0.000000,0.000000,0.000000,0.010000,-0.010000
85,B2,5,0.050000,0,0,0,0,0,0,0,0,0,0.000,0.000,0.000000,0.000000,0.000000,0.050000,-0.050000
85,C0,4,0.040000,0,0,0,0,0,0,0,0,0,0.000,0.000,0.000000,0.000000,0.000000,0.040000,-0.040000
85,C1,2,0.020000,0,0,0,0,0,0,0,0,0,0.000,0.000,0.000000,0.000000,0.000000,0.020000,-0.020000
85,C2,1,0.010000,0,0,0,0,0,0,0,0,0,0.000,0.000,0.000000,0.000000,0.000000,0.010000,-0.010000
90,A0,2,0.020000,0,0,0,0,0,0,0,0,0,0.000,0.000,0.000000,0.000000,0.000000,0.020000,-0.020000
90,A1,5,0.050000,0,0,0,0,0,0,0,0,0,0.000,0.000,0.000000,0.000000,0.000000,0.050000,-0.050000
90,A2,2,0.020000,0,0,0,0,0,0,0,0,0,0.000,0.000,0.000000,0.000000,0.000000,0.020000,-0.020000
90,B0,3,0.030000,0,0,0,0,0,0,0,0,0,0.000,0.000,0.000000,0.000000,0.000000,0.030000,-0.030000
90,B1,1,0.010000,0,0,0,0,0,0,0,0,0,0.000,0.000,0.000000,0.000000,0.000000,0.010000,-0.010000
90,B2,6,0.060000,0,0,0,0,0,0,0,0,0,0.000,0.000,0.000000,0.000000,0.000000,0.060000,-0.060000
90,C0,4,0.040000,0,0,0,0,0,0,0,0,0,0.000,0.000,0.000000,0.000000,0.000000,0.040000,-0.040000
90,C1,2,0.020000,0,0,0,0,0,0,0,0,0,0.000,0.000,0.000000,0.000000,0.000000,0.020000,-0.020000
90,C2,1,0.010000,0,0,0,0,0,0,0,0,0,0.000,0.000,0.000000,0.000000,0.000000,0.010000,-0.010000
95,A0,1,0.010000,0,0,0,0,0,0,0,0,0,0.000,0.000,0.000000,0.000000,0.000000,0.010000,-0.010000
95,A1,0,0.000000,0,0,0,0,0,0,0,0,0,0.000,0.000,0.000000,0.000000,0.000000,0.000000,-0.000000
95,A2,0,0.000000,0,0,0,0,0,0,0,0,0,0.000,0.000,0.000000,0.000000,0.000000,0.000000,-0.000000
95,B0,1,0.010000,0,0,0,0,0,0,0,0,0,0.000,0.000,0.000000,0.000000,0.000000,0.010000,-0.010000
95,B1,0,0.000000,0,0,0,0,0,0,0,0,0,0.000,0.000,0.000000,0.000000,0.000000,0.000000,-0.000000
95,B2,0,0.000000,0,0,0,0,0,0,0,0,0,0.000,0.000,0.000000,0.000000,0.000000,0.000000,-0.000000
95,C0,0,0.000000,0,0,0,0,0,0,0,0,0,0.000,0.000,0.000000,0.000000,0.000000,0.000000,-0.000000
95,C1,0,0.000000,0,0,0,0,0,0,0,0,0,0.000,0.000,0.000000,0.000000,0.000000,0.000000,-0.000000
95,C2,0,0.000000,0,0,0,0,0,0,0,0,0,0.000,0.000,0.000000,0.000000,0.000000,0.000000,-0.000000
100,A0,1,0.010000,0,0,0,0,0,0,0,0,0,0.000,0.000,0.000000,0.000000,0.000000,0.010000,-0.010000
100,A1,0,0.000000,0,0,0,0,0,0,0,0,0,0.000,0.000,0.000000,0.000000,0.000000,0.000000,-0.000000
100,A2,1,0.010000,0,0,0,0,0,0,0,0,0,0.000,0.000,0.000000,0.000000,0.000000,0.010000,-0.010000
100,B0,1,0.010000,0,0,0,0,0,0,0,0,0,0.000,0.000,0.000000,0.000000,0.000000,0.010000,-0.010000
100,B1,1,0.010000,0,0,0,0,0,0,0,0,0,0.000,0.000,0.000000,0.000000,0.000000,0.010000,-0.010000
100,B2,0,0.000000,0,0,0,0,0,0,0,0,0,0.000,0.000,0.000000,0.000000,0.000000,0.000000,-0.000000
100,C0,1,0.010000,0,0,0,0,0,0,0,0,0,0.000,0.000,0.000000,0.000000,0.000000,0.010000,-0.010000
100,C1,0,0.000000,0,0,0,0,0,0,0,0,0,0.000,0.000,0.000000,0.000000,0.000000,0.000000,-0.000000
100,C2,0,0.000000,0,0,0,0,0,0,0,0,0,0.000,0.000,0.000000,0.000000,0.000000,0.000000,-0.000000
105,A0,2,0.020000,0,0,0,0,0,0,0,0,0,0.000,0.000,0.000000,0.000000,0.000000,0.020000,-0.020000
105,A1,0,0.000000,0,0,0,0,0,0,0,0,0,0.000,0.000,0.000000,0.000000,0.000000,0.000000,-0.000000
105,A2,1,0.010000,0,0,0,0,0,0,0,0,0,0.000,0.000,0.000000,0.000000,0.000000,0.010000,-0.010000
105,B0,1,0.010000,0,0,0,0,0,0,0,0,0,0.000,0.000,0.000000,0.000000,0.000000,0.010000,-0.010000
105,B1,1,0.010000,0,0,0,0,0,0,0,0,0,0.000,0.000,0.000000,0.000000,0.000000,0.010000,-0.010000
105,B2,1,0.010000,0,0,0,0,0,0,0,0,0,0.000,0.000,0.000000,0.000000,0.000000,0.010000,-0.010000
105,C0,1,0.010000,0,0,0,0,0,0,0,0,0,0.000,0.000,0.000000,0.000000,0.000000,0.010000,-0.010000
105,C1,1,0.010000,0,0,0,0,0,0,0,0,0,0.000,0.000,0.000000,0.000000,0.000000,0.010000,-0.010000
105,C2,0,0.000000,0,0,0,0,0,0,0,0,0,0.000,0.000,0.000000,0.000000,0.000000,0.000000,-0.000000
110,A0,2,0.020000,0,0,0,0,0,0,0,0,0,0.000,0.000,0.000000,0.000000,0.000000,0.020000,-0.020000
110,A1,0,0.000000,0,0,0,0,0,0,0,0,0,0.000,0.000,0.000000,0.000000,0.000000,0.000000,-0.000000
110,A2,1,0.010000,0,0,0,0,0,0,0,0,0,0.000,0.000,0.000000,0.000000,0.000000,0.010000,-0.010000
110,B0,1,0.010000,0,0,0,0,0,0,0,0,0,0.000,0.000,0.000000,0.000000,0.000000,0.010000,-0.010000
110,B1,1,0.010000,0,0,0,0,0,0,0,0,0,0.000,0.000,0.000000,0.000000,0.000000,0.010000,-0.010000
110,B2,1,0.010000,0,0,0,0,0,0,0,0,0,0.000,0.000,0.000000,0.000000,0.000000,0.010000,-0.010000
110,C0,1,0.010000,0,0,0,0,0,0,0,0,0,0.000,0.000,0.000000,0.000000,0.000000,0.010000,-0.010000
110,C1,1,0.010000,0,0,0,0,0,0,0,0,0,0.000,0.000,0.000000,0.000000,0.000000,0.010000,-0.010000
110,C2,0,0.000000,0,0,0,0,0,0,0,0,0,0.000,0.000,0.000000,0.000000,0.000000,0.000000,-0.000000
115,A0,2,0.020000,0,0,0,0,0,0,0,0,0,0.000,0.000,0.000000,0.000000,0.000000,0.020000,-0.020000
115,A1,0,0.000000,0,0,0,0,0,0,0,0,0,0.000,0.000,0.000000,0.000000,0.000000,0.000000,-0.000000
115,A2,1,0.010000,0,0,0,0,0,0,0,0,0,0.000,0.000,0.000000,0.000000,0.000000,0.010000,-0.010000
115,B0,2,0.020000,0,0,0,0,0,0,0,0,0,0.000,0.000,0.000000,0.000000,0.000000,0.020000,-0.020000
115,B1,1,0.010000,0,0,0,0,0,0,0,0,0,0.000,0.000,0.000000,0.000000,0.000000,0.010000,-0.010000
115,B2,2,0.020000,0,0,0,0,0,0,0,0,0,0.000,0.000,0.000000,0.000000,0.000000,0.020000,-0.020000
115,C0,1,0.010000,0,0,0,0,0,0,0,0,0,0.000,0.000,0.000000,0.000000,0.000000,0.010000,-0.010000
115,C1,2,0.020000,0,0,0,0,0,0,0,0,0,0.000,0.000,0.000000,0.000000,0.000000,0.020000,-0.020000
115,C2,0,0.000000,0,0,0,0,0,0,0,0,0,0.000,0.000,0.000000,0.000000,0.000000,0.000000,-0.000000
120,A0,3,0.030000,0,0,0,0,0,0,0,0,0,0.000,0.000,0.000000,0.000000,0.000000,0.030000,-0.030000
120,A1,0,0.000000,0,0,0,0,0,0,0,0,0,0.000,0.000,0.000000,0.000000,0.000000,0.000000,-0.000000
120,A2,2,0.020000,0,0,0,0,0,0,0,0,0,0.000,0.000,0.000000,0.000000,0.000000,0.020000,-0.020000
120,B0,3,0.030000,0,0,0,0,0,0,0,0,0,0.000,0.000,0.000000,0.000000,0.000000,0.030000,-0.030000
120,B1,1,0.010000,0,0,0,0,0,0,0,0,0,0.000,0.000,0.000000,0.000000,0.000000,0.010000,-0.010000
120,B2,2,0.020000,0,0,0,0,0,0,0,0,0,0.000,0.000,0.000000,0.000000,0.000000,0.020000,-0.020000
120,C0,1,0.010000,0,0,0,0,0,0,0,0,0,0.000,0.000,0.000000,0.000000,0.000000,0.010000,-0.010000
120,C1,2,0.020000,0,0,0,0,0,0,0,0,0,0.000,0.000,0.000000,0.000000,0.000000,0.020000,-0.020000
120,C2,0,0.000000,0,0,0,0,0,0,0,0,0,0.000,0.000,0.000000,0.000000,0.000000,0.000000,-0.000000
125,A0,4,0.040000,0,0,0,0,0,0,0,0,0,0.000,0.000,0.000000,0.000000,0.000000,0.040000,-0.040000
125,A1,0,0.000000,0,0,0,0,0,0,0,0,0,0.000,0.000,0.000000,0.000000,0.000000,0.000000,-0.000000
125,A2,4,0.040000,0,0,0,0,0,0,0,0,0,0.000,0.000,0.000000,0.000000,0.000000,0.040000,-0.040000
125,B0,3,0.030000,0,0,0,0,0,0,0,0,0,0.000,0.000,0.000000,0.000000,0.000000,0.030000,-0.030000
125,B1,1,0.010000,0,0,0,0,0,0,0,0,0,0.000,0.000,0.000000,0.000000,0.000000,0.010000,-0.010000
125,B2,2,0.020000,0,0,0,0,0,0,0,0,0,0.000,0.000,0.000000,0.000000,0.000000,0.020000,-0.020000
125,C0,1,0.010000,0,0,0,0,0,0,0,0,0,0.000,0.000,0.000000,0.000000,0.000000,0.010000,-0.010000
125,C1,2,0.020000,0,0,0,0,0,0,0,0,0,0.000,0.000,0.000000,0.000000,0.000000,0.020000,-0.020000
125,C2,0,0.000000,0,0,0,0,0,0,0,0,0,0.000,0.000,0.000000,0.000000,0.000000,0.000000,-0.000000
130,A0,4,0.040000,0,0,0,0,0,0,0,0,0,0.000,0.000,0.000000,0.000000,0.000000,0.040000,-0.040000
130,A1,1,0.010000,0,0,0,0,0,0,0,0,0,0.000,0.000,0.000000,0.000000,0.000000,0.010000,-0.010000
130,A2,5,0.050000,0,0,0,0,0,0,0,0,0,0.000,0.000,0.000000,0.000000,0.000000,0.050000,-0.050000
130,B0,3,0.030000,0,0,0,0,0,0,0,0,0,0.000,0.000,0.000000,0.000000,0.000000,0.030000,-0.030000
130,B1,2,0.020000,0,0,0,0,0,0,0,0,0,0.000,0.000,0.000000,0.000000,0.000000,0.020000,-0.020000
130,B2,2,0.020000,0,0,0,0,0,0,0,0,0,0.000,0.000,0.000000,0.000000,0.000000,0.020000,-0.020000
130,C0,1,0.010000,0,0,0,0,0,0,0,0,0,0.000,0.000,0.000000,0.000000,0.000000,0.010000,-0.010000
130,C1,3,0.030000,0,0,0,0,0,0,0,0,0,0.000,0.000,0.000000,0.000000,0.000000,0.030000,-0.030000
130,C2,0,0.000000,0,0,0,0,0,0,0,0,0,0.000,0.000,0.000000,0.000000,0.000000,0.000000,-0.000000
135,A0,4,0.040000,0,0,0,0,0,0,0,0,0,0.000,0.000,0.000000,0.000000,0.000000,0.040000,-0.040000
135,A1,2,0.020000,0,0,0,0,0,0,0,0,0,0.000,0.000,0.000000,0.000000,0.000000,0.020000,-0.020000
135,A2,5,0.050000,0,0,0,0,0,0,0,0,0,0.000,0.000,0.000000,0.000000,0.000000,0.050000,-0.050000
135,B0,4,0.040000,0,0,0,0,0,0,0,0,0,0.000,0.000,0.000000,0.000000,0.000000,0.040000,-0.040000
135,B1,2,0.020000,0,0,0,0,0,0,0,0,0,0.000,0.000,0.000000,0.000000,0.000000,0.020000,-0.020000
135,B2,2,0.020000,0,0,0,0,0,0,0,0,0,0.000,0.000,0.000000,0.000000,0.000000,0.020000,-0.020000
135,C0,1,0.010000,0,0,0,0,0,0,0,0,0,0.000,0.000,0.000000,0.000000,0.000000,0.010000,-0.010000
135,C1,3,0.030000,0,0,0,0,0,0,0,0,0,0.000,0.000,0.000000,0.000000,0.000000,0.030000,-0.030000
135,C2,0,0.000000,0,0,0,0,0,0,0,0,0,0.000,0.000,0.000000,0.000000,0.000000,0.000000,-0.000000
140,A0,0,0.000000,0,0,0,0,0,0,0,0,0,0.000,0.000,0.000000,0.000000,0.000000,0.000000,-0.000000
140,A1,0,0.000000,0,0,0,0,0,0,0,0,0,0.000,0.000,0.000000,0.000000,0.000000,0.000000,-0.000000
140,A2,0,0.000000,0,0,0,0,0,0,0,0,0,0.000,0.000,0.000000,0.000000,0.000000,0.000000,-0.000000
140,B0,1,0.010000,0,0,0,0,0,0,0,0,0,0.000,0.000,0.000000,0.000000,0.000000,0.010000,-0.010000
140,B1,1,0.010000,0,0,0,0,0,0,0,0,0,0.000,0.000,0.000000,0.000000,0.000000,0.010000,-0.010000
140,B2,1,0.010000,0,0,0,0,0,0,0,0,0,0.000,0.000,0.000000,0.000000,0.000000,0.010000,-0.010000
140,C0,0,0.000000,0,0,0,0,0,0,0,0,0,0.000,0.000,0.000000,0.000000,0.000000,0.000000,-0.000000
140,C1,1,0.010000,0,0,0,0,0,0,0,0,0,0.000,0.000,0.000000,0.000000,0.000000,0.010000,-0.010000
140,C2,0,0.000000,0,0,0,0,0,0,0,0,0,0.000,0.000,0.000000,0.000000,0.000000,0.000000,-0.000000
145,A0,1,0.010000,0,0,0,0,0,0,0,0,0,0.000,0.000,0.000000,0.000000,0.000000,0.010000,-0.010000
145,A1,0,0.000000,0,0,0,0,0,0,0,0,0,0.000,0.000,0.000000,0.000000,0.000000,0.000000,-0.000000
145,A2,1,0.010000,0,0,0,0,0,0,0,0,0,0.000,0.000,0.000000,0.000000,0.000000,0.010000,-0.010000
145,B0,1,0.010000,0,0,0,0,0,0,0,0,0,0.000,0.000,0.000000,0.000000,0.000000,0.010000,-0.010000
145,B1,1,0.010000,0,0,0,0,0,0,0,0,0,0.000,0.000,0.000000,0.000000,0.000000,0.010000,-0.010000
145,B2,1,0.010000,0,0,0,0,0,0,0,0,0,0.000,0.000,0.000000,0.000000,0.000000,0.010000,-0.010000
145,C0,1,0.010000,0,0,0,0,0,0,0,0,0,0.000,0.000,0.000000,0.000000,0.000000,0.010000,-0.010000
145,C1,1,0.010000,0,0,0,0,0,0,0,0,0,0.000,0.000,0.000000,0.000000,0.000000,0.010000,-0.010000
145,C2,0,0.000000,0,0,0,0,0,0,0,0,0,0.000,0.000,0.000000,0.000000,0.000000,0.000000,-0.000000
150,A0,1,0.010000,0,0,0,0,0,0,0,0,0,0.000,0.000,0.000000,0.000000,0.000000,0.010000,-0.010000
150,A1,0,0.000000,0,0,0,0,0,0,0,0,0,0.000,0.000,0.000000,0.000000,0.000000,0.000000,-0.000000
150,A2,3,0.030000,0,0,0,0,0,0,0,0,0,0.000,0.000,0.000000,0.000000,0.000000,0.030000,-0.030000
150,B0,1,0.010000,0,0,0,0,0,0,0,0,0,0.000,0.000,0.000000,0.000000,0.000000,0.010000,-0.010000
150,B1,1,0.010000,0,0,0,0,0,0,0,0,0,0.000,0.000,0.000000,0.000000,0.000000,0.010000,-0.010000
150,B2,1,0.010000,0,1,0,0,0,1,0,0,5,0.000,12.981,0.000000,3.149065,3.149065,3.159065,-3.159065
150,C0,2,0.020000,0,0,0,0,0,0,0,0,0,0.000,0.000,0.000000,0.000000,0.000000,0.020000,-0.020000
150,C1,2,0.020000,0,0,0,0,0,0,0,0,0,0.000,0.000,0.000000,0.000000,0.000000,0.020000,-0.020000
150,C2,2,0.020000,0,0,0,0,0,0,0,0,0,0.000,0.000,0.000000,0.000000,0.000000,0.020000,-0.020000
155,A0,1,0.010000,0,0,0,0,0,0,0,0,0,0.000,0.000,0.000000,0.000000,0.000000,0.010000,-0.010000
155,A1,0,0.000000,0,0,0,0,0,0,0,0,0,0.000,0.000,0.000000,0.000000,0.000000,0.000000,-0.000000
155,A2,3,0.030000,0,0,0,0,0,0,0,0,0,0.000,0.000,0.000000,0.000000,0.000000,0.030000,-0.030000
155,B0,1,0.010000,0,0,0,0,0,0,0,0,0,0.000,0.000,0.000000,0.000000,0.000000,0.010000,-0.010000
155,B1,1,0.010000,0,0,0,0,0,0,0,0,0,0.000,0.000,0.000000,0.000000,0.000000,0.010000,-0.010000
155,B2,2,0.020000,0,1,0,0,0,1,0,0,6,0.000,12.981,0.000000,3.778879,3.778879,3.798879,-3.798879
155,C0,3,0.030000,0,0,0,0,0,0,0,0,0,0.000,0.000,0.000000,0.000000,0.000000,0.030000,-0.030000
155,C1,2,0.020000,0,0,0,0,0,0,0,0,0,0.000,0.000,0.000000,0.000000,0.000000,0.020000,-0.020000
155,C2,2,0.020000,0,0,0,0,0,0,0,0,0,0.000,0.000,0.000000,0.000000,0.000000,0.020000,-0.020000
160,A0,1,0.010000,0,0,0,0,0,0,0,0,0,0.000,0.000,0.000000,0.000000,0.000000,0.010000,-0.010000
160,A1,0,0.000000,0,0,0,0,0,0,0,0,0,0.000,0.000,0.000000,0.000000,0.000000,0.000000,-0.000000
160,A2,3,0.030000,0,0,0,0,0,0,0,0,0,0.000,0.000,0.000000,0.000000,0.000000,0.030000,-0.030000
160,B0,1,0.010000,0,0,0,0,0,0,0,0,0,0.000,0.000,0.000000,0.000000,0.000000,0.010000,-0.010000
160,B1,1,0.010000,0,0,0,0,0,0,0,0,0,0.000,0.000,0.000000,0.000000,0.000000,0.010000,-0.010000
160,B2,2,0.020000,0,1,0,0,0,1,0,0,4,0.000,12.981,0.000000,2.519252,2.519252,2.539252,-2.539252
160,C0,4,0.040000,0,0,0,0,0,0,0,0,0,0.000,0.000,0.000000,0.000000,0.000000,0.040000,-0.040000
160,C1,2,0.020000,0,0,0,0,0,0,0,0,0,0.000,0.000,0.000000,0.000000,0.000000,0.020000,-0.020000
160,C2,2,0.020000,0,0,0,0,0,0,0,0,0,0.000,0.000,0.000000,0.000000,0.000000,0.020000,-0.020000
165,A0,1,0.010000,0,0,0,0,0,0,0,0,0,0.000,0.000,0.000000,0.000000,0.000000,0.010000,-0.010000
165,A1,1,0.010000,0,0,0,0,0,0,0,0,0,0.000,0.000,0.000000,0.000000,0.000000,0.010000,-0.010000
165,A2,3,0.030000,0,0,0,0,0,0,0,0,0,0.000,0.000,0.000000,0.000000,0.000000,0.030000,-0.030000
165,B0,1,0.010000,0,0,0,0,0,0,0,0,0,0.000,0.000,0.000000,0.000000,0.000000,0.010000,-0.010000
165,B1,1,0.010000,0,0,0,0,0,0,0,0,0,0.000,0.000,0.000000,0.000000,0.000000,0.010000,-0.010000
165,B2,4,0.040000,0,1,0,0,0,1,0,0,2,0.000,12.981,0.000000,1.259626,1.259626,1.299626,-1.299626
165,C0,4,0.040000,0,0,0,0,0,0,0,0,0,0.000,0.000,0.000000,0.000000,0.000000,0.040000,-0.040000
165,C1,3,0.030000,0,0,0,0,0,0,0,0,0,0.000,0.000,0.000000,0.000000,0.000000,0.030000,-0.030000
165,C2,2,0.020000,0,0,0,0,0,0,0,0,0,0.000,0.000,0.000000,0.000000,0.000000,0.020000,-0.020000
170,A0,1,0.010000,0,0,0,0,0,0,0,0,0,0.000,0.000,0.000000,0.000000,0.000000,0.010000,-0.010000
170,A1,1,0.010000,0,0,0,0,0,0,0,0,0,0.000,0.000,0.000000,0.000000,0.000000,0.010000,-0.010000
170,A2,4,0.040000,0,0,0,0,0,0,0,0,0,0.000,0.000,0.000000,0.000000,0.000000,0.040000,-0.040000
170,B0,1,0.010000,0,0,0,0,0,0,0,0,0,0.000,0.000,0.000000,0.000000,0.000000,0.010000,-0.010000
170,B1,1,0.010000,0,0,0,0,0,0,0,0,0,0.000,0.000,0.000000,0.000000,0.000000,0.010000,-0.010000
170,B2,3,0.030000,0,1,0,0,0,1,0,0,2,0.000,12.981,0.000000,1.259626,1.259626,1.289626,-1.289626
170,C0,4,0.040000,0,0,0,0,0,0,0,0,0,0.000,0.000,0.000000,0.000000,0.000000,0.040000,-0.040000
170,C1,3,0.030000,0,0,0,0,0,0,0,0,0,0.000,0.000,0.000000,0.000000,0.000000,0.030000,-0.030000
170,C2,2,0.020000,0,0,0,0,0,0,0,0,0,0.000,0.000,0.000000,0.000000,0.000000,0.020000,-0.020000
175,A0,2,0.020000,0,0,0,0,0,0,0,0,0,0.000,0.000,0.000000,0.000000,0.000000,0.020000,-0.020000
175,A1,2,0.020000,0,0,0,0,0,0,0,0,0,0.000,0.000,0.000000,0.000000,0.000000,0.020000,-0.020000
175,A2,5,0.050000,0,0,0,0,0,0,0,0,0,0.000,0.000,0.000000,0.000000,0.000000,0.050000,-0.050000
175,B0,5,0.050000,0,0,0,0,0,0,0,0,0,0.000,0.000,0.000000,0.000000,0.000000,0.050000,-0.050000
175,B1,1,0.010000,0,0,0,0,0,0,0,0,0,0.000,0.000,0.000000,0.000000,0.000000,0.010000,-0.010000
175,B2,3,0.030000,0,0,0,0,0,0,1,0,0,0.000,0.000,0.000000,0.000000,0.000000,0.030000,-0.030000
175,C0,4,0.040000,0,0,0,0,0,0,0,0,0,0.000,0.000,0.000000,0.000000,0.000000,0.040000,-0.040000
175,C1,3,0.030000,0,0,0,0,0,0,0,0,0,0.000,0.000,0.000000,0.000000,0.000000,0.030000,-0.030000
175,C2,2,0.020000,0,0,0,0,0,0,0,0,0,0.000,0.000,0.000000,0.000000,0.000000,0.020000,-0.020000
180,A0,4,0.040000,0,0,0,0,0,0,0,0,0,0.000,0.000,0.000000,0.000000,0.000000,0.040000,-0.040000
180,A1,2,0.020000,0,0,0,0,0,0,0,0,0,0.000,0.000,0.000000,0.000000,0.000000,0.020000,-0.020000
180,A2,5,0.050000,0,0,0,0,0,0,1,0,0,0.000,0.000,0.000000,0.000000,0.000000,0.050000,-0.050000
180,B0,5,0.050000,0,0,0,0,0,0,0,0,0,0.000,0.000,0.000000,0.000000,0.000000,0.050000,-0.050000
180,B1,1,0.010000,0,0,0,0,0,0,0,0,0,0.000,0.000,0.000000,0.000000,0.000000,0.010000,-0.010000
180,B2,3,0.030000,0,0,0,0,0,0,1,0,0,0.000,0.000,0.000000,0.000000,0.000000,0.030000,-0.030000
180,C0,4,0.040000,0,0,0,0,0,0,0,0,0,0.000,0.000,0.000000,0.000000,0.000000,0.040000,-0.040000
180,C1,4,0.040000,0,0,0,0,0,0,0,0,0,0.000,0.000,0.000000,0.000000,0.000000,0.040000,-0.040000
180,C2,2,0.020000,0,0,0,0,0,0,0,0,0,0.000,0.000,0.000000,0.000000,0.000000,0.020000,-0.020000
185,A0,0,0.000000,0,0,0,0,0,0,0,0,0,0.000,0.000,0.000000,0.000000,0.000000,0.000000,-0.000000
185,A1,0,0.000000,0,0,0,0,0,0,0,0,0,0.000,0.000,0.000000,0.000000,0.000000,0.000000,-0.000000
185,A2,0,0.000000,0,0,0,0,0,0,0,0,0,0.000,0.000,0.000000,0.000000,0.000000,0.000000,-0.000000
185,B0,0,0.000000,0,0,0,0,0,0,0,0,0,0.000,0.000,0.000000,0.000000,0.000000,0.000000,-0.000000
185,B1,1,0.010000,0,0,0,0,0,0,0,0,0,0.000,0.000,0.000000,0.000000,0.000000,0.010000,-0.010000
185,B2,1,0.010000,0,0,0,0,0,0,0,0,0,0.000,0.000,0.000000,0.000000,0.000000,0.010000,-0.010000
185,C0,0,0.000000,0,0,0,0,0,0,0,0,0,0.000,0.000,0.000000,0.000000,0.000000,0.000000,-0.000000
185,C1,2,0.020000,0,0,0,0,0,0,0,0,0,0.000,0.000,0.000000,0.000000,0.000000,0.020000,-0.020000
185,C2,0,0.000000,0,0,0,0,0,0,0,0,0,0.000,0.000,0.000000,0.000000,0.000000,0.000000,-0.000000
190,A0,1,0.010000,0,0,0,0,0,0,0,0,0,0.000,0.000,0.000000,0.000000,0.000000,0.010000,-0.010000
190,A1,0,0.000000,0,0,0,0,0,0,0,0,0,0.000,0.000,0.000000,0.000000,0.000000,0.000000,-0.000000
190,A2,1,0.010000,0,0,0,0,0,0,0,0,0,0.000,0.000,0.000000,0.000000,0.000000,0.010000,-0.010000
190,B0,0,0.000000,0,0,0,0,0,0,0,0,0,0.000,0.000,0.000000,0.000000,0.000000,0.000000,-0.000000
190,B1,1,0.010000,0,0,0,0,0,0,0,0,0,0.000,0.000,0.000000,0.000000,0.000000,0.010000,-0.010000
190,B2,1,0.010000,0,0,0,0,0,0,0,0,0,0.000,0.000,0.000000,0.000000,0.000000,0.010000,-0.010000
190,C0,1,0.010000,0,0,0,0,0,0,0,0,0,0.000,0.000,0.000000,0.000000,0.000000,0.010000,-0.010000
190,C1,2,0.020000,0,0,0,0,0,0,0,0,0,0.000,0.000,0.000000,0.000000,0.000000,0.020000,-0.020000
190,C2,0,0.000000,0,0,0,0,0,0,0,0,0,0.000,0.000,0.000000,0.000000,0.000000,0.000000,-0.000000
195,A0,2,0.020000,0,0,0,0,0,0,0,0,0,0.000,0.000,0.000000,0.000000,0.000000,0.020000,-0.020000
195,A1,0,0.000000,0,0,0,0,0,0,0,0,0,0.000,0.000,0.000000,0.000000,0.000000,0.000000,-0.000000
195,A2,2,0.020000,0,0,0,0,0,0,0,0,0,0.000,0.000,0.000000,0.000000,0.000000,0.020000,-0.020000
195,B0,0,0.000000,0,0,0,0,0,0,0,0,0,0.000,0.000,0.000000,0.000000,0.000000,0.000000,-0.000000
195,B1,1,0.010000,0,0,0,0,0,0,0,0,0,0.000,0.000,0.000000,0.000000,0.000000,0.010000,-0.010000
195,B2,2,0.020000,0,0,0,0,0,0,0,0,0,0.000,0.000,0.000000,0.000000,0.000000,0.020000,-0.020000
195,C0,1,0.010000,0,0,0,0,0,0,0,0,0,0.000,0.000,0.000000,0.000000,0.000000,0.010000,-0.010000
195,C1,2,0.020000,0,0,0,0,0,0,0,0,0,0.000,0.000,0.000000,0.000000,0.000000,0.020000,-0.020000
195,C2,1,0.010000,0,0,0,0,0,0,0,0,0,0.000,0.000,0.000000,0.000000,0.000000,0.010000,-0.010000
200,A0,3,0.030000,0,0,0,0,0,0,0,0,0,0.000,0.000,0.000000,0.000000,0.000000,0.030000,-0.030000
200,A1,1,0.010000,0,0,0,0,0,0,0,0,0,0.000,0.000,0.000000,0.000000,0.000000,0.010000,-0.010000
200,A2,2,0.020000,0,0,0,0,0,0,0,0,0,0.000,0.000,0.000000,0.000000,0.000000,0.020000,-0.020000
200,B0,0,0.000000,0,0,0,0,0,0,0,0,0,0.000,0.000,0.000000,0.000000,0.000000,0.000000,-0.000000
200,B1,2,0.020000,0,0,0,0,0,0,0,0,0,0.000,0.000,0.000000,0.000000,0.000000,0.020000,-0.020000
200,B2,3,0.030000,0,0,0,0,0,0,0,0,0,0.000,0.000,0.000000,0.000000,0.000000,0.030000,-0.030000
200,C0,1,0.010000,0,0,0,0,0,0,0,0,0,0.000,0.000,0.000000,0.000000,0.000000,0.010000,-0.010000
200,C1,2,0.020000,0,0,0,0,0,0,0,0,0,0.000,0.000,0.000000,0.000000,0.000000,0.020000,-0.020000
200,C2,1,0.010000,0,0,0,0,0,0,0,0,0,0.000,0.000,0.000000,0.000000,0.000000,0.010000,-0.010000
205,A0,3,0.030000,0,0,0,0,0,0,0,0,0,0.000,0.000,0.000000,0.000000,0.000000,0.030000,-0.030000
205,A1,1,0.010000,0,0,0,0,0,0,0,0,0,0.000,0.000,0.000000,0.000000,0.000000,0.010000,-0.010000
205,A2,2,0.020000,0,0,0,0,0,0,0,0,0,0.000,0.000,0.000000,0.000000,0.000000,0.020000,-0.020000
205,B0,1,0.010000,0,0,0,0,0,0,0,0,0,0.000,0.000,0.000000,0.000000,0.000000,0.010000,-0.010000
205,B1,2,0.020000,0,0,0,0,0,0,0,0,0,0.000,0.000,0.000000,0.000000,0.000000,0.020000,-0.020000
205,B2,3,0.030000,0,0,0,0,0,0,0,0,0,0.000,0.000,0.000000,0.000000,0.000000,0.030000,-0.030000
205,C0,1,0.010000,0,0,0,0,0,0,0,0,0,0.000,0.000,0.000000,0.000000,0.000000,0.010000,-0.010000
205,C1,2,0.020000,0,0,0,0,0,0,0,0,0,0.000,0.000,0.000000,0.000000,0.000000,0.020000,-0.020000
205,C2,1,0.010000,0,0,0,0,0,0,0,0,0,0.000,0.000,0.000000,0.000000,0.000000,0.010000,-0.010000
210,A0,4,0.040000,0,0,0,0,0,0,0,0,0,0.000,0.000,0.000000,0.000000,0.000000,0.040000,-0.040000
210,A1,1,0.010000,0,0,0,0,0,0,0,0,0,0.000,0.000,0.000000,0.000000,0.000000,0.010000,-0.010000
210,A2,2,0.020000,0,0,0,0,0,0,0,0,0,0.000,0.000,0.000000,0.000000,0.000000,0.020000,-0.020000
210,B0,3,0.030000,0,0,0,0,0,0,0,0,0,0.000,0.000,0.000000,0.000000,0.000000,0.030000,-0.030000
210,B1,2,0.020000,0,0,0,0,0,0,0,0,0,0.000,0.000,0.000000,0.000000,0.000000,0.020000,-0.020000
210,B2,3,0.030000,0,0,0,0,0,0,0,0,0,0.000,0.000,0.000000,0.000000,0.000000,0.030000,-0.030000
210,C0,1,0.010000,0,0,0,0,0,0,0,0,0,0.000,0.000,0.000000,0.000000,0.000000,0.010000,-0.010000
210,C1,4,0.040000,0,0,0,0,0,0,0,0,0,0.000,0.000,0.000000,0.000000,0.000000,0.040000,-0.040000
210,C2,1,0.010000,0,0,0,0,0,0,0,0,0,0.000,0.000,0.000000,0.000000,0.000000,0.010000,-0.010000
215,A0,4,0.040000,0,0,0,0,0,0,0,0,0,0.000,0.000,0.000000,0.000000,0.000000,0.040000,-0.040000
215,A1,1,0.010000,0,0,0,0,0,0,0,0,0,0.000,0.000,0.000000,0.000000,0.000000,0.010000,-0.010000
215,A2,2,0.020000,0,0,0,0,0,0,0,0,0,0.000,0.000,0.000000,0.000000,0.000000,0.020000,-0.020000
215,B0,4,0.040000,0,0,0,0,0,0,0,0,0,0.000,0.000,0.000000,0.000000,0.000000,0.040000,-0.040000
215,B1,2,0.020000,0,0,0,0,0,0,0,0,0,0.000,0.000,0.000000,0.000000,0.000000,0.020000,-0.020000
215,B2,4,0.040000,0,0,0,0,0,0,0,0,0,0.000,0.000,0.000000,0.000000,0.000000,0.040000,-0.040000
215,C0,1,0.010000,0,0,0,0,0,0,0,0,0,0.000,0.000,0.000000,0.000000,0.000000,0.010000,-0.010000
215,C1,6,0.060000,0,0,0,0,0,0,0,0,0,0.000,0.000,0.000000,0.000000,0.000000,0.060000,-0.060000
215,C2,1,0.010000,0,0,0,0,0,0,0,0,0,0.000,0.000,0.000000,0.000000,0.000000,0.010000,-0.010000
220,A0,5,0.050000,0,0,0,0,0,0,0,0,0,0.000,0.000,0.000000,0.000000,0.000000,0.050000,-0.050000
220,A1,1,0.010000,0,0,0,0,0,0,0,0,0,0.000,0.000,0.000000,0.000000,0.000000,0.010000,-0.010000
220,A2,2,0.020000,0,0,0,0,0,0,0,0,0,0.000,0.000,0.000000,0.000000,0.000000,0.020000,-0.020000
220,B0,4,0.040000,0,0,0,0,0,0,0,0,0,0.000,0.000,0.000000,0.000000,0.000000,0.040000,-0.040000
220,B1,2,0.020000,0,0,0,0,0,0,0,0,0,0.000,0.000,0.000000,0.000000,0.000000,0.020000,-0.020000
220,B2,4,0.040000,0,0,0,0,0,0,0,0,0,0.000,0.000,0.000000,0.000000,0.000000,0.040000,-0.040000
220,C0,1,0.010000,0,0,0,0,0,0,0,0,0,0.000,0.000,0.000000,0.000000,0.000000,0.010000,-0.010000
220,C1,7,0.070000,0,0,0,0,0,0,0,0,0,0.000,0.000,0.000000,0.000000,0.000000,0.070000,-0.070000
220,C2,2,0.020000,0,0,0,0,0,0,0,0,0,0.000,0.000,0.000000,0.000000,0.000000,0.020000,-0.020000
225,A0,5,0.050000,0,0,0,0,0,0,0,0,0,0.000,0.000,0.000000,0.000000,0.000000,0.050000,-0.050000
225,A1,2,0.020000,0,0,0,0,0,0,0,0,0,0.000,0.000,0.000000,0.000000,0.000000,0.020000,-0.020000
225,A2,3,0.030000,0,0,0,0,0,0,0,0,0,0.000,0.000,0.000000,0.000000,0.000000,0.030000,-0.030000
225,B0,4,0.040000,0,0,0,0,0,0,0,0,0,0.000,0.000,0.000000,0.000000,0.000000,0.040000,-0.040000
225,B1,2,0.020000,0,0,0,0,0,0,0,0,0,0.000,0.000,0.000000,0.000000,0.000000,0.020000,-0.020000
225,B2,5,0.050000,0,0,0,0,0,0,0,0,0,0.000,0.000,0.000000,0.000000,0.000000,0.050000,-0.050000
225,C0,1,0.010000,0,0,0,0,0,0,0,0,0,0.000,0.000,0.000000,0.000000,0.000000,0.010000,-0.010000
225,C1,8,0.080000,0,0,0,0,0,0,0,0,0,0.000,0.000,0.000000,0.000000,0.000000,0.080000,-0.080000
225,C2,3,0.030000,0,0,0,0,0,0,1,0,0,0.000,0.000,0.000000,0.000000,0.000000,0.030000,-0.030000
230,A0,0,0.000000,0,0,0,1,0,1,0,0,6,0.000,12.981,0.000000,3.778879,3.778879,3.778879,-3.778879
230,A1,0,0.000000,0,0,0,0,0,0,0,0,0,0.000,0.000,0.000000,0.000000,0.000000,0.000000,-0.000000
230,A2,0,0.000000,0,0,0,0,0,0,0,0,0,0.000,0.000,0.000000,0.000000,0.000000,0.000000,-0.000000
230,B0,0,0.000000,0,0,0,0,0,0,0,0,0,0.000,0.000,0.000000,0.000000,0.000000,0.000000,-0.000000
230,B1,0,0.000000,0,0,0,0,0,0,0,0,0,0.000,0.000,0.000000,0.000000,0.000000,0.000000,-0.000000
230,B2,0,0.000000,0,0,0,0,0,0,0,0,0,0.000,0.000,0.000000,0.000000,0.000000,0.000000,-0.000000
230,C0,0,0.000000,0,0,0,0,0,0,0,0,0,0.000,0.000,0.000000,0.000000,0.000000,0.000000,-0.000000
230,C1,0,0.000000,0,0,0,0,0,0,0,0,0,0.000,0.000,0.000000,0.000000,0.000000,0.000000,-0.000000
230,C2,0,0.000000,0,0,0,0,0,0,0,0,0,0.000,0.000,0.000000,0.000000,0.000000,0.000000,-0.000000
235,A0,2,0.020000,0,0,0,1,0,1,0,0,6,0.000,12.981,0.000000,3.778879,3.778879,3.798879,-3.798879
235,A1,0,0.000000,0,0,0,0,0,0,0,0,0,0.000,0.000,0.000000,0.000000,0.000000,0.000000,-0.000000
235,A2,0,0.000000,0,1,0,0,0,1,0,0,1,0.000,12.981,0.000000,0.629813,0.629813,0.629813,-0.629813
235,B0,1,0.010000,0,0,0,0,0,0,0,0,0,0.000,0.000,0.000000,0.000000,0.000000,0.010000,-0.010000
235,B1,0,0.000000,0,0,0,0,0,0,0,0,0,0.000,0.000,0.000000,0.000000,0.000000,0.000000,-0.000000
235,B2,0,0.000000,0,0,0,0,0,0,0,0,0,0.000,0.000,0.000000,0.000000,0.000000,0.000000,-0.000000
235,C0,0,0.000000,0,0,0,0,0,0,0,0,0,0.000,0.000,0.000000,0.000000,0.000000,0.000000,-0.000000
235,C1,0,0.000000,0,0,0,0,0,0,0,0,0,0.000,0.000,0.000000,0.000000,0.000000,0.000000,-0.000000
235,C2,0,0.000000,0,0,0,0,0,0,0,0,0,0.000,0.000,0.000000,0.000000,0.000000,0.000000,-0.000000
240,A0,1,0.010000,0,0,0,1,0,1,0,0,6,0.000,12.981,0.000000,3.778879,3.778879,3.788879,-3.788879
240,A1,1,0.010000,0,0,0,0,0,0,0,0,0,0.000,0.000,0.000000,0.000000,0.000000,0.010000,-0.010000
240,A2,1,0.010000,0,2,0,0,0,2,0,0,1,0.000,12.981,0.000000,0.629813,0.629813,0.639813,-0.639813
240,B0,2,0.020000,0,0,0,0,0,0,0,0,0,0.000,0.000,0.000000,0.000000,0.000000,0.020000,-0.020000
240,B1,2,0.020000,0,0,0,0,0,0,0,0,0,0.000,0.000,0.000000,0.000000,0.000000,0.020000,-0.020000
240,B2,0,0.000000,0,0,0,0,0,0,0,0,0,0.000,0.000,0.000000,0.000000,0.000000,0.000000,-0.000000
240,C0,0,0.000000,0,1,0,0,0,1,0,0,1,0.000,12.981,0.000000,0.629813,0.629813,0.629813,-0.629813
240,C1,0,0.000000,0,0,0,0,0,0,0,0,0,0.000,0.000,0.000000,0.000000,0.000000,0.000000,-0.000000
240,C2,0,0.000000,0,0,0,0,0,0,0,0,0,0.000,0.000,0.000000,0.000000,0.000000,0.000000,-0.000000
245,A0,1,0.010000,0,0,0,1,0,1,0,0,5,0.000,12.981,0.000000,3.149065,3.149065,3.159065,-3.159065
245,A1,1,0.010000,0,0,0,0,0,0,0,0,0,0.000,0.000,0.000000,0.000000,0.000000,0.010000,-0.010000
245,A2,2,0.020000,0,2,0,0,0,2,0,0,0,0.000,12.981,0.000000,0.000000,0.000000,0.020000,-0.020000
245,B0,2,0.020000,0,0,0,0,0,0,0,0,0,0.000,0.000,0.000000,0.000000,0.000000,0.020000,-0.020000
245,B1,2,0.020000,0,0,0,0,0,0,0,0,0,0.000,0.000,0.000000,0.000000,0.000000,0.020000,-0.020000
245,B2,1,0.010000,0,0,0,0,0,0,0,0,0,0.000,0.000,0.000000,0.000000,0.000000,0.010000,-0.010000
245,C0,3,0.030000,0,1,0,1,0,2,0,0,1,0.000,12.981,0.000000,0.629813,0.629813,0.659813,-0.659813
245,C1,0,0.000000,0,1,0,0,0,1,0,0,2,0.000,12.981,0.000000,1.259626,1.259626,1.259626,-1.259626
245,C2,0,0.000000,0,0,0,0,0,0,0,0,0,0.000,0.000,0.000000,0.000000,0.000000,0.000000,-0.000000
250,A0,1,0.010000,0,0,0,1,0,1,0,0,2,0.000,12.981,0.000000,1.259626,1.259626,1.269626,-1.269626
250,A1,1,0.010000,0,0,0,0,0,0,0,0,0,0.000,0.000,0.000000,0.000000,0.000000,0.010000,-0.010000
250,A2,3,0.030000,0,2,0,0,0,2,0,0,1,0.000,12.981,0.000000,0.629813,0.629813,0.659813,-0.659813
250,B0,3,0.030000,0,0,0,1,0,1,0,0,0,0.000,12.981,0.000000,0.000000,0.000000,0.030000,-0.030000
250,B1,2,0.020000,0,0,0,0,0,0,0,0,0,0.000,0.000,0.000000,0.000000,0.000000,0.020000,-0.020000
250,B2,1,0.010000,0,0,0,0,0,0,0,0,0,0.000,0.000,0.000000,0.000000,0.000000,0.010000,-0.010000
250,C0,2,0.020000,0,1,0,1,0,2,0,0,1,0.000,12.981,0.000000,0.629813,0.629813,0.649813,-0.649813
250,C1,1,0.010000,0,1,0,0,0,1,0,0,0,0.000,12.981,0.000000,0.000000,0.000000,0.010000,-0.010000
250,C2,0,0.000000,0,0,0,0,0,0,0,0,0,0.000,0.000,0.000000,0.000000,0.000000,0.000000,-0.000000
255,A0,1,0.010000,0,0,0,1,0,1,0,0,1,0.000,12.981,0.000000,0.629813,0.629813,0.639813,-0.639813
255,A1,2,0.020000,0,0,0,0,0,0,0,0,0,0.000,0.000,0.000000,0.000000,0.000000,0.020000,-0.020000
255,A2,3,0.030000,0,2,0,0,0,2,0,0,1,0.000,12.981,0.000000,0.629813,0.629813,0.659813,-0.659813
255,B0,3,0.030000,0,0,0,1,0,1,0,0,0,0.000,12.981,0.000000,0.000000,0.000000,0.030000,-0.030000
255,B1,3,0.030000,0,0,0,0,0,0,0,0,0,0.000,0.000,0.000000,0.000000,0.000000,0.030000,-0.030000
255,B2,1,0.010000,0,0,0,0,0,0,0,0,0,0.000,0.000,0.000000,0.000000,0.000000,0.010000,-0.010000
255,C0,2,0.020000,0,1,0,1,0,2,0,0,2,0.000,12.981,0.000000,1.259626,1.259626,1.279626,-1.279626
255,C1,1,0.010000,0,1,0,0,0,1,0,0,1,0.000,12.981,0.000000,0.629813,0.629813,0.639813,-0.639813
255,C2,2,0.020000,0,0,0,0,0,0,0,0,0,0.000,0.000,0.000000,0.000000,0.000000,0.020000,-0.020000
260,A0,2,0.020000,0,0,0,1,0,1,0,0,1,0.000,12.981,0.000000,0.629813,0.629813,0.649813,-0.649813
260,A1,3,0.030000,0,0,0,0,0,0,0,0,0,0.000,0.000,0.000000,0.000000,0.000000,0.030000,-0.030000
260,A2,5,0.050000,0,2,0,0,0,2,0,0,1,0.000,12.981,0.000000,0.629813,0.629813,0.679813,-0.679813
260,B0,3,0.030000,0,0,0,1,0,1,0,0,1,0.000,12.981,0.000000,0.629813,0.629813,0.659813,-0.659813
260,B1,3,0.030000,0,0,0,0,0,0,0,0,0,0.000,0.000,0.000000,0.000000,0.000000,0.030000,-0.030000
260,B2,1,0.010000,0,0,0,0,0,0,0,0,0,0.000,0.000,0.000000,0.000000,0.000000,0.010000,-0.010000
260,C0,2,0.020000,0,1,0,1,0,2,0,0,2,0.000,12.981,0.000000,1.259626,1.259626,1.279626,-1.279626
260,C1,1,0.010000,0,1,0,0,0,1,0,0,1,0.000,12.981,0.000000,0.629813,0.629813,0.639813,-0.639813
260,C2,2,0.020000,0,0,0,0,0,0,0,0,0,0.000,0.000,0.000000,0.000000,0.000000,0.020000,-0.020000
265,A0,3,0.030000,0,0,0,0,0,0,1,0,0,0.000,0.000,0.000000,0.000000,0.000000,0.030000,-0.030000
265,A1,3,0.030000,0,0,0,0,0,0,0,0,0,0.000,0.000,0.000000,0.000000,0.000000,0.030000,-0.030000
265,A2,6,0.060000,0,0,0,0,0,0,2,0,0,0.000,0.000,0.000000,0.000000,0.000000,0.060000,-0.060000
265,B0,3,0.030000,0,0,0,0,0,0,2,0,0,0.000,0.000,0.000000,0.000000,0.000000,0.030000,-0.030000
265,B1,4,0.040000,0,0,0,0,0,0,0,0,0,0.000,0.000,0.000000,0.000000,0.000000,0.040000,-0.040000
265,B2,2,0.020000,0,0,0,0,0,0,0,0,0,0.000,0.000,0.000000,0.000000,0.000000,0.020000,-0.020000
265,C0,4,0.040000,0,0,0,0,0,0,2,0,0,0.000,0.000,0.000000,0.000000,0.000000,0.040000,-0.040000
265,C1,1,0.010000,0,0,0,0,0,0,1,0,0,0.000,0.000,0.000000,0.000000,0.000000,0.010000,-0.010000
265,C2,2,0.020000,0,0,0,0,0,0,0,0,0,0.000,0.000,0.000000,0.000000,0.000000,0.020000,-0.020000
270,A0,3,0.030000,0,0,0,0,0,0,1,0,0,0.000,0.000,0.000000,0.000000,0.000000,0.030000,-0.030000
270,A1,4,0.040000,0,0,0,0,0,0,0,0,0,0.000,0.000,0.000000,0.000000,0.000000,0.040000,-0.040000
270,A2,6,0.060000,0,0,0,0,0,0,2,0,0,0.000,0.000,0.000000,0.000000,0.000000,0.060000,-0.060000
270,B0,3,0.030000,0,0,0,0,0,0,2,0,0,0.000,0.000,0.000000,0.000000,0.000000,0.030000,-0.030000
270,B1,5,0.050000,0,0,0,0,0,0,0,0,0,0.000,0.000,0.000000,0.000000,0.000000,0.050000,-0.050000
270,B2,2,0.020000,0,0,0,0,0,0,0,0,0,0.000,0.000,0.000000,0.000000,0.000000,0.020000,-0.020000
270,C0,4,0.040000,0,0,0,0,0,0,3,0,0,0.000,0.000,0.000000,0.000000,0.000000,0.040000,-0.040000
270,C1,1,0.010000,0,0,0,0,0,0,1,0,0,0.000,0.000,0.000000,0.000000,0.000000,0.010000,-0.010000
270,C2,3,0.030000,0,0,0,0,0,0,1,0,0,0.000,0.000,0.000000,0.000000,0.000000,0.030000,-0.030000
275,A0,0,0.000000,0,0,0,0,0,0,0,0,0,0.000,0.000,0.000000,0.000000,0.000000,0.000000,-0.000000
275,A1,1,0.010000,0,0,0,0,0,0,0,0,0,0.000,0.000,0.000000,0.000000,0.000000,0.010000,-0.010000
275,A2,0,0.000000,0,0,0,0,0,0,0,0,0,0.000,0.000,0.000000,0.000000,0.000000,0.000000,-0.000000
275,B0,0,0.000000,0,0,0,0,0,0,0,0,0,0.000,0.000,0.000000,0.000000,0.000000,0.000000,-0.000000
275,B1,0,0.000000,0,0,0,0,0,0,0,0,0,0.000,0.000,0.000000,0.000000,0.000000,0.000000,-0.000000
275,B2,0,0.000000,0,0,0,0,0,0,0,0,0,0.000,0.000,0.000000,0.000000,0.000000,0.000000,-0.000000
275,C0,0,0.000000,0,0,0,0,0,0,0,0,0,0.000,0.000,0.000000,0.000000,0.000000,0.000000,-0.000000
275,C1,1,0.010000,0,0,0,0,0,0,0,0,0,0.000,0.000,0.000000,0.000000,0.000000,0.010000,-0.010000
275,C2,0,0.000000,0,0,0,0,0,0,0,0,0,0.000,0.000,0.000000,0.000000,0.000000,0.000000,-0.000000
280,A0,0,0.000000,0,0,0,0,0,0,0,0,0,0.000,0.000,0.000000,0.000000,0.000000,0.000000,-0.000000
280,A1,2,0.020000,0,0,0,0,0,0,0,0,0,0.000,0.000,0.000000,0.000000,0.000000,0.020000,-0.020000
280,A2,0,0.000000,0,0,0,0,0,0,0,0,0,0.000,0.000,0.000000,0.000000,0.000000,0.000000,-0.000000
280,B0,1,0.010000,0,0,0,0,0,0,0,0,0,0.000,0.000,0.000000,0.000000,0.000000,0.010000,-0.010000
280,B1,0,0.000000,0,0,0,0,0,0,0,0,0,0.000,0.000,0.000000,0.000000,0.000000,0.000000,-0.000000
280,B2,0,0.000000,0,0,0,0,0,0,0,0,0,0.000,0.000,0.000000,0.000000,0.000000,0.000000,-0.000000
280,C0,0,0.000000,1,0,0,0,1,0,0,1,0,12.981,0.000,0.629813,0.000000,0.629813,0.629813,-0.629813
280,C1,2,0.020000,0,0,0,0,0,0,0,0,0,0.000,0.000,0.000000,0.000000,0.000000,0.020000,-0.020000
280,C2,1,0.010000,0,0,0,0,0,0,0,0,0,0.000,0.000,0.000000,0.000000,0.000000,0.010000,-0.010000
285,A0,0,0.000000,0,0,0,0,0,0,0,0,0,0.000,0.000,0.000000,0.000000,0.000000,0.000000,-0.000000
285,A1,3,0.030000,0,0,0,0,0,0,0,0,0,0.000,0.000,0.000000,0.000000,0.000000,0.030000,-0.030000
285,A2,0,0.000000,0,0,0,0,0,0,0,0,0,0.000,0.000,0.000000,0.000000,0.000000,0.000000,-0.000000
285,B0,1,0.010000,0,0,0,0,0,0,0,0,0,0.000,0.000,0.000000,0.000000,0.000000,0.010000,-0.010000
285,B1,0,0.000000,0,0,0,0,0,0,0,0,0,0.000,0.000,0.000000,0.000000,0.000000,0.000000,-0.000000
285,B2,0,0.000000,0,0,0,0,0,0,0,0,0,0.000,0.000,0.000000,0.000000,0.000000,0.000000,-0.000000
285,C0,0,0.000000,1,0,0,0,1,0,0,1,0,12.981,0.000,0.629813,0.000000,0.629813,0.629813,-0.629813
285,C1,3,0.030000,0,0,0,0,0,0,0,0,0,0.000,0.000,0.000000,0.000000,0.000000,0.030000,-0.030000
285,C2,1,0.010000,0,0,0,0,0,0,0,0,0,0.000,0.000,0.000000,0.000000,0.000000,0.010000,-0.010000
290,A0,1,0.010000,0,0,0,0,0,0,0,0,0,0.000,0.000,0.000000,0.000000,0.000000,0.010000,-0.010000
290,A1,3,0.030000,0,0,0,0,0,0,0,0,0,0.000,0.000,0.000000,0.000000,0.000000,0.030000,-0.030000
290,A2,0,0.000000,0,0,0,0,0,0,0,0,0,0.000,0.000,0.000000,0.000000,0.000000,0.000000,-0.000000
290,B0,1,0.010000,0,0,0,0,0,0,0,0,0,0.000,0.000,0.000000,0.000000,0.000000,0.010000,-0.010000
290,B1,0,0.000000,0,0,0,0,0,0,0,0,0,0.000,0.000,0.000000,0.000000,0.000000,0.000000,-0.000000
290,B2,0,0.000000,0,0,0,0,0,0,0,0,0,0.000,0.000,0.000000,0.000000,0.000000,0.000000,-0.000000
290,C0,0,0.000000,1,0,0,0,1,0,0,1,0,12.981,0.000,0.629813,0.000000,0.629813,0.629813,-0.629813
290,C1,3,0.030000,0,0,0,0,0,0,0,0,0,0.000,0.000,0.000000,0.000000,0.000000,0.030000,-0.030000
290,C2,2,0.020000,0,0,0,0,0,0,0,0,0,0.000,0.000,0.000000,0.000000,0.000000,0.020000,-0.020000
295,A0,2,0.020000,0,0,0,0,0,0,0,0,0,0.000,0.000,0.000000,0.000000,0.000000,0.020000,-0.020000
295,A1,4,0.040000,0,0,0,0,0,0,0,0,0,0.000,0.000,0.000000,0.000000,0.000000,0.040000,-0.040000
295,A2,0,0.000000,0,0,0,0,0,0,0,0,0,0.000,0.000,0.000000,0.000000,0.000000,0.000000,-0.000000
295,B0,2,0.020000,0,0,0,0,0,0,0,0,0,0.000,0.000,0.000000,0.000000,0.000000,0.020000,-0.020000
295,B1,1,0.010000,0,0,0,0,0,0,0,0,0,0.000,0.000,0.000000,0.000000,0.000000,0.010000,-0.010000
295,B2,2,0.020000,0,0,0,0,0,0,0,0,0,0.000,0.000,0.000000,0.000000,0.000000,0.020000,-0.020000
295,C0,1,0.010000,1,0,0,0,1,0,0,0,0,12.981,0.000,0.000000,0.000000,0.000000,0.010000,-0.010000
295,C1,5,0.050000,0,0,0,0,0,0,0,0,0,0.000,0.000,0.000000,0.000000,0.000000,0.050000,-0.050000
295,C2,3,0.030000,0,0,0,0,0,0,0,0,0,0.000,0.000,0.000000,0.000000,0.000000,0.030000,-0.030000
300,A0,4,0.040000,0,0,0,0,0,0,0,0,0,0.000,0.000,0.000000,0.000000,0.000000,0.040000,-0.040000
300,A1,5,0.050000,0,0,0,0,0,0,0,0,0,0.000,0.000,0.000000,0.000000,0.000000,0.050000,-0.050000
300,A2,0,0.000000,0,0,0,0,0,0,0,0,0,0.000,0.000,0.000000,0.000000,0.000000,0.000000,-0.000000
300,B0,2,0.020000,0,0,0,0,0,0,0,0,0,0.000,0.000,0.000000,0.000000,0.000000,0.020000,-0.020000
300,B1,1,0.010000,0,0,0,0,0,0,0,0,0,0.000,0.000,0.000000,0.000000,0.000000,0.010000,-0.010000
300,B2,3,0.030000,0,0,0,0,0,0,0,0,0,0.000,0.000,0.000000,0.000000,0.000000,0.030000,-0.030000
300,C0,1,0.010000,1,0,0,0,1,0,0,0,0,12.981,0.000,0.000000,0.000000,0.000000,0.010000,-0.010000
300,C1,5,0.050000,0,0,0,0,0,0,0,0,0,0.000,0.000,0.000000,0.000000,0.000000,0.050000,-0.050000
300,C2,4,0.040000,0,0,0,0,0,0,0,0,0,0.000,0.000,0.000000,0.000000,0.000000,0.040000,-0.040000
305,A0,4,0.040000,0,0,1,0,1,0,0,2,0,12.981,0.000,1.259626,0.000000,1.259626,1.299626,-1.299626
305,A1,5,0.050000,0,0,0,0,0,0,0,0,0,0.000,0.000,0.000000,0.000000,0.000000,0.050000,-0.050000
305,A2,0,0.000000,0,0,0,0,0,0,0,0,0,0.000,0.000,0.000000,0.000000,0.000000,0.000000,-0.000000
305,B0,3,0.030000,0,0,0,0,0,0,0,0,0,0.000,0.000,0.000000,0.000000,0.000000,0.030000,-0.030000
305,B1,1,0.010000,0,0,0,0,0,0,0,0,0,0.000,0.000,0.000000,0.000000,0.000000,0.010000,-0.010000
305,B2,5,0.050000,0,0,0,0,0,0,0,0,0,0.000,0.000,0.000000,0.000000,0.000000,0.050000,-0.050000
305,C0,1,0.010000,1,0,0,0,1,0,0,1,0,12.981,0.000,0.629813,0.000000,0.629813,0.639813,-0.639813
305,C1,5,0.050000,0,0,0,0,0,0,0,0,0,0.000,0.000,0.000000,0.000000,0.000000,0.050000,-0.050000
305,C2,4,0.040000,0,0,0,0,0,0,0,0,0,0.000,0.000,0.000000,0.000000,0.000000,0.040000,-0.040000
310,A0,6,0.060000,0,0,0,0,0,0,1,0,0,0.000,0.000,0.000000,0.000000,0.000000,0.060000,-0.060000
310,A1,6,0.060000,0,0,0,0,0,0,0,0,0,0.000,0.000,0.000000,0.000000,0.000000,0.060000,-0.060000
310,A2,0,0.000000,0,0,0,0,0,0,0,0,0,0.000,0.000,0.000000,0.000000,0.000000,0.000000,-0.000000
310,B0,3,0.030000,0,0,0,0,0,0,0,0,0,0.000,0.000,0.000000,0.000000,0.000000,0.030000,-0.030000
310,B1,1,0.010000,0,0,0,0,0,0,0,0,0,0.000,0.000,0.000000,0.000000,0.000000,0.010000,-0.010000
310,B2,6,0.060000,0,0,0,0,0,0,0,0,0,0.000,0.000,0.000000,0.000000,0.000000,0.060000,-0.060000
310,C0,1,0.010000,0,0,0,0,0,0,1,0,0,0.000,0.000,0.000000,0.000000,0.000000,0.010000,-0.010000
310,C1,5,0.050000,0,0,0,0,0,0,0,0,0,0.000,0.000,0.000000,0.000000,0.000000,0.050000,-0.050000
310,C2,4,0.040000,0,0,0,0,0,0,0,0,0,0.000,0.000,0.000000,0.000000,0.000000,0.040000,-0.040000
315,A0,6,0.060000,0,0,0,0,0,0,1,0,0,0.000,0.000,0.000000,0.000000,0.000000,0.060000,-0.060000
315,A1,6,0.060000,0,0,0,0,0,0,0,0,0,0.000,0.000,0.000000,0.000000,0.000000,0.060000,-0.060000
315,A2,1,0.010000,0,0,0,0,0,0,0,0,0,0.000,0.000,0.000000,0.000000,0.000000,0.010000,-0.010000
315,B0,3,0.030000,0,0,0,0,0,0,0,0,0,0.000,0.000,0.000000,0.000000,0.000000,0.030000,-0.030000
315,B1,1,0.010000,0,0,0,0,0,0,0,0,0,0.000,0.000,0.000000,0.000000,0.000000,0.010000,-0.010000
315,B2,7,0.070000,0,0,0,0,0,0,0,0,0,0.000,0.000,0.000000,0.000000,0.000000,0.070000,-0.070000
315,C0,1,0.010000,0,0,0,0,0,0,1,0,0,0.000,0.000,0.000000,0.000000,0.000000,0.010000,-0.010000
315,C1,5,0.050000,0,0,0,0,0,0,0,0,0,0.000,0.000,0.000000,0.000000,0.000000,0.050000,-0.050000
315,C2,4,0.040000,0,0,0,0,0,0,0,0,0,0.000,0.000,0.000000,0.000000,0.000000,0.040000,-0.040000
320,A0,0,0.000000,0,0,0,0,0,0,0,0,0,0.000,0.000,0.000000,0.000000,0.000000,0.000000,-0.000000
320,A1,0,0.000000,0,0,0,0,0,0,0,0,0,0.000,0.000,0.000000,0.000000,0.000000,0.000000,-0.000000
320,A2,0,0.000000,0,0,0,0,0,0,0,0,0,0.000,0.000,0.000000,0.000000,0.000000,0.000000,-0.000000
320,B0,1,0.010000,0,0,0,0,0,0,0,0,0,0.000,0.000,0.000000,0.000000,0.000000,0.010000,-0.010000
320,B1,1,0.010000,0,1,0,0,0,1,0,0,3,0.000,12.981,0.000000,1.889439,1.889439,1.899439,-1.899439
320,B2,0,0.000000,0,0,0,0,0,0,0,0,0,0.000,0.000,0.000000,0.000000,0.000000,0.000000,-0.000000
320,C0,0,0.000000,0,0,0,0,0,0,0,0,0,0.000,0.000,0.000000,0.000000,0.000000,0.000000,-0.000000
320,C1,0,0.000000,0,0,0,0,0,0,0,0,0,0.000,0.000,0.000000,0.000000,0.000000,0.000000,-0.000000
320,C2,0,0.000000,0,0,0,0,0,0,0,0,0,0.000,0.000,0.000000,0.000000,0.000000,0.000000,-0.000000
325,A0,0,0.000000,0,0,0,0,0,0,0,0,0,0.000,0.000,0.000000,0.000000,0.000000,0.000000,-0.000000
325,A1,1,0.010000,0,0,0,0,0,0,0,0,0,0.000,0.000,0.000000,0.000000,0.000000,0.010000,-0.010000
325,A2,1,0.010000,0,0,0,0,0,0,0,0,0,0.000,0.000,0.000000,0.000000,0.000000,0.010000,-0.010000
325,B0,1,0.010000,0,0,0,0,0,0,0,0,0,0.000,0.000,0.000000,0.000000,0.000000,0.010000,-0.010000
325,B1,1,0.010000,0,1,0,0,0,1,0,0,5,0.000,12.981,0.000000,3.149065,3.149065,3.159065,-3.159065
325,B2,0,0.000000,0,0,0,0,0,0,0,0,0,0.000,0.000,0.000000,0.000000,0.000000,0.000000,-0.000000
325,C0,1,0.010000,0,0,0,0,0,0,0,0,0,0.000,0.000,0.000000,0.000000,0.000000,0.010000,-0.010000
325,C1,0,0.000000,0,0,0,0,0,0,0,0,0,0.000,0.000,0.000000,0.000000,0.000000,0.000000,-0.000000
325,C2,0,0.000000,0,0,0,0,0,0,0,0,0,0.000,0.000,0.000000,0.000000,0.000000,0.000000,-0.000000
330,A0,0,0.000000,0,0,0,0,0,0,0,0,0,0.000,0.000,0.000000,0.000000,0.000000,0.000000,-0.000000
330,A1,2,0.020000,0,0,0,0,0,0,0,0,0,0.000,0.000,0.000000,0.000000,0.000000,0.020000,-0.020000
330,A2,2,0.020000,0,0,0,0,0,0,0,0,0,0.000,0.000,0.000000,0.000000,0.000000,0.020000,-0.020000
330,B0,1,0.010000,0,0,0,0,0,0,0,0,0,0.000,0.000,0.000000,0.000000,0.000000,0.010000,-0.010000
330,B1,1,0.010000,0,1,0,0,0,1,0,0,7,0.000,12.981,0.000000,4.408692,4.408692,4.418692,-4.418692
330,B2,1,0.010000,0,0,0,0,0,0,0,0,0,0.000,0.000,0.000000,0.000000,0.000000,0.010000,-0.010000
330,C0,2,0.020000,0,1,0,0,0,1,0,0,3,0.000,12.981,0.000000,1.889439,1.889439,1.909439,-1.909439
330,C1,1,0.010000,0,0,0,0,0,0,0,0,0,0.000,0.000,0.000000,0.000000,0.000000,0.010000,-0.010000
330,C2,0,0.000000,0,0,0,0,0,0,0,0,0,0.000,0.000,0.000000,0.000000,0.000000,0.000000,-0.000000
335,A0,0,0.000000,0,0,0,0,0,0,0,0,0,0.000,0.000,0.000000,0.000000,0.000000,0.000000,-0.000000
335,A1,2,0.020000,0,0,0,0,0,0,0,0,0,0.000,0.000,0.000000,0.000000,0.000000,0.020000,-0.020000
335,A2,3,0.030000,0,0,0,0,0,0,0,0,0,0.000,0.000,0.000000,0.000000,0.000000,0.030000,-0.030000
335,B0,1,0.010000,0,0,0,0,0,0,0,0,0,0.000,0.000,0.000000,0.000000,0.000000,0.010000,-0.010000
335,B1,1,0.010000,0,1,0,0,0,1,0,0,7,0.000,12.981,0.000000,4.408692,4.408692,4.418692,-4.418692
335,B2,1,0.010000,0,0,0,0,0,0,0,0,0,0.000,0.000,0.000000,0.000000,0.000000,0.010000,-0.010000
335,C0,3,0.030000,0,1,0,0,0,1,0,0,4,0.000,12.981,0.000000,2.519252,2.519252,2.549252,-2.549252
335,C1,1,0.010000,0,0,0,0,0,0,0,0,0,0.000,0.000,0.000000,0.000000,0.000000,0.010000,-0.010000
335,C2,0,0.000000,0,0,0,0,0,0,0,0,0,0.000,0.000,0.000000,0.000000,0.000000,0.000000,-0.000000
340,A0,0,0.000000,0,0,0,0,0,0,0,0,0,0.000,0.000,0.000000,0.000000,0.000000,0.000000,-0.000000
340,A1,3,0.030000,0,0,0,0,0,0,0,0,0,0.000,0.000,0.000000,0.000000,0.000000,0.030000,-0.030000
340,A2,3,0.030000,0,0,0,0,0,0,0,0,0,0.000,0.000,0.000000,0.000000,0.000000,0.030000,-0.030000
340,B0,1,0.010000,0,0,0,0,0,0,0,0,0,0.000,0.000,0.000000,0.000000,0.000000,0.010000,-0.010000
340,B1,1,0.010000,0,1,0,0,0,1,0,0,5,0.000,12.981,0.000000,3.149065,3.149065,3.159065,-3.159065
340,B2,1,0.010000,0,0,0,0,0,0,0,0,0,0.000,0.000,0.000000,0.000000,0.000000,0.010000,-0.010000
340,C0,3,0.030000,0,1,0,1,0,2,0,0,2,0.000,12.981,0.000000,1.259626,1.259626,1.289626,-1.289626
340,C1,2,0.020000,0,0,0,0,0,0,0,0,0,0.000,0.000,0.000000,0.000000,0.000000,0.020000,-0.020000
340,C2,0,0.000000,0,0,0,0,0,0,0,0,0,0.000,0.000,0.000000,0.000000,0.000000,0.000000,-0.000000
345,A0,1,0.010000,0,0,0,0,0,0,0,0,0,0.000,0.000,0.000000,0.000000,0.000000,0.010000,-0.010000
345,A1,4,0.040000,0,0,0,1,0,1,0,0,4,0.000,12.981,0.000000,2.519252,2.519252,2.559252,-2.559252
345,A2,5,0.050000,0,0,0,0,0,0,0,0,0,0.000,0.000,0.000000,0.000000,0.000000,0.050000,-0.050000
345,B0,1,0.010000,0,0,0,0,0,0,0,0,0,0.000,0.000,0.000000,0.000000,0.000000,0.010000,-0.010000
345,B1,1,0.010000,0,1,0,0,0,1,0,0,2,0.000,12.981,0.000000,1.259626,1.259626,1.269626,-1.269626
345,B2,1,0.010000,0,0,0,0,0,0,0,0,0,0.000,0.000,0.000000,0.000000,0.000000,0.010000,-0.010000
345,C0,4,0.040000,0,1,0,1,0,2,0,0,2,0.000,12.981,0.000000,1.259626,1.259626,1.299626,-1.299626
345,C1,2,0.020000,0,0,0,0,0,0,0,0,0,0.000,0.000,0.000000,0.000000,0.000000,0.020000,-0.020000
345,C2,0,0.000000,0,0,0,0,0,0,0,0,0,0.000,0.000,0.000000,0.000000,0.000000,0.000000,-0.000000
350,A0,1,0.010000,0,0,0,1,0,1,0,0,1,0.000,12.981,0.000000,0.629813,0.629813,0.639813,-0.639813
350,A1,4,0.040000,0,0,0,1,0,1,0,0,4,0.000,12.981,0.000000,2.519252,2.519252,2.559252,-2.559252
350,A2,5,0.050000,0,0,0,0,0,0,0,0,0,0.000,0.000,0.000000,0.000000,0.000000,0.050000,-0.050000
350,B0,1,0.010000,0,0,0,0,0,0,0,0,0,0.000,0.000,0.000000,0.000000,0.000000,0.010000,-0.010000
350,B1,1,0.010000,0,1,0,0,0,1,0,0,1,0.000,12.981,0.000000,0.629813,0.629813,0.639813,-0.639813
350,B2,2,0.020000,0,0,0,0,0,0,0,0,0,0.000,0.000,0.000000,0.000000,0.000000,0.020000,-0.020000
350,C0,4,0.040000,0,1,0,1,0,2,0,0,1,0.000,12.981,0.000000,0.629813,0.629813,0.669813,-0.669813
350,C1,2,0.020000,0,0,0,0,0,0,0,0,0,0.000,0.000,0.000000,0.000000,0.000000,0.020000,-0.020000
350,C2,0,0.000000,0,0,0,1,0,1,0,0,2,0.000,12.981,0.000000,1.259626,1.259626,1.259626,-1.259626
355,A0,2,0.020000,0,0,0,0,0,0,3,0,0,0.000,0.000,0.000000,0.000000,0.000000,0.020000,-0.020000
355,A1,4,0.040000,0,0,0,0,0,0,2,0,0,0.000,0.000,0.000000,0.000000,0.000000,0.040000,-0.040000
355,A2,5,0.050000,0,0,0,0,0,0,0,0,0,0.000,0.000,0.000000,0.000000,0.000000,0.050000,-0.050000
355,B0,1,0.010000,0,0,0,0,0,0,0,0,0,0.000,0.000,0.000000,0.000000,0.000000,0.010000,-0.010000
355,B1,1,0.010000,0,0,0,0,0,0,2,0,0,0.000,0.000,0.000000,0.000000,0.000000,0.010000,-0.010000
355,B2,4,0.040000,0,0,0,0,0,0,0,0,0,0.000,0.000,0.000000,0.000000,0.000000,0.040000,-0.040000
355,C0,5,0.050000,0,0,0,0,0,0,2,0,0,0.000,0.000,0.000000,0.000000,0.000000,0.050000,-0.050000
355,C1,2,0.020000,0,0,0,0,0,0,0,0,0,0.000,0.000,0.000000,0.000000,0.000000,0.020000,-0.020000
355,C2,0,0.000000,0,0,0,0,0,0,1,0,0,0.000,0.000,0.000000,0.000000,0.000000,0.000000,-0.000000
360,A0,2,0.020000,0,0,0,0,0,0,3,0,0,0.000,0.000,0.000000,0.000000,0.000000,0.020000,-0.020000
360,A1,4,0.040000,0,0,0,0,0,0,2,0,0,0.000,0.000,0.000000,0.000000,0.000000,0.040000,-0.040000
360,A2,5,0.050000,0,0,0,0,0,0,2,0,0,0.000,0.000,0.000000,0.000000,0.000000,0.050000,-0.050000
360,B0,1,0.010000,0,0,0,0,0,0,0,0,0,0.000,0.000,0.000000,0.000000,0.000000,0.010000,-0.010000
360,B1,2,0.020000,0,0,0,0,0,0,2,0,0,0.000,0.000,0.000000,0.000000,0.000000,0.020000,-0.020000
360,B2,5,0.050000,0,0,0,0,0,0,0,0,0,0.000,0.000,0.000000,0.000000,0.000000,0.050000,-0.050000
360,C0,5,0.050000,0,0,0,0,0,0,2,0,0,0.000,0.000,0.000000,0.000000,0.000000,0.050000,-0.050000
360,C1,3,0.030000,0,0,0,0,0,0,1,0,0,0.000,0.000,0.000000,0.000000,0.000000,0.030000,-0.030000
360,C2,0,0.000000,0,0,0,0,0,0,1,0,0,0.000,0.000,0.000000,0.000000,0.000000,0.000000,-0.000000
365,A0,0,0.000000,1,0,0,0,1,0,0,0,0,12.981,0.000,0.000000,0.000000,0.000000,0.000000,-0.000000
365,A1,1,0.010000,0,0,0,0,0,0,0,0,0,0.000,0.000,0.000000,0.000000,0.000000,0.010000,-0.010000
365,A2,1,0.010000,0,0,1,0,1,0,0,5,0,12.981,0.000,3.149065,0.000000,3.149065,3.159065,-3.159065
365,B0,1,0.010000,0,0,0,0,0,0,0,0,0,0.000,0.000,0.000000,0.000000,0.000000,0.010000,-0.010000
365,B1,0,0.000000,0,0,0,0,0,0,0,0,0,0.000,0.000,0.000000,0.000000,0.000000,0.000000,-0.000000
365,B2,1,0.010000,0,0,0,0,0,0,0,0,0,0.000,0.000,0.000000,0.000000,0.000000,0.010000,-0.010000
365,C0,0,0.000000,0,0,0,0,0,0,0,0,0,0.000,0.000,0.000000,0.000000,0.000000,0.000000,-0.000000
365,C1,0,0.000000,0,0,0,0,0,0,0,0,0,0.000,0.000,0.000000,0.000000,0.000000,0.000000,-0.000000
365,C2,1,0.010000,0,0,0,0,0,0,0,0,0,0.000,0.000,0.000000,0.000000,0.000000,0.010000,-0.010000
370,A0,0,0.000000,2,0,0,0,2,0,0,1,0,12.981,0.000,0.629813,0.000000,0.629813,0.629813,-0.629813
370,A1,5,0.050000,0,0,0,0,0,0,0,0,0,0.000,0.000,0.000000,0.000000,0.000000,0.050000,-0.050000
370,A2,1,0.010000,0,0,1,0,1,0,0,6,0,12.981,0.000,3.778879,0.000000,3.778879,3.788879,-3.788879
370,B0,1,0.010000,0,0,0,0,0,0,0,0,0,0.000,0.000,0.000000,0.000000,0.000000,0.010000,-0.010000
370,B1,1,0.010000,0,0,0,0,0,0,0,0,0,0.000,0.000,0.000000,0.000000,0.000000,0.010000,-0.010000
370,B2,1,0.010000,0,0,0,0,0,0,0,0,0,0.000,0.000,0.000000,0.000000,0.000000,0.010000,-0.010000
370,C0,0,0.000000,0,0,0,0,0,0,0,0,0,0.000,0.000,0.000000,0.000000,0.000000,0.000000,-0.000000
370,C1,0,0.000000,0,0,0,0,0,0,0,0,0,0.000,0.000,0.000000,0.000000,0.000000,0.000000,-0.000000
370,C2,2,0.020000,0,0,0,0,0,0,0,0,0,0.000,0.000,0.000000,0.000000,0.000000,0.020000,-0.020000
375,A0,0,0.000000,2,0,1,0,3,0,0,2,0,12.981,0.000,1.259626,0.000000,1.259626,1.259626,-1.259626
375,A1,5,0.050000,0,0,0,0,0,0,0,0,0,0.000,0.000,0.000000,0.000000,0.000000,0.050000,-0.050000
375,A2,3,0.030000,0,0,1,0,1,0,0,6,0,12.981,0.000,3.778879,0.000000,3.778879,3.808879,-3.808879
375,B0,2,0.020000,0,0,0,0,0,0,0,0,0,0.000,0.000,0.000000,0.000000,0.000000,0.020000,-0.020000
375,B1,1,0.010000,0,0,0,0,0,0,0,0,0,0.000,0.000,0.000000,0.000000,0.000000,0.010000,-0.010000
375,B2,1,0.010000,0,0,0,0,0,0,0,0,0,0.000,0.000,0.000000,0.000000,0.000000,0.010000,-0.010000
375,C0,0,0.000000,0,0,0,0,0,0,0,0,0,0.000,0.000,0.000000,0.000000,0.000000,0.000000,-0.000000
375,C1,0,0.000000,0,0,0,0,0,0,0,0,0,0.000,0.000,0.000000,0.000000,0.000000,0.000000,-0.000000
375,C2,2,0.020000,0,0,1,0,1,0,0,1,0,12.981,0.000,0.629813,0.000000,0.629813,0.649813,-0.649813
380,A0,0,0.000000,2,0,1,0,3,0,0,3,0,12.981,0.000,1.889439,0.000000,1.889439,1.889439,-1.889439
380,A1,5,0.050000,0,0,0,0,0,0,0,0,0,0.000,0.000,0.000000,0.000000,0.000000,0.050000,-0.050000
380,A2,4,0.040000,0,0,1,0,1,0,0,6,0,12.981,0.000,3.778879,0.000000,3.778879,3.818879,-3.818879
380,B0,2,0.020000,0,0,0,0,0,0,0,0,0,0.000,0.000,0.000000,0.000000,0.000000,0.020000,-0.020000
380,B1,1,0.010000,0,0,0,0,0,0,0,0,0,0.000,0.000,0.000000,0.000000,0.000000,0.010000,-0.010000
380,B2,1,0.010000,0,0,0,0,0,0,0,0,0,0.000,0.000,0.000000,0.000000,0.000000,0.010000,-0.010000
380,C0,0,0.000000,0,0,0,0,0,0,0,0,0,0.000,0.000,0.000000,0.000000,0.000000,0.000000,-0.000000
380,C1,0,0.000000,0,0,0,0,0,0,0,0,0,0.000,0.000,0.000000,0.000000,0.000000,0.000000,-0.000000
380,C2,2,0.020000,0,0,1,0,1,0,0,2,0,12.981,0.000,1.259626,0.000000,1.259626,1.279626,-1.279626
385,A0,0,0.000000,2,0,1,0,3,0,0,1,0,12.981,0.000,0.629813,0.000000,0.629813,0.629813,-0.629813
385,A1,8,0.080000,0,0,0,0,0,0,0,0,0,0.000,0.000,0.000000,0.000000,0.000000,0.080000,-0.080000
385,A2,4,0.040000,0,0,1,0,1,0,0,4,0,12.981,0.000,2.519252,0.000000,2.519252,2.559252,-2.559252
385,B0,3,0.030000,0,0,0,0,0,0,0,0,0,0.000,0.000,0.000000,0.000000,0.000000,0.030000,-0.030000
385,B1,1,0.010000,0,0,0,0,0,0,0,0,0,0.000,0.000,0.000000,0.000000,0.000000,0.010000,-0.010000
385,B2,1,0.010000,0,0,0,0,0,0,0,0,0,0.000,0.000,0.000000,0.000000,0.000000,0.010000,-0.010000
385,C0,0,0.000000,0,0,0,0,0,0,0,0,0,0.000,0.000,0.000000,0.000000,0.000000,0.000000,-0.000000
385,C1,2,0.020000,0,0,0,0,0,0,0,0,0,0.000,0.000,0.000000,0.000000,0.000000,0.020000,-0.020000
385,C2,2,0.020000,0,0,1,0,1,0,0,3,0,12.981,0.000,1.889439,0.000000,1.889439,1.909439,-1.909439
390,A0,0,0.000000,2,0,1,0,3,0,0,1,0,12.981,0.000,0.629813,0.000000,0.629813,0.629813,-0.629813
390,A1,8,0.080000,0,0,0,0,0,0,0,0,0,0.000,0.000,0.000000,0.000000,0.000000,0.080000,-0.080000
390,A2,4,0.040000,0,0,1,0,1,0,0,2,0,12.981,0.000,1.259626,0.000000,1.259626,1.299626,-1.299626
390,B0,3,0.030000,0,0,0,0,0,0,0,0,0,0.000,0.000,0.000000,0.000000,0.000000,0.030000,-0.030000
390,B1,1,0.010000,0,0,0,0,0,0,0,0,0,0.000,0.000,0.000000,0.000000,0.000000,0.010000,-0.010000
390,B2,2,0.020000,0,0,0,0,0,0,0,0,0,0.000,0.000,0.000000,0.000000,0.000000,0.020000,-0.020000
390,C0,0,0.000000,0,0,0,0,0,0,0,0,0,0.000,0.000,0.000000,0.000000,0.000000,0.000000,-0.000000
390,C1,2,0.020000,0,0,0,0,0,0,0,0,0,0.000,0.000,0.000000,0.000000,0.000000,0.020000,-0.020000
390,C2,2,0.020000,0,0,1,0,1,0,0,4,0,12.981,0.000,2.519252,0.000000,2.519252,2.539252,-2.539252
395,A0,0,0.000000,2,0,1,0,3,0,0,0,0,12.981,0.000,0.000000,0.000000,0.000000,0.000000,-0.000000
395,A1,8,0.080000,0,0,0,0,0,0,0,0,0,0.000,0.000,0.000000,0.000000,0.000000,0.080000,-0.080000
395,A2,4,0.040000,0,0,1,0,1,0,0,1,0,12.981,0.000,0.629813,0.000000,0.629813,0.669813,-0.669813
395,B0,4,0.040000,0,0,0,0,0,0,0,0,0,0.000,0.000,0.000000,0.000000,0.000000,0.040000,-0.040000
395,B1,1,0.010000,0,0,0,0,0,0,0,0,0,0.000,0.000,0.000000,0.000000,0.000000,0.010000,-0.010000
395,B2,2,0.020000,0,0,0,0,0,0,0,0,0,0.000,0.000,0.000000,0.000000,0.000000,0.020000,-0.020000
395,C0,0,0.000000,0,0,0,0,0,0,0,0,0,0.000,0.000,0.000000,0.000000,0.000000,0.000000,-0.000000
395,C1,2,0.020000,0,0,0,0,0,0,0,0,0,0.000,0.000,0.000000,0.000000,0.000000,0.020000,-0.020000
395,C2,2,0.020000,0,0,1,0,1,0,0,4,0,12.981,0.000,2.519252,0.000000,2.519252,2.539252,-2.539252
400,A0,0,0.000000,0,0,0,0,0,0,3,0,0,0.000,0.000,0.000000,0.000000,0.000000,0.000000,-0.000000
400,A1,8,0.080000,0,0,0,0,0,0,0,0,0,0.000,0.000,0.000000,0.000000,0.000000,0.080000,-0.080000
400,A2,4,0.040000,0,0,0,0,0,0,1,0,0,0.000,0.000,0.000000,0.000000,0.000000,0.040000,-0.040000
400,B0,5,0.050000,0,0,0,0,0,0,1,0,0,0.000,0.000,0.000000,0.000000,0.000000,0.050000,-0.050000
400,B1,2,0.020000,0,0,0,0,0,0,0,0,0,0.000,0.000,0.000000,0.000000,0.000000,0.020000,-0.020000
400,B2,2,0.020000,0,0,0,0,0,0,0,0,0,0.000,0.000,0.000000,0.000000,0.000000,0.020000,-0.020000
400,C0,0,0.000000,0,0,0,0,0,0,0,0,0,0.000,0.000,0.000000,0.000000,0.000000,0.000000,-0.000000
400,C1,3,0.030000,0,0,0,0,0,0,0,0,0,0.000,0.000,0.000000,0.000000,0.000000,0.030000,-0.030000
400,C2,2,0.020000,0,0,0,0,0,0,1,0,0,0.000,0.000,0.000000,0.000000,0.000000,0.020000,-0.020000
405,A0,0,0.000000,0,0,0,0,0,0,3,0,0,0.000,0.000,0.000000,0.000000,0.000000,0.000000,-0.000000
405,A1,8,0.080000,0,0,0,0,0,0,0,0,0,0.000,0.000,0.000000,0.000000,0.000000,0.080000,-0.080000
405,A2,4,0.040000,0,0,0,0,0,0,2,0,0,0.000,0.000,0.000000,0.000000,0.000000,0.040000,-0.040000
405,B0,5,0.050000,0,0,0,0,0,0,1,0,0,0.000,0.000,0.000000,0.000000,0.000000,0.050000,-0.050000
405,B1,3,0.030000,0,0,0,0,0,0,0,0,0,0.000,0.000,0.000000,0.000000,0.000000,0.030000,-0.030000
405,B2,3,0.030000,0,0,0,0,0,0,0,0,0,0.000,0.000,0.000000,0.000000,0.000000,0.030000,-0.030000
405,C0,2,0.020000,0,0,0,0,0,0,0,0,0,0.000,0.000,0.000000,0.000000,0.000000,0.020000,-0.020000
405,C1,3,0.030000,0,0,0,0,0,0,0,0,0,0.000,0.000,0.000000,0.000000,0.000000,0.030000,-0.030000
405,C2,2,0.020000,0,0,0,0,0,0,1,0,0,0.000,0.000,0.000000,0.000000,0.000000,0.020000,-0.020000
410,A0,0,0.000000,0,0,0,0,0,0,0,0,0,0.000,0.000,0.000000,0.000000,0.000000,0.000000,-0.000000
410,A1,0,0.000000,0,0,0,0,0,0,0,0,0,0.000,0.000,0.000000,0.000000,0.000000,0.000000,-0.000000
410,A2,1,0.010000,0,1,0,0,0,1,0,0,2,0.000,12.981,0.000000,1.259626,1.259626,1.269626,-1.269626
410,B0,1,0.010000,0,0,0,1,0,1,0,0,4,0.000,12.981,0.000000,2.519252,2.519252,2.529252,-2.529252
410,B1,0,0.000000,0,0,0,1,0,1,0,0,3,0.000,12.981,0.000000,1.889439,1.889439,1.889439,-1.889439
410,B2,0,0.000000,0,0,0,0,0,0,0,0,0,0.000,0.000,0.000000,0.000000,0.000000,0.000000,-0.000000
410,C0,0,0.000000,0,0,0,1,0,1,0,0,3,0.000,12.981,0.000000,1.889439,1.889439,1.889439,-1.889439
410,C1,0,0.000000,0,0,0,0,0,0,0,0,0,0.000,0.000,0.000000,0.000000,0.000000,0.000000,-0.000000
410,C2,1,0.010000,0,0,0,0,0,0,0,0,0,0.000,0.000,0.000000,0.000000,0.000000,0.010000,-0.010000
415,A0,0,0.000000,0,0,0,0,0,0,0,0,0,0.000,0.000,0.000000,0.000000,0.000000,0.000000,-0.000000
415,A1,1,0.010000,0,0,0,1,0,1,0,0,3,0.000,12.981,0.000000,1.889439,1.889439,1.899439,-1.899439
415,A2,1,0.010000,0,1,0,0,0,1,0,0,1,0.000,12.981,0.000000,0.629813,0.629813,0.639813,-0.639813
415,B0,1,0.010000,0,0,0,1,0,1,0,0,2,0.000,12.981,0.000000,1.259626,1.259626,1.269626,-1.269626
415,B1,0,0.000000,0,0,0,1,0,1,0,0,4,0.000,12.981,0.000000,2.519252,2.519252,2.519252,-2.519252
415,B2,0,0.000000,0,0,0,0,0,0,0,0,0,0.000,0.000,0.000000,0.000000,0.000000,0.000000,-0.000000
415,C0,0,0.000000,0,0,0,1,0,1,0,0,4,0.000,12.981,0.000000,2.519252,2.519252,2.519252,-2.519252
415,C1,0,0.000000,0,0,0,0,0,0,0,0,0,0.000,0.000,0.000000,0.000000,0.000000,0.000000,-0.000000
415,C2,1,0.010000,0,0,0,0,0,0,0,0,0,0.000,0.000,0.000000,0.000000,0.000000,0.010000,-0.010000
420,A0,0,0.000000,0,0,0,0,0,0,0,0,0,0.000,0.000,0.000000,0.000000,0.000000,0.000000,-0.000000
420,A1,1,0.010000,0,0,0,1,0,1,0,0,3,0.000,12.981,0.000000,1.889439,1.889439,1.899439,-1.899439
420,A2,2,0.020000,0,1,0,0,0,1,0,0,2,0.000,12.981,0.000000,1.259626,1.259626,1.279626,-1.279626
420,B0,3,0.030000,0,0,0,1,0,1,0,0,2,0.000,12.981,0.000000,1.259626,1.259626,1.289626,-1.289626
420,B1,0,0.000000,0,0,0,1,0,1,0,0,6,0.000,12.981,0.000000,3.778879,3.778879,3.778879,-3.778879
420,B2,1,0.010000,0,0,0,0,0,0,0,0,0,0.000,0.000,0.000000,0.000000,0.000000,0.010000,-0.010000
420,C0,0,0.000000,0,0,0,1,0,1,0,0,3,0.000,12.981,0.000000,1.889439,1.889439,1.889439,-1.889439
420,C1,1,0.010000,0,0,0,0,0,0,0,0,0,0.000,0.000,0.000000,0.000000,0.000000,0.010000,-0.010000
420,C2,2,0.020000,0,1,0,0,0,1,0,0,3,0.000,12.981,0.000000,1.889439,1.889439,1.909439,-1.909439
425,A0,0,0.000000,0,0,0,0,0,0,0,0,0,0.000,0.000,0.000000,0.000000,0.000000,0.000000,-0.000000
425,A1,1,0.010000,0,0,0,1,0,1,0,0,3,0.000,12.981,0.000000,1.889439,1.889439,1.899439,-1.899439
425,A2,2,0.020000,0,1,0,0,0,1,0,0,3,0.000,12.981,0.000000,1.889439,1.889439,1.909439,-1.909439
425,B0,4,0.040000,0,0,0,1,0,1,0,0,2,0.000,12.981,0.000000,1.259626,1.259626,1.299626,-1.299626
425,B1,0,0.000000,0,0,0,1,0,1,0,0,4,0.000,12.981,0.000000,2.519252,2.519252,2.519252,-2.519252
425,B2,2,0.020000,0,0,0,0,0,0,0,0,0,0.000,0.000,0.000000,0.000000,0.000000,0.020000,-0.020000
425,C0,0,0.000000,0,0,0,2,0,2,0,0,3,0.000,12.981,0.000000,1.889439,1.889439,1.889439,-1.889439
425,C1,1,0.010000,0,0,0,0,0,0,0,0,0,0.000,0.000,0.000000,0.000000,0.000000,0.010000,-0.010000
425,C2,2,0.020000,0,1,0,0,0,1,0,0,4,0.000,12.981,0.000000,2.519252,2.519252,2.539252,-2.539252
430,A0,0,0.000000,0,0,0,0,0,0,0,0,0,0.000,0.000,0.000000,0.000000,0.000000,0.000000,-0.000000
430,A1,1,0.010000,0,1,0,2,0,3,0,0,2,0.000,12.981,0.000000,1.259626,1.259626,1.269626,-1.269626
430,A2,2,0.020000,0,1,0,0,0,1,0,0,4,0.000,12.981,0.000000,2.519252,2.519252,2.539252,-2.539252
430,B0,4,0.040000,0,0,0,1,0,1,0,0,1,0.000,12.981,0.000000,0.629813,0.629813,0.669813,-0.669813
430,B1,0,0.000000,0,0,0,1,0,1,0,0,2,0.000,12.981,0.000000,1.259626,1.259626,1.259626,-1.259626
430,B2,2,0.020000,0,1,0,0,0,1,0,0,1,0.000,12.981,0.000000,0.629813,0.629813,0.649813,-0.649813
430,C0,0,0.000000,0,0,0,2,0,2,0,0,2,0.000,12.981,0.000000,1.259626,1.259626,1.259626,-1.259626
430,C1,2,0.020000,0,0,0,1,0,1,0,0,1,0.000,12.981,0.000000,0.629813,0.629813,0.649813,-0.649813
430,C2,2,0.020000,0,1,0,1,0,2,0,0,2,0.000,12.981,0.000000,1.259626,1.259626,1.279626,-1.279626
435,A0,1,0.010000,0,0,0,0,0,0,0,0,0,0.000,0.000,0.000000,0.000000,0.000000,0.010000,-0.010000
435,A1,3,0.030000,0,1,0,2,0,3,0,0,3,0.000,12.981,0.000000,1.889439,1.889439,1.919439,-1.919439
435,A2,2,0.020000,0,1,0,0,0,1,0,0,3,0.000,12.981,0.000000,1.889439,1.889439,1.909439,-1.909439
435,B0,4,0.040000,0,0,0,1,0,1,0,0,3,0.000,12.981,0.000000,1.889439,1.889439,1.929439,-1.929439
435,B1,0,0.000000,0,0,0,1,0,1,0,0,1,0.000,12.981,0.000000,0.629813,0.629813,0.629813,-0.629813
435,B2,2,0.020000,0,1,0,0,0,1,0,0,2,0.000,12.981,0.000000,1.259626,1.259626,1.279626,-1.279626
435,C0,2,0.020000,0,0,0,2,0,2,0,0,1,0.000,12.981,0.000000,0.629813,0.629813,0.649813,-0.649813
435,C1,3,0.030000,0,0,0,2,0,2,0,0,3,0.000,12.981,0.000000,1.889439,1.889439,1.919439,-1.919439
435,C2,2,0.020000,0,1,0,1,0,2,0,0,3,0.000,12.981,0.000000,1.889439,1.889439,1.909439,-1.909439
440,A0,2,0.020000,0,0,0,0,0,0,0,0,0,0.000,0.000,0.000000,0.000000,0.000000,0.020000,-0.020000
440,A1,3,0.030000,0,1,0,2,0,3,0,0,2,0.000,12.981,0.000000,1.259626,1.259626,1.289626,-1.289626
440,A2,4,0.040000,0,1,0,0,0,1,0,0,3,0.000,12.981,0.000000,1.889439,1.889439,1.929439,-1.929439
440,B0,4,0.040000,0,0,0,1,0,1,0,0,2,0.000,12.981,0.000000,1.259626,1.259626,1.299626,-1.299626
440,B1,0,0.000000,0,0,0,1,0,1,0,0,0,0.000,12.981,0.000000,0.000000,0.000000,0.000000,-0.000000
440,B2,2,0.020000,0,1,0,0,0,1,0,0,2,0.000,12.981,0.000000,1.259626,1.259626,1.279626,-1.279626
440,C0,2,0.020000,0,1,0,2,0,3,0,0,0,0.000,12.981,0.000000,0.000000,0.000000,0.020000,-0.020000
440,C1,4,0.040000,0,0,0,2,0,2,0,0,2,0.000,12.981,0.000000,1.259626,1.259626,1.299626,-1.299626
440,C2,2,0.020000,0,1,0,2,0,3,0,0,2,0.000,12.981,0.000000,1.259626,1.259626,1.279626,-1.279626
445,A0,2,0.020000,0,0,0,0,0,0,0,0,0,0.000,0.000,0.000000,0.000000,0.000000,0.020000,-0.020000
445,A1,3,0.030000,0,0,0,0,0,0,3,0,0,0.000,0.000,0.000000,0.000000,0.000000,0.030000,-0.030000
445,A2,5,0.050000,0,0,0,0,0,0,1,0,0,0.000,0.000,0.000000,0.000000,0.000000,0.050000,-0.050000
445,B0,4,0.040000,0,0,0,0,0,0,1,0,0,0.000,0.000,0.000000,0.000000,0.000000,0.040000,-0.040000
445,B1,0,0.000000,0,0,0,0,0,0,2,0,0,0.000,0.000,0.000000,0.000000,0.000000,0.000000,-0.000000
445,B2,3,0.030000,0,0,0,0,0,0,1,0,0,0.000,0.000,0.000000,0.000000,0.000000,0.030000,-0.030000
445,C0,2,0.020000,0,0,0,0,0,0,3,0,0,0.000,0.000,0.000000,0.000000,0.000000,0.020000,-0.020000
445,C1,4,0.040000,0,0,0,0,0,0,3,0,0,0.000,0.000,0.000000,0.000000,0.000000,0.040000,-0.040000
445,C2,2,0.020000,0,0,0,0,0,0,3,0,0,0.000,0.000,0.000000,0.000000,0.000000,0.020000,-0.020000
450,A0,2,0.020000,0,0,0,0,0,0,0,0,0,0.000,0.000,0.000000,0.000000,0.000000,0.020000,-0.020000
450,A1,3,0.030000,0,0,0,0,0,0,3,0,0,0.000,0.000,0.000000,0.000000,0.000000,0.030000,-0.030000
450,A2,5,0.050000,0,0,0,0,0,0,1,0,0,0.000,0.000,0.000000,0.000000,0.000000,0.050000,-0.050000
450,B0,4,0.040000,0,0,0,0,0,0,1,0,0,0.000,0.000,0.000000,0.000000,0.000000,0.040000,-0.040000
450,B1,0,0.000000,0,0,0,0,0,0,2,0,0,0.000,0.000,0.000000,0.000000,0.000000,0.000000,-0.000000
450,B2,5,0.050000,0,0,0,0,0,0,1,0,0,0.000,0.000,0.000000,0.000000,0.000000,0.050000,-0.050000
450,C0,3,0.030000,0,0,0,0,0,0,3,0,0,0.000,0.000,0.000000,0.000000,0.000000,0.030000,-0.030000
450,C1,4,0.040000,0,0,0,0,0,0,4,0,0,0.000,0.000,0.000000,0.000000,0.000000,0.040000,-0.040000
450,C2,2,0.020000,0,0,0,0,0,0,3,0,0,0.000,0.000,0.000000,0.000000,0.000000,0.020000,-0.020000
455,A0,0,0.000000,0,0,0,0,0,0,0,0,0,0.000,0.000,0.000000,0.000000,0.000000,0.000000,-0.000000
455,A1,1,0.010000,0,0,0,0,0,0,0,0,0,0.000,0.000,0.000000,0.000000,0.000000,0.010000,-0.010000
455,A2,1,0.010000,0,0,0,0,0,0,0,0,0,0.000,0.000,0.000000,0.000000,0.000000,0.010000,-0.010000
455,B0,1,0.010000,1,0,0,0,1,0,0,3,0,12.981,0.000,1.889439,0.000000,1.889439,1.899439,-1.899439
455,B1,0,0.000000,0,0,0,0,0,0,0,0,0,0.000,0.000,0.000000,0.000000,0.000000,0.000000,-0.000000
455,B2,0,0.000000,0,0,0,0,0,0,0,0,0,0.000,0.000,0.000000,0.000000,0.000000,0.000000,-0.000000
455,C0,0,0.000000,0,0,0,0,0,0,0,0,0,0.000,0.000,0.000000,0.000000,0.000000,0.000000,-0.000000
455,C1,0,0.000000,0,0,0,0,0,0,0,0,0,0.000,0.000,0.000000,0.000000,0.000000,0.000000,-0.000000
455,C2,0,0.000000,0,0,0,0,0,0,0,0,0,0.000,0.000,0.000000,0.000000,0.000000,0.000000,-0.000000
460,A0,1,0.010000,0,0,0,0,0,0,0,0,0,0.000,0.000,0.000000,0.000000,0.000000,0.010000,-0.010000
460,A1,1,0.010000,0,0,0,0,0,0,0,0,0,0.000,0.000,0.000000,0.000000,0.000000,0.010000,-0.010000
460,A2,2,0.020000,0,0,1,0,1,0,0,2,0,12.981,0.000,1.259626,0.000000,1.259626,1.279626,-1.279626
460,B0,1,0.010000,1,0,1,0,2,0,0,2,0,12.981,0.000,1.259626,0.000000,1.259626,1.269626,-1.269626
460,B1,0,0.000000,0,0,0,0,0,0,0,0,0,0.000,0.000,0.000000,0.000000,0.000000,0.000000,-0.000000
460,B2,0,0.000000,0,0,0,0,0,0,0,0,0,0.000,0.000,0.000000,0.000000,0.000000,0.000000,-0.000000
460,C0,0,0.000000,0,0,0,0,0,0,0,0,0,0.000,0.000,0.000000,0.000000,0.000000,0.000000,-0.000000
460,C1,1,0.010000,0,0,0,0,0,0,0,0,0,0.000,0.000,0.000000,0.000000,0.000000,0.010000,-0.010000
460,C2,1,0.010000,0,0,0,0,0,0,0,0,0,0.000,0.000,0.000000,0.000000,0.000000,0.010000,-0.010000
465,A0,1,0.010000,0,0,0,0,0,0,0,0,0,0.000,0.000,0.000000,0.000000,0.000000,0.010000,-0.010000
465,A1,1,0.010000,0,0,0,0,0,0,0,0,0,0.000,0.000,0.000000,0.000000,0.000000,0.010000,-0.010000
465,A2,3,0.030000,0,0,1,0,1,0,0,2,0,12.981,0.000,1.259626,0.000000,1.259626,1.289626,-1.289626
465,B0,1,0.010000,1,0,1,0,2,0,0,1,0,12.981,0.000,0.629813,0.000000,0.629813,0.639813,-0.639813
465,B1,0,0.000000,0,0,0,0,0,0,0,0,0,0.000,0.000,0.000000,0.000000,0.000000,0.000000,-0.000000
465,B2,2,0.020000,0,0,0,0,0,0,0,0,0,0.000,0.000,0.000000,0.000000,0.000000,0.020000,-0.020000
465,C0,0,0.000000,1,0,0,0,1,0,0,6,0,12.981,0.000,3.778879,0.000000,3.778879,3.778879,-3.778879
465,C1,1,0.010000,0,0,0,0,0,0,0,0,0,0.000,0.000,0.000000,0.000000,0.000000,0.010000,-0.010000
465,C2,2,0.020000,0,0,0,0,0,0,0,0,0,0.000,0.000,0.000000,0.000000,0.000000,0.020000,-0.020000
470,A0,1,0.010000,0,0,0,0,0,0,0,0,0,0.000,0.000,0.000000,0.000000,0.000000,0.010000,-0.010000
470,A1,1,0.010000,0,0,0,0,0,0,0,0,0,0.000,0.000,0.000000,0.000000,0.000000,0.010000,-0.010000
470,A2,3,0.030000,0,0,1,0,1,0,0,1,0,12.981,0.000,0.629813,0.000000,0.629813,0.659813,-0.659813
470,B0,1,0.010000,1,0,1,0,2,0,0,0,0,12.981,0.000,0.000000,0.000000,0.000000,0.010000,-0.010000
470,B1,0,0.000000,0,0,0,0,0,0,0,0,0,0.000,0.000,0.000000,0.000000,0.000000,0.000000,-0.000000
470,B2,2,0.020000,0,0,0,0,0,0,0,0,0,0.000,0.000,0.000000,0.000000,0.000000,0.020000,-0.020000
470,C0,2,0.020000,1,0,0,0,1,0,0,7,0,12.981,0.000,4.408692,0.000000,4.408692,4.428692,-4.428692
470,C1,1,0.010000,0,0,0,0,0,0,0,0,0,0.000,0.000,0.000000,0.000000,0.000000,0.010000,-0.010000
470,C2,4,0.040000,0,0,0,0,0,0,0,0,0,0.000,0.000,0.000000,0.000000,0.000000,0.040000,-0.040000
475,A0,1,0.010000,0,0,0,0,0,0,0,0,0,0.000,0.000,0.000000,0.000000,0.000000,0.010000,-0.010000
475,A1,1,0.010000,0,0,0,0,0,0,0,0,0,0.000,0.000,0.000000,0.000000,0.000000,0.010000,-0.010000
475,A2,3,0.030000,1,0,1,0,2,0,0,1,0,12.981,0.000,0.629813,0.000000,0.629813,0.659813,-0.659813
475,B0,1,0.010000,1,0,1,0,2,0,0,0,0,12.981,0.000,0.000000,0.000000,0.000000,0.010000,-0.010000
475,B1,1,0.010000,0,0,0,0,0,0,0,0,0,0.000,0.000,0.000000,0.000000,0.000000,0.010000,-0.010000
475,B2,5,0.050000,0,0,0,0,0,0,0,0,0,0.000,0.000,0.000000,0.000000,0.000000,0.050000,-0.050000
475,C0,3,0.030000,1,0,0,0,1,0,0,6,0,12.981,0.000,3.778879,0.000000,3.778879,3.808879,-3.808879
475,C1,1,0.010000,0,0,0,0,0,0,0,0,0,0.000,0.000,0.000000,0.000000,0.000000,0.010000,-0.010000
475,C2,5,0.050000,0,0,0,0,0,0,0,0,0,0.000,0.000,0.000000,0.000000,0.000000,0.050000,-0.050000
480,A0,1,0.010000,0,0,1,0,1,0,0,2,0,12.981,0.000,1.259626,0.000000,1.259626,1.269626,-1.269626
480,A1,1,0.010000,0,0,0,0,0,0,0,0,0,0.000,0.000,0.000000,0.000000,0.000000,0.010000,-0.010000
480,A2,3,0.030000,1,0,1,0,2,0,0,1,0,12.981,0.000,0.629813,0.000000,0.629813,0.659813,-0.659813
480,B0,1,0.010000,1,0,1,0,2,0,0,0,0,12.981,0.000,0.000000,0.000000,0.000000,0.010000,-0.010000
480,B1,1,0.010000,0,0,0,0,0,0,0,0,0,0.000,0.000,0.000000,0.000000,0.000000,0.010000,-0.010000
480,B2,5,0.050000,0,0,0,0,0,0,0,0,0,0.000,0.000,0.000000,0.000000,0.000000,0.050000,-0.050000
480,C0,4,0.040000,1,0,0,0,1,0,0,4,0,12.981,0.000,2.519252,0.000000,2.519252,2.559252,-2.559252
480,C1,1,0.010000,0,0,0,0,0,0,0,0,0,0.000,0.000,0.000000,0.000000,0.000000,0.010000,-0.010000
480,C2,5,0.050000,0,0,0,0,0,0,0,0,0,0.000,0.000,0.000000,0.000000,0.000000,0.050000,-0.050000
485,A0,1,0.010000,0,0,1,0,1,0,0,2,0,12.981,0.000,1.259626,0.000000,1.259626,1.269626,-1.269626
485,A1,1,0.010000,0,0,0,0,0,0,0,0,0,0.000,0.000,0.000000,0.000000,0.000000,0.010000,-0.010000
485,A2,4,0.040000,1,0,1,0,2,0,0,1,0,12.981,0.000,0.629813,0.000000,0.629813,0.669813,-0.669813
485,B0,1,0.010000,1,0,1,0,2,0,0,0,0,12.981,0.000,0.000000,0.000000,0.000000,0.010000,-0.010000
485,B1,1,0.010000,0,0,0,0,0,0,0,0,0,0.000,0.000,0.000000,0.000000,0.000000,0.010000,-0.010000
485,B2,5,0.050000,0,0,0,0,0,0,0,0,0,0.000,0.000,0.000000,0.000000,0.000000,0.050000,-0.050000
485,C0,4,0.040000,1,0,0,0,1,0,0,1,0,12.981,0.000,0.629813,0.000000,0.629813,0.669813,-0.669813
485,C1,1,0.010000,0,0,0,0,0,0,0,0,0,0.000,0.000,0.000000,0.000000,0.000000,0.010000,-0.010000
485,C2,5,0.050000,0,0,0,0,0,0,0,0,0,0.000,0.000,0.000000,0.000000,0.000000,0.050000,-0.050000
490,A0,1,0.010000,0,0,0,0,0,0,1,0,0,0.000,0.000,0.000000,0.000000,0.000000,0.010000,-0.010000
490,A1,1,0.010000,0,0,0,0,0,0,1,0,0,0.000,0.000,0.000000,0.000000,0.000000,0.010000,-0.010000
490,A2,4,0.040000,0,0,0,0,0,0,2,0,0,0.000,0.000,0.000000,0.000000,0.000000,0.040000,-0.040000
490,B0,1,0.010000,0,0,0,0,0,0,2,0,0,0.000,0.000,0.000000,0.000000,0.000000,0.010000,-0.010000
490,B1,1,0.010000,0,0,0,0,0,0,0,0,0,0.000,0.000,0.000000,0.000000,0.000000,0.010000,-0.010000
490,B2,6,0.060000,0,0,0,0,0,0,0,0,0,0.000,0.000,0.000000,0.000000,0.000000,0.060000,-0.060000
490,C0,5,0.050000,0,0,0,0,0,0,1,0,0,0.000,0.000,0.000000,0.000000,0.000000,0.050000,-0.050000
490,C1,2,0.020000,0,0,0,0,0,0,0,0,0,0.000,0.000,0.000000,0.000000,0.000000,0.020000,-0.020000
490,C2,6,0.060000,0,0,0,0,0,0,0,0,0,0.000,0.000,0.000000,0.000000,0.000000,0.060000,-0.060000
495,A0,1,0.010000,0,0,0,0,0,0,1,0,0,0.000,0.000,0.000000,0.000000,0.000000,0.010000,-0.010000
495,A1,1,0.010000,0,0,0,0,0,0,1,0,0,0.000,0.000,0.000000,0.000000,0.000000,0.010000,-0.010000
495,A2,5,0.050000,0,0,0,0,0,0,3,0,0,0.000,0.000,0.000000,0.000000,0.000000,0.050000,-0.050000
495,B0,2,0.020000,0,0,0,0,0,0,2,0,0,0.000,0.000,0.000000,0.000000,0.000000,0.020000,-0.020000
495,B1,1,0.010000,0,0,0,0,0,0,0,0,0,0.000,0.000,0.000000,0.000000,0.000000,0.010000,-0.010000
495,B2,7,0.070000,0,0,0,0,0,0,0,0,0,0.000,0.000,0.000000,0.000000,0.000000,0.070000,-0.070000
495,C0,5,0.050000,0,0,0,0,0,0,1,0,0,0.000,0.000,0.000000,0.000000,0.000000,0.050000,-0.050000
495,C1,3,0.030000,0,0,0,0,0,0,0,0,0,0.000,0.000,0.000000,0.000000,0.000000,0.030000,-0.030000
495,C2,6,0.060000,0,0,0,0,0,0,0,0,0,0.000,0.000,0.000000,0.000000,0.000000,0.060000,-0.060000
500,A0,1,0.010000,0,0,0,0,0,0,0,0,0,0.000,0.000,0.000000,0.000000,0.000000,0.010000,-0.010000
500,A1,0,0.000000,0,0,0,0,0,0,0,0,0,0.000,0.000,0.000000,0.000000,0.000000,0.000000,-0.000000
500,A2,0,0.000000,0,0,0,1,0,1,0,0,4,0.000,12.981,0.000000,2.519252,2.519252,2.519252,-2.519252
500,B0,0,0.000000,0,0,0,0,0,0,0,0,0,0.000,0.000,0.000000,0.000000,0.000000,0.000000,-0.000000
500,B1,0,0.000000,0,0,0,0,0,0,0,0,0,0.000,0.000,0.000000,0.000000,0.000000,0.000000,-0.000000
500,B2,0,0.000000,0,0,0,0,0,0,0,0,0,0.000,0.000,0.000000,0.000000,0.000000,0.000000,-0.000000
500,C0,3,0.030000,0,0,0,0,0,0,0,0,0,0.000,0.000,0.000000,0.000000,0.000000,0.030000,-0.030000
500,C1,2,0.020000,0,0,0,0,0,0,0,0,0,0.000,0.000,0.000000,0.000000,0.000000,0.020000,-0.020000
500,C2,0,0.000000,0,0,0,0,0,0,0,0,0,0.000,0.000,0.000000,0.000000,0.000000,0.000000,-0.000000
505,A0,1,0.010000,0,0,0,0,0,0,0,0,0,0.000,0.000,0.000000,0.000000,0.000000,0.010000,-0.010000
505,A1,0,0.000000,0,0,0,0,0,0,0,0,0,0.000,0.000,0.000000,0.000000,0.000000,0.000000,-0.000000
505,A2,1,0.010000,0,0,0,1,0,1,0,0,4,0.000,12.981,0.000000,2.519252,2.519252,2.529252,-2.529252
505,B0,0,0.000000,0,0,0,0,0,0,0,0,0,0.000,0.000,0.000000,0.000000,0.000000,0.000000,-0.000000
505,B1,0,0.000000,0,0,0,0,0,0,0,0,0,0.000,0.000,0.000000,0.000000,0.000000,0.000000,-0.000000
505,B2,2,0.020000,0,1,0,0,0,1,0,0,9,0.000,12.981,0.000000,5.668318,5.668318,5.688318,-5.688318
505,C0,3,0.030000,0,0,0,0,0,0,0,0,0,0.000,0.000,0.000000,0.000000,0.000000,0.030000,-0.030000
505,C1,2,0.020000,0,0,0,0,0,0,0,0,0,0.000,0.000,0.000000,0.000000,0.000000,0.020000,-0.020000
505,C2,1,0.010000,0,0,0,0,0,0,0,0,0,0.000,0.000,0.000000,0.000000,0.000000,0.010000,-0.010000
510,A0,1,0.010000,0,0,0,0,0,0,0,0,0,0.000,0.000,0.000000,0.000000,0.000000,0.010000,-0.010000
510,A1,0,0.000000,0,1,0,0,0,1,0,0,1,0.000,12.981,0.000000,0.629813,0.629813,0.629813,-0.629813
510,A2,2,0.020000,0,0,0,1,0,1,0,0,4,0.000,12.981,0.000000,2.519252,2.519252,2.539252,-2.539252
510,B0,0,0.000000,0,0,0,1,0,1,0,0,6,0.000,12.981,0.000000,3.778879,3.778879,3.778879,-3.778879
510,B1,1,0.010000,0,0,0,0,0,0,0,0,0,0.000,0.000,0.000000,0.000000,0.000000,0.010000,-0.010000
510,B2,2,0.020000,0,1,0,0,0,1,0,0,7,0.000,12.981,0.000000,4.408692,4.408692,4.428692,-4.428692
510,C0,3,0.030000,0,0,0,0,0,0,0,0,0,0.000,0.000,0.000000,0.000000,0.000000,0.030000,-0.030000
510,C1,3,0.030000,0,0,0,0,0,0,0,0,0,0.000,0.000,0.000000,0.000000,0.000000,0.030000,-0.030000
510,C2,1,0.010000,0,0,0,0,0,0,0,0,0,0.000,0.000,0.000000,0.000000,0.000000,0.010000,-0.010000
515,A0,1,0.010000,0,0,0,0,0,0,0,0,0,0.000,0.000,0.000000,0.000000,0.000000,0.010000,-0.010000
515,A1,0,0.000000,0,1,0,1,0,2,0,0,0,0.000,12.981,0.000000,0.000000,0.000000,0.000000,-0.000000
515,A2,2,0.020000,0,0,0,1,0,1,0,0,3,0.000,12.981,0.000000,1.889439,1.889439,1.909439,-1.909439
515,B0,0,0.000000,0,1,0,1,0,2,0,0,5,0.000,12.981,0.000000,3.149065,3.149065,3.149065,-3.149065
515,B1,1,0.010000,0,0,0,0,0,0,0,0,0,0.000,0.000,0.000000,0.000000,0.000000,0.010000,-0.010000
515,B2,2,0.020000,0,1,0,0,0,1,0,0,6,0.000,12.981,0.000000,3.778879,3.778879,3.798879,-3.798879
515,C0,3,0.030000,0,0,0,0,0,0,0,0,0,0.000,0.000,0.000000,0.000000,0.000000,0.030000,-0.030000
515,C1,3,0.030000,0,0,0,0,0,0,0,0,0,0.000,0.000,0.000000,0.000000,0.000000,0.030000,-0.030000
515,C2,2,0.020000,0,0,0,0,0,0,0,0,0,0.000,0.000,0.000000,0.000000,0.000000,0.020000,-0.020000
520,A0,1,0.010000,0,0,0,1,0,1,0,0,1,0.000,12.981,0.000000,0.629813,0.629813,0.639813,-0.639813
520,A1,2,0.020000,0,1,0,1,0,2,0,0,0,0.000,12.981,0.000000,0.000000,0.000000,0.020000,-0.020000
520,A2,2,0.020000,0,0,0,1,0,1,0,0,3,0.000,12.981,0.000000,1.889439,1.889439,1.909439,-1.909439
520,B0,0,0.000000,0,1,0,1,0,2,0,0,2,0.000,12.981,0.000000,1.259626,1.259626,1.259626,-1.259626
520,B1,1,0.010000,0,0,0,0,0,0,0,0,0,0.000,0.000,0.000000,0.000000,0.000000,0.010000,-0.010000
520,B2,2,0.020000,0,1,0,0,0,1,0,0,3,0.000,12.981,0.000000,1.889439,1.889439,1.909439,-1.909439
520,C0,6,0.060000,0,1,0,0,0,1,0,0,0,0.000,12.981,0.000000,0.000000,0.000000,0.060000,-0.060000
520,C1,4,0.040000,0,0,0,0,0,0,0,0,0,0.000,0.000,0.000000,0.000000,0.000000,0.040000,-0.040000
520,C2,2,0.020000,0,0,0,0,0,0,0,0,0,0.000,0.000,0.000000,0.000000,0.000000,0.020000,-0.020000
525,A0,1,0.010000,0,1,0,1,0,2,0,0,2,0.000,12.981,0.000000,1.259626,1.259626,1.269626,-1.269626
525,A1,2,0.020000,0,1,0,1,0,2,0,0,0,0.000,12.981,0.000000,0.000000,0.000000,0.020000,-0.020000
525,A2,2,0.020000,0,0,0,1,0,1,0,0,5,0.000,12.981,0.000000,3.149065,3.149065,3.169065,-3.169065
525,B0,0,0.000000,0,1,0,1,0,2,0,0,3,0.000,12.981,0.000000,1.889439,1.889439,1.889439,-1.889439
525,B1,1,0.010000,0,0,0,0,0,0,0,0,0,0.000,0.000,0.000000,0.000000,0.000000,0.010000,-0.010000
525,B2,2,0.020000,0,1,0,0,0,1,0,0,1,0.000,12.981,0.000000,0.629813,0.629813,0.649813,-0.649813
525,C0,7,0.070000,0,1,0,0,0,1,0,0,0,0.000,12.981,0.000000,0.000000,0.000000,0.070000,-0.070000
525,C1,6,0.060000,0,0,0,0,0,0,0,0,0,0.000,0.000,0.000000,0.000000,0.000000,0.060000,-0.060000
525,C2,2,0.020000,0,0,0,0,0,0,0,0,0,0.000,0.000,0.000000,0.000000,0.000000,0.020000,-0.020000
530,A0,1,0.010000,0,1,0,1,0,2,0,0,3,0.000,12.981,0.000000,1.889439,1.889439,1.899439,-1.899439
530,A1,2,0.020000,0,1,0,1,0,2,0,0,0,0.000,12.981,0.000000,0.000000,0.000000,0.020000,-0.020000
530,A2,3,0.030000,0,0,0,1,0,1,0,0,4,0.000,12.981,0.000000,2.519252,2.519252,2.549252,-2.549252
530,B0,0,0.000000,0,2,0,1,0,3,0,0,1,0.000,12.981,0.000000,0.629813,0.629813,0.629813,-0.629813
530,B1,2,0.020000,0,0,0,0,0,0,0,0,0,0.000,0.000,0.000000,0.000000,0.000000,0.020000,-0.020000
530,B2,2,0.020000,0,2,0,0,0,2,0,0,2,0.000,12.981,0.000000,1.259626,1.259626,1.279626,-1.279626
530,C0,8,0.080000,0,1,0,0,0,1,0,0,0,0.000,12.981,0.000000,0.000000,0.000000,0.080000,-0.080000
530,C1,6,0.060000,0,0,0,0,0,0,0,0,0,0.000,0.000,0.000000,0.000000,0.000000,0.060000,-0.060000
530,C2,2,0.020000,0,0,0,0,0,0,0,0,0,0.000,0.000,0.000000,0.000000,0.000000,0.020000,-0.020000
535,A0,1,0.010000,0,0,0,0,0,0,3,0,0,0.000,0.000,0.000000,0.000000,0.000000,0.010000,-0.010000
535,A1,2,0.020000,0,0,0,0,0,0,2,0,0,0.000,0.000,0.000000,0.000000,0.000000,0.020000,-0.020000
535,A2,4,0.040000,0,0,0,0,0,0,1,0,0,0.000,0.000,0.000000,0.000000,0.000000,0.040000,-0.040000
535,B0,0,0.000000,0,0,0,0,0,0,4,0,0,0.000,0.000,0.000000,0.000000,0.000000,0.000000,-0.000000
535,B1,2,0.020000,0,0,0,0,0,0,0,0,0,0.000,0.000,0.000000,0.000000,0.000000,0.020000,-0.020000
535,B2,2,0.020000,0,0,0,0,0,0,2,0,0,0.000,0.000,0.000000,0.000000,0.000000,0.020000,-0.020000
535,C0,8,0.080000,0,0,0,0,0,0,2,0,0,0.000,0.000,0.000000,0.000000,0.000000,0.080000,-0.080000
535,C1,6,0.060000,0,0,0,0,0,0,0,0,0,0.000,0.000,0.000000,0.000000,0.000000,0.060000,-0.060000
535,C2,2,0.020000,0,0,0,0,0,0,0,0,0,0.000,0.000,0.000000,0.000000,0.000000,0.020000,-0.020000
540,A0,1,0.010000,0,0,0,0,0,0,3,0,0,0.000,0.000,0.000000,0.000000,0.000000,0.010000,-0.010000
540,A1,2,0.020000,0,0,0,0,0,0,2,0,0,0.000,0.000,0.000000,0.000000,0.000000,0.020000,-0.020000
540,A2,4,0.040000,0,0,0,0,0,0,1,0,0,0.000,0.000,0.000000,0.000000,0.000000,0.040000,-0.040000
540,B0,1,0.010000,0,0,0,0,0,0,4,0,0,0.000,0.000,0.000000,0.000000,0.000000,0.010000,-0.010000
540,B1,2,0.020000,0,0,0,0,0,0,0,0,0,0.000,0.000,0.000000,0.000000,0.000000,0.020000,-0.020000
540,B2,3,0.030000,0,0,0,0,0,0,3,0,0,0.000,0.000,0.000000,0.000000,0.000000,0.030000,-0.030000
540,C0,8,0.080000,0,0,0,0,0,0,2,0,0,0.000,0.000,0.000000,0.000000,0.000000,0.080000,-0.080000
540,C1,7,0.070000,0,0,0,0,0,0,0,0,0,0.000,0.000,0.000000,0.000000,0.000000,0.070000,-0.070000
540,C2,2,0.020000,0,0,0,0,0,0,1,0,0,0.000,0.000,0.000000,0.000000,0.000000,0.020000,-0.020000
545,A0,2,0.020000,0,0,0,0,0,0,0,0,0,0.000,0.000,0.000000,0.000000,0.000000,0.020000,-0.020000
545,A1,0,0.000000,0,0,0,0,0,0,0,0,0,0.000,0.000,0.000000,0.000000,0.000000,0.000000,-0.000000
545,A2,0,0.000000,0,0,0,0,0,0,0,0,0,0.000,0.000,0.000000,0.000000,0.000000,0.000000,-0.000000
545,B0,0,0.000000,1,0,0,0,1,0,0,2,0,12.981,0.000,1.259626,0.000000,1.259626,1.259626,-1.259626
545,B1,0,0.000000,0,0,0,0,0,0,0,0,0,0.000,0.000,0.000000,0.000000,0.000000,0.000000,-0.000000
545,B2,2,0.020000,0,0,1,0,1,0,0,3,0,12.981,0.000,1.889439,0.000000,1.889439,1.909439,-1.909439
545,C0,0,0.000000,0,0,0,0,0,0,0,0,0,0.000,0.000,0.000000,0.000000,0.000000,0.000000,-0.000000
545,C1,0,0.000000,0,0,0,0,0,0,0,0,0,0.000,0.000,0.000000,0.000000,0.000000,0.000000,-0.000000
545,C2,2,0.020000,1,0,0,0,1,0,0,1,0,12.981,0.000,0.629813,0.000000,0.629813,0.649813,-0.649813
550,A0,3,0.030000,0,0,0,0,0,0,0,0,0,0.000,0.000,0.000000,0.000000,0.000000,0.030000,-0.030000
550,A1,0,0.000000,0,0,0,0,0,0,0,0,0,0.000,0.000,0.000000,0.000000,0.000000,0.000000,-0.000000
550,A2,1,0.010000,0,0,0,0,0,0,0,0,0,0.000,0.000,0.000000,0.000000,0.000000,0.010000,-0.010000
550,B0,0,0.000000,1,0,0,0,1,0,0,3,0,12.981,0.000,1.889439,0.000000,1.889439,1.889439,-1.889439
550,B1,0,0.000000,0,0,0,0,0,0,0,0,0,0.000,0.000,0.000000,0.000000,0.000000,0.000000,-0.000000
550,B2,3,0.030000,0,0,1,0,1,0,0,1,0,12.981,0.000,0.629813,0.000000,0.629813,0.659813,-0.659813
550,C0,0,0.000000,0,0,0,0,0,0,0,0,0,0.000,0.000,0.000000,0.000000,0.000000,0.000000,-0.000000
550,C1,0,0.000000,0,0,0,0,0,0,0,0,0,0.000,0.000,0.000000,0.000000,0.000000,0.000000,-0.000000
550,C2,4,0.040000,1,0,0,0,1,0,0,1,0,12.981,0.000,0.629813,0.000000,0.629813,0.669813,-0.669813
555,A0,3,0.030000,0,0,0,0,0,0,0,0,0,0.000,0.000,0.000000,0.000000,0.000000,0.030000,-0.030000
555,A1,0,0.000000,0,0,0,0,0,0,0,0,0,0.000,0.000,0.000000,0.000000,0.000000,0.000000,-0.000000
555,A2,2,0.020000,0,0,0,0,0,0,0,0,0,0.000,0.000,0.000000,0.000000,0.000000,0.020000,-0.020000
555,B0,0,0.000000,1,0,0,0,1,0,0,2,0,12.981,0.000,1.259626,0.000000,1.259626,1.259626,-1.259626
555,B1,0,0.000000,0,0,0,0,0,0,0,0,0,0.000,0.000,0.000000,0.000000,0.000000,0.000000,-0.000000
555,B2,3,0.030000,0,0,1,0,1,0,0,0,0,12.981,0.000,0.000000,0.000000,0.000000,0.030000,-0.030000
555,C0,0,0.000000,0,0,0,0,0,0,0,0,0,0.000,0.000,0.000000,0.000000,0.000000,0.000000,-0.000000
555,C1,0,0.000000,0,0,1,0,1,0,0,3,0,12.981,0.000,1.889439,0.000000,1.889439,1.889439,-1.889439
555,C2,4,0.040000,1,0,0,0,1,0,0,1,0,12.981,0.000,0.629813,0.000000,0.629813,0.669813,-0.669813
560,A0,4,0.040000,0,0,0,0,0,0,0,0,0,0.000,0.000,0.000000,0.000000,0.000000,0.040000,-0.040000
560,A1,1,0.010000,0,0,0,0,0,0,0,0,0,0.000,0.000,0.000000,0.000000,0.000000,0.010000,-0.010000
560,A2,2,0.020000,0,0,0,0,0,0,0,0,0,0.000,0.000,0.000000,0.000000,0.000000,0.020000,-0.020000
560,B0,0,0.000000,2,0,1,0,3,0,0,1,0,12.981,0.000,0.629813,0.000000,0.629813,0.629813,-0.629813
560,B1,0,0.000000,0,0,0,0,0,0,0,0,0,0.000,0.000,0.000000,0.000000,0.000000,0.000000,-0.000000
560,B2,4,0.040000,0,0,1,0,1,0,0,1,0,12.981,0.000,0.629813,0.000000,0.629813,0.669813,-0.669813
560,C0,0,0.000000,0,0,0,0,0,0,0,0,0,0.000,0.000,0.000000,0.000000,0.000000,0.000000,-0.000000
560,C1,1,0.010000,0,0,1,0,1,0,0,1,0,12.981,0.000,0.629813,0.000000,0.629813,0.639813,-0.639813
560,C2,5,0.050000,1,0,0,0,1,0,0,1,0,12.981,0.000,0.629813,0.000000,0.629813,0.679813,-0.679813
565,A0,6,0.060000,0,0,0,0,0,0,0,0,0,0.000,0.000,0.000000,0.000000,0.000000,0.060000,-0.060000
565,A1,2,0.020000,0,0,0,0,0,0,0,0,0,0.000,0.000,0.000000,0.000000,0.000000,0.020000,-0.020000
565,A2,2,0.020000,0,0,0,0,0,0,0,0,0,0.000,0.000,0.000000,0.000000,0.000000,0.020000,-0.020000
565,B0,1,0.010000,2,0,1,0,3,0,0,1,0,12.981,0.000,0.629813,0.000000,0.629813,0.639813,-0.639813
565,B1,2,0.020000,0,0,0,0,0,0,0,0,0,0.000,0.000,0.000000,0.000000,0.000000,0.020000,-0.020000
565,B2,4,0.040000,0,0,1,0,1,0,0,2,0,12.981,0.000,1.259626,0.000000,1.259626,1.299626,-1.299626
565,C0,0,0.000000,0,0,0,0,0,0,0,0,0,0.000,0.000,0.000000,0.000000,0.000000,0.000000,-0.000000
565,C1,2,0.020000,0,0,1,0,1,0,0,2,0,12.981,0.000,1.259626,0.000000,1.259626,1.279626,-1.279626
565,C2,6,0.060000,1,0,0,0,1,0,0,0,0,12.981,0.000,0.000000,0.000000,0.000000,0.060000,-0.060000
570,A0,6,0.060000,0,0,1,0,1,0,0,1,0,12.981,0.000,0.629813,0.000000,0.629813,0.689813,-0.689813
570,A1,2,0.020000,0,0,0,0,0,0,0,0,0,0.000,0.000,0.000000,0.000000,0.000000,0.020000,-0.020000
570,A2,2,0.020000,0,0,0,0,0,0,0,0,0,0.000,0.000,0.000000,0.000000,0.000000,0.020000,-0.020000
570,B0,2,0.020000,2,0,1,0,3,0,0,2,0,12.981,0.000,1.259626,0.000000,1.259626,1.279626,-1.279626
570,B1,2,0.020000,0,0,0,0,0,0,0,0,0,0.000,0.000,0.000000,0.000000,0.000000,0.020000,-0.020000
570,B2,6,0.060000,0,0,1,0,1,0,0,2,0,12.981,0.000,1.259626,0.000000,1.259626,1.319626,-1.319626
570,C0,1,0.010000,0,0,0,0,0,0,0,0,0,0.000,0.000,0.000000,0.000000,0.000000,0.010000,-0.010000
570,C1,2,0.020000,0,0,1,0,1,0,0,1,0,12.981,0.000,0.629813,0.000000,0.629813,0.649813,-0.649813
570,C2,7,0.070000,1,0,0,0,1,0,0,0,0,12.981,0.000,0.000000,0.000000,0.000000,0.070000,-0.070000
575,A0,7,0.070000,0,0,1,0,1,0,0,1,0,12.981,0.000,0.629813,0.000000,0.629813,0.699813,-0.699813
575,A1,2,0.020000,0,0,0,0,0,0,0,0,0,0.000,0.000,0.000000,0.000000,0.000000,0.020000,-0.020000
575,A2,2,0.020000,0,0,0,0,0,0,0,0,0,0.000,0.000,0.000000,0.000000,0.000000,0.020000,-0.020000
575,B0,3,0.030000,2,0,1,0,3,0,0,2,0,12.981,0.000,1.259626,0.000000,1.259626,1.289626,-1.289626
575,B1,2,0.020000,0,0,0,0,0,0,0,0,0,0.000,0.000,0.000000,0.000000,0.000000,0.020000,-0.020000
575,B2,6,0.060000,0,0,1,0,1,0,0,2,0,12.981,0.000,1.259626,0.000000,1.259626,1.319626,-1.319626
575,C0,2,0.020000,0,0,0,0,0,0,0,0,0,0.000,0.000,0.000000,0.000000,0.000000,0.020000,-0.020000
575,C1,2,0.020000,0,0,1,0,1,0,0,1,0,12.981,0.000,0.629813,0.000000,0.629813,0.649813,-0.649813
575,C2,8,0.080000,1,0,0,0,1,0,0,0,0,12.981,0.000,0.000000,0.000000,0.000000,0.080000,-0.080000
580,A0,7,0.070000,0,0,0,0,0,0,1,0,0,0.000,0.000,0.000000,0.000000,0.000000,0.070000,-0.070000
580,A1,2,0.020000,0,0,0,0,0,0,0,0,0,0.000,0.000,0.000000,0.000000,0.000000,0.020000,-0.020000
580,A2,2,0.020000,0,0,0,0,0,0,0,0,0,0.000,0.000,0.000000,0.000000,0.000000,0.020000,-0.020000
580,B0,4,0.040000,0,0,0,0,0,0,3,0,0,0.000,0.000,0.000000,0.000000,0.000000,0.040000,-0.040000
580,B1,2,0.020000,0,0,0,0,0,0,0,0,0,0.000,0.000,0.000000,0.000000,0.000000,0.020000,-0.020000
580,B2,6,0.060000,0,0,0,0,0,0,2,0,0,0.000,0.000,0.000000,0.000000,0.000000,0.060000,-0.060000
580,C0,2,0.020000,0,0,0,0,0,0,0,0,0,0.000,0.000,0.000000,0.000000,0.000000,0.020000,-0.020000
580,C1,2,0.020000,0,0,0,0,0,0,1,0,0,0.000,0.000,0.000000,0.000000,0.000000,0.020000,-0.020000
580,C2,7,0.070000,0,0,0,0,0,0,1,0,0,0.000,0.000,0.000000,0.000000,0.000000,0.070000,-0.070000
585,A0,7,0.070000,0,0,0,0,0,0,2,0,0,0.000,0.000,0.000000,0.000000,0.000000,0.070000,-0.070000
585,A1,3,0.030000,0,0,0,0,0,0,0,0,0,0.000,0.000,0.000000,0.000000,0.000000,0.030000,-0.030000
585,A2,3,0.030000,0,0,0,0,0,0,0,0,0,0.000,0.000,0.000000,0.000000,0.000000,0.030000,-0.030000
585,B0,5,0.050000,0,0,0,0,0,0,4,0,0,0.000,0.000,0.000000,0.000000,0.000000,0.050000,-0.050000
585,B1,3,0.030000,0,0,0,0,0,0,0,0,0,0.000,0.000,0.000000,0.000000,0.000000,0.030000,-0.030000
585,B2,6,0.060000,0,0,0,0,0,0,2,0,0,0.000,0.000,0.000000,0.000000,0.000000,0.060000,-0.060000
585,C0,3,0.030000,0,0,0,0,0,0,0,0,0,0.000,0.000,0.000000,0.000000,0.000000,0.030000,-0.030000
585,C1,3,0.030000,0,0,0,0,0,0,1,0,0,0.000,0.000,0.000000,0.000000,0.000000,0.030000,-0.030000
585,C2,7,0.070000,0,0,0,0,0,0,1,0,0,0.000,0.000,0.000000,0.000000,0.000000,0.070000,-0.070000
590,A0,0,0.000000,0,0,0,0,0,0,0,0,0,0.000,0.000,0.000000,0.000000,0.000000,0.000000,-0.000000
590,A1,0,0.000000,0,0,0,0,0,0,0,0,0,0.000,0.000,0.000000,0.000000,0.000000,0.000000,-0.000000
590,A2,1,0.010000,0,0,0,1,0,1,0,0,4,0.000,12.981,0.000000,2.519252,2.519252,2.529252,-2.529252
590,B0,0,0.000000,0,0,0,1,0,1,0,0,5,0.000,12.981,0.000000,3.149065,3.149065,3.149065,-3.149065
590,B1,0,0.000000,0,0,0,0,0,0,0,0,0,0.000,0.000,0.000000,0.000000,0.000000,0.000000,-0.000000
590,B2,0,0.000000,0,0,0,1,0,1,0,0,7,0.000,12.981,0.000000,4.408692,4.408692,4.408692,-4.408692
590,C0,0,0.000000,0,0,0,0,0,0,0,0,0,0.000,0.000,0.000000,0.000000,0.000000,0.000000,-0.000000
590,C1,0,0.000000,0,0,0,0,0,0,0,0,0,0.000,0.000,0.000000,0.000000,0.000000,0.000000,-0.000000
590,C2,0,0.000000,0,0,0,0,0,0,0,0,0,0.000,0.000,0.000000,0.000000,0.000000,0.000000,-0.000000
595,A0,0,0.000000,0,0,0,1,0,1,0,0,6,0.000,12.981,0.000000,3.778879,3.778879,3.778879,-3.778879
595,A1,0,0.000000,0,0,0,0,0,0,0,0,0,0.000,0.000,0.000000,0.000000,0.000000,0.000000,-0.000000
595,A2,1,0.010000,0,0,0,1,0,1,0,0,2,0.000,12.981,0.000000,1.259626,1.259626,1.269626,-1.269626
595,B0,0,0.000000,0,0,0,1,0,1,0,0,5,0.000,12.981,0.000000,3.149065,3.149065,3.149065,-3.149065
595,B1,1,0.010000,0,0,0,0,0,0,0,0,0,0.000,0.000,0.000000,0.000000,0.000000,0.010000,-0.010000
595,B2,0,0.000000,0,1,0,1,0,2,0,0,5,0.000,12.981,0.000000,3.149065,3.149065,3.149065,-3.149065
595,C0,1,0.010000,0,0,0,0,0,0,0,0,0,0.000,0.000,0.000000,0.000000,0.000000,0.010000,-0.010000
595,C1,0,0.000000,0,0,0,0,0,0,0,0,0,0.000,0.000,0.000000,0.000000,0.000000,0.000000,-0.000000
595,C2,0,0.000000,0,0,0,0,0,0,0,0,0,0.000,0.000,0.000000,0.000000,0.000000,0.000000,-0.000000
600,A0,0,0.000000,0,1,0,1,0,2,0,0,8,0.000,12.981,0.000000,5.038505,5.038505,5.038505,-5.038505
600,A1,1,0.010000,0,0,0,0,0,0,0,0,0,0.000,0.000,0.000000,0.000000,0.000000,0.010000,-0.010000
600,A2,1,0.010000,0,0,0,1,0,1,0,0,2,0.000,12.981,0.000000,1.259626,1.259626,1.269626,-1.269626
600,B0,0,0.000000,0,0,0,1,0,1,0,0,6,0.000,12.981,0.000000,3.778879,3.778879,3.778879,-3.778879
600,B1,2,0.020000,0,0,0,0,0,0,0,0,0,0.000,0.000,0.000000,0.000000,0.000000,0.020000,-0.020000
600,B2,1,0.010000,0,1,0,1,0,2,0,0,4,0.000,12.981,0.000000,2.519252,2.519252,2.529252,-2.529252
600,C0,1,0.010000,0,0,0,0,0,0,0,0,0,0.000,0.000,0.000000,0.000000,0.000000,0.010000,-0.010000
600,C1,0,0.000000,0,0,0,0,0,0,0,0,0,0.000,0.000,0.000000,0.000000,0.000000,0.000000,-0.000000
600,C2,1,0.010000,0,0,0,1,0,1,0,0,7,0.000,12.981,0.000000,4.408692,4.408692,4.418692,-4.418692
605,A0,0,0.000000,0,1,0,1,0,2,0,0,7,0.000,12.981,0.000000,4.408692,4.408692,4.408692,-4.408692
605,A1,1,0.010000,0,0,0,0,0,0,0,0,0,0.000,0.000,0.000000,0.000000,0.000000,0.010000,-0.010000
605,A2,1,0.010000,0,0,0,1,0,1,0,0,1,0.000,12.981,0.000000,0.629813,0.629813,0.639813,-0.639813
605,B0,0,0.000000,0,0,0,1,0,1,0,0,5,0.000,12.981,0.000000,3.149065,3.149065,3.149065,-3.149065
605,B1,2,0.020000,0,0,0,0,0,0,0,0,0,0.000,0.000,0.000000,0.000000,0.000000,0.020000,-0.020000
605,B2,2,0.020000,0,1,0,1,0,2,0,0,2,0.000,12.981,0.000000,1.259626,1.259626,1.279626,-1.279626
605,C0,1,0.010000,0,0,0,0,0,0,0,0,0,0.000,0.000,0.000000,0.000000,0.000000,0.010000,-0.010000
605,C1,0,0.000000,0,1,0,1,0,2,0,0,2,0.000,12.981,0.000000,1.259626,1.259626,1.259626,-1.259626
605,C2,1,0.010000,0,0,0,1,0,1,0,0,7,0.000,12.981,0.000000,4.408692,4.408692,4.418692,-4.418692
610,A0,0,0.000000,0,2,0,1,0,3,0,0,5,0.000,12.981,0.000000,3.149065,3.149065,3.149065,-3.149065
610,A1,2,0.020000,0,0,0,0,0,0,0,0,0,0.000,0.000,0.000000,0.000000,0.000000,0.020000,-0.020000
610,A2,1,0.010000,0,0,0,1,0,1,0,0,3,0.000,12.981,0.000000,1.889439,1.889439,1.899439,-1.899439
610,B0,0,0.000000,0,0,0,1,0,1,0,0,3,0.000,12.981,0.000000,1.889439,1.889439,1.889439,-1.889439
610,B1,3,0.030000,0,0,0,0,0,0,0,0,0,0.000,0.000,0.000000,0.000000,0.000000,0.030000,-0.030000
610,B2,1,0.010000,0,1,0,1,0,2,0,0,3,0.000,12.981,0.000000,1.889439,1.889439,1.899439,-1.899439
610,C0,2,0.020000,0,1,0,0,0,1,0,0,4,0.000,12.981,0.000000,2.519252,2.519252,2.539252,-2.539252
610,C1,0,0.000000,0,1,0,1,0,2,0,0,1,0.000,12.981,0.000000,0.629813,0.629813,0.629813,-0.629813
610,C2,1,0.010000,0,0,0,1,0,1,0,0,5,0.000,12.981,0.000000,3.149065,3.149065,3.159065,-3.159065
615,A0,0,0.000000,0,2,0,1,0,3,0,0,4,0.000,12.981,0.000000,2.519252,2.519252,2.519252,-2.519252
615,A1,3,0.030000,0,0,0,0,0,0,0,0,0,0.000,0.000,0.000000,0.000000,0.000000,0.030000,-0.030000
615,A2,3,0.030000,0,0,0,1,0,1,0,0,3,0.000,12.981,0.000000,1.889439,1.889439,1.919439,-1.919439
615,B0,0,0.000000,0,0,0,1,0,1,0,0,2,0.000,12.981,0.000000,1.259626,1.259626,1.259626,-1.259626
615,B1,3,0.030000,0,1,0,0,0,1,0,0,0,0.000,12.981,0.000000,0.000000,0.000000,0.030000,-0.030000
615,B2,1,0.010000,0,1,0,1,0,2,0,0,2,0.000,12.981,0.000000,1.259626,1.259626,1.269626,-1.269626
615,C0,2,0.020000,0,0,0,0,0,0,0,0,0,0.000,0.000,0.000000,0.000000,0.000000,0.020000,-0.020000
615,C1,2,0.020000,0,1,0,1,0,2,0,0,2,0.000,12.981,0.000000,1.259626,1.259626,1.279626,-1.279626
615,C2,1,0.010000,0,0,0,2,0,2,0,0,4,0.000,12.981,0.000000,2.519252,2.519252,2.529252,-2.529252
620,A0,0,0.000000,0,3,0,1,0,4,0,0,2,0.000,12.981,0.000000,1.259626,1.259626,1.259626,-1.259626
620,A1,4,0.040000,0,0,0,0,0,0,0,0,0,0.000,0.000,0.000000,0.000000,0.000000,0.040000,-0.040000
620,A2,2,0.020000,0,0,0,1,0,1,0,0,3,0.000,12.981,0.000000,1.889439,1.889439,1.909439,-1.909439
620,B0,0,0.000000,0,1,0,1,0,2,0,0,4,0.000,12.981,0.000000,2.519252,2.519252,2.519252,-2.519252
620,B1,3,0.030000,0,1,0,0,0,1,0,0,1,0.000,12.981,0.000000,0.629813,0.629813,0.659813,-0.659813
620,B2,1,0.010000,0,1,0,1,0,2,0,0,0,0.000,12.981,0.000000,0.000000,0.000000,0.010000,-0.010000
620,C0,2,0.020000,0,1,0,0,0,1,0,0,3,0.000,12.981,0.000000,1.889439,1.889439,1.909439,-1.909439
620,C1,3,0.030000,0,3,0,1,0,4,0,0,5,0.000,12.981,0.000000,3.149065,3.149065,3.179065,-3.179065
620,C2,1,0.010000,0,0,0,2,0,2,0,0,2,0.000,12.981,0.000000,1.259626,1.259626,1.269626,-1.269626
625,A0,0,0.000000,0,0,0,0,0,0,6,0,0,0.000,0.000,0.000000,0.000000,0.000000,0.000000,-0.000000
625,A1,4,0.040000,0,0,0,0,0,0,1,0,0,0.000,0.000,0.000000,0.000000,0.000000,0.040000,-0.040000
625,A2,2,0.020000,0,0,0,0,0,0,1,0,0,0.000,0.000,0.000000,0.000000,0.000000,0.020000,-0.020000
625,B0,0,0.000000,0,0,0,0,0,0,2,0,0,0.000,0.000,0.000000,0.000000,0.000000,0.000000,-0.000000
625,B1,3,0.030000,0,0,0,0,0,0,2,0,0,0.000,0.000,0.000000,0.000000,0.000000,0.030000,-0.030000
625,B2,2,0.020000,0,0,0,0,0,0,2,0,0,0.000,0.000,0.000000,0.000000,0.000000,0.020000,-0.020000
625,C0,2,0.020000,0,0,0,0,0,0,1,0,0,0.000,0.000,0.000000,0.000000,0.000000,0.020000,-0.020000
625,C1,3,0.030000,0,0,0,0,0,0,4,0,0,0.000,0.000,0.000000,0.000000,0.000000,0.030000,-0.030000
625,C2,2,0.020000,0,0,0,0,0,0,2,0,0,0.000,0.000,0.000000,0.000000,0.000000,0.020000,-0.020000
630,A0,1,0.010000,0,0,0,0,0,0,6,0,0,0.000,0.000,0.000000,0.000000,0.000000,0.010000,-0.010000
630,A1,5,0.050000,0,0,0,0,0,0,2,0,0,0.000,0.000,0.000000,0.000000,0.000000,0.050000,-0.050000
630,A2,2,0.020000,0,0,0,0,0,0,1,0,0,0.000,0.000,0.000000,0.000000,0.000000,0.020000,-0.020000
630,B0,0,0.000000,0,0,0,0,0,0,2,0,0,0.000,0.000,0.000000,0.000000,0.000000,0.000000,-0.000000
630,B1,3,0.030000,0,0,0,0,0,0,3,0,0,0.000,0.000,0.000000,0.000000,0.000000,0.030000,-0.030000
630,B2,3,0.030000,0,0,0,0,0,0,2,0,0,0.000,0.000,0.000000,0.000000,0.000000,0.030000,-0.030000
630,C0,3,0.030000,0,0,0,0,0,0,1,0,0,0.000,0.000,0.000000,0.000000,0.000000,0.030000,-0.030000
630,C1,4,0.040000,0,0,0,0,0,0,5,0,0,0.000,0.000,0.000000,0.000000,0.000000,0.040000,-0.040000
630,C2,2,0.020000,0,0,0,0,0,0,2,0,0,0.000,0.000,0.000000,0.000000,0.000000,0.020000,-0.020000
635,A0,2,0.020000,1,0,0,0,1,0,0,3,0,12.981,0.000,1.889439,0.000000,1.889439,1.909439,-1.909439
635,A1,0,0.000000,0,0,1,0,1,0,0,10,0,12.981,0.000,6.298131,0.000000,6.298131,6.298131,-6.298131
635,A2,0,0.000000,0,0,0,0,0,0,0,0,0,0.000,0.000,0.000000,0.000000,0.000000,0.000000,-0.000000
635,B0,4,0.040000,0,0,0,0,0,0,0,0,0,0.000,0.000,0.000000,0.000000,0.000000,0.040000,-0.040000
635,B1,1,0.010000,1,0,0,0,1,0,0,0,0,12.981,0.000,0.000000,0.000000,0.000000,0.010000,-0.010000
635,B2,0,0.000000,0,0,0,0,0,0,0,0,0,0.000,0.000,0.000000,0.000000,0.000000,0.000000,-0.000000
635,C0,2,0.020000,0,0,0,0,0,0,0,0,0,0.000,0.000,0.000000,0.000000,0.000000,0.020000,-0.020000
635,C1,0,0.000000,0,0,0,0,0,0,0,0,0,0.000,0.000,0.000000,0.000000,0.000000,0.000000,-0.000000
635,C2,0,0.000000,0,0,0,0,0,0,0,0,0,0.000,0.000,0.000000,0.000000,0.000000,0.000000,-0.000000
640,A0,5,0.050000,1,0,0,0,1,0,0,3,0,12.981,0.000,1.889439,0.000000,1.889439,1.939439,-1.939439
640,A1,0,0.000000,0,0,1,0,1,0,0,9,0,12.981,0.000,5.668318,0.000000,5.668318,5.668318,-5.668318
640,A2,0,0.000000,0,0,0,0,0,0,0,0,0,0.000,0.000,0.000000,0.000000,0.000000,0.000000,-0.000000
640,B0,4,0.040000,1,0,1,0,2,0,0,6,0,12.981,0.000,3.778879,0.000000,3.778879,3.818879,-3.818879
640,B1,1,0.010000,1,0,0,0,1,0,0,1,0,12.981,0.000,0.629813,0.000000,0.629813,0.639813,-0.639813
640,B2,0,0.000000,0,0,0,0,0,0,0,0,0,0.000,0.000,0.000000,0.000000,0.000000,0.000000,-0.000000
640,C0,2,0.020000,0,0,0,0,0,0,0,0,0,0.000,0.000,0.000000,0.000000,0.000000,0.020000,-0.020000
640,C1,2,0.020000,0,0,1,0,1,0,0,10,0,12.981,0.000,6.298131,0.000000,6.298131,6.318131,-6.318131
640,C2,1,0.010000,0,0,0,0,0,0,0,0,0,0.000,0.000,0.000000,0.000000,0.000000,0.010000,-0.010000
645,A0,8,0.080000,1,0,0,0,1,0,0,4,0,12.981,0.000,2.519252,0.000000,2.519252,2.599252,-2.599252
645,A1,0,0.000000,1,0,1,0,2,0,0,11,0,12.981,0.000,6.927944,0.000000,6.927944,6.927944,-6.927944
645,A2,0,0.000000,0,0,0,0,0,0,0,0,0,0.000,0.000,0.000000,0.000000,0.000000,0.000000,-0.000000
645,B0,4,0.040000,1,0,1,0,2,0,0,7,0,12.981,0.000,4.408692,0.000000,4.408692,4.448692,-4.448692
645,B1,2,0.020000,1,0,0,0,1,0,0,3,0,12.981,0.000,1.889439,0.000000,1.889439,1.909439,-1.909439
645,B2,0,0.000000,0,0,1,0,1,0,0,5,0,12.981,0.000,3.149065,0.000000,3.149065,3.149065,-3.149065
645,C0,3,0.030000,0,0,0,0,0,0,0,0,0,0.000,0.000,0.000000,0.000000,0.000000,0.030000,-0.030000
645,C1,4,0.040000,0,0,1,0,1,0,0,8,0,12.981,0.000,5.038505,0.000000,5.038505,5.078505,-5.078505
645,C2,1,0.010000,0,0,1,0,1,0,0,3,0,12.981,0.000,1.889439,0.000000,1.889439,1.899439,-1.899439
650,A0,8,0.080000,1,0,0,0,1,0,0,5,0,12.981,0.000,3.149065,0.000000,3.149065,3.229065,-3.229065
650,A1,2,0.020000,1,0,1,0,2,0,0,13,0,12.981,0.000,8.187570,0.000000,8.187570,8.207570,-8.207570
650,A2,0,0.000000,0,0,0,0,0,0,0,0,0,0.000,0.000,0.000000,0.000000,0.000000,0.000000,-0.000000
650,B0,4,0.040000,1,0,1,0,2,0,0,7,0,12.981,0.000,4.408692,0.000000,4.408692,4.448692,-4.448692
650,B1,2,0.020000,1,0,0,0,1,0,0,5,0,12.981,0.000,3.149065,0.000000,3.149065,3.169065,-3.169065
650,B2,0,0.000000,0,0,1,0,1,0,0,3,0,12.981,0.000,1.889439,0.000000,1.889439,1.889439,-1.889439
650,C0,5,0.050000,1,0,0,0,1,0,0,11,0,12.981,0.000,6.927944,0.000000,6.927944,6.977944,-6.977944
650,C1,4,0.040000,0,0,1,0,1,0,0,6,0,12.981,0.000,3.778879,0.000000,3.778879,3.818879,-3.818879
650,C2,1,0.010000,0,0,1,0,1,0,0,1,0,12.981,0.000,0.629813,0.000000,0.629813,0.639813,-0.639813
655,A0,10,0.100000,1,0,0,0,1,0,0,3,0,12.981,0.000,1.889439,0.000000,1.889439,1.989439,-1.989439
655,A1,5,0.050000,1,0,1,0,2,0,0,11,0,12.981,0.000,6.927944,0.000000,6.927944,6.977944,-6.977944
655,A2,0,0.000000,0,0,0,0,0,0,0,0,0,0.000,0.000,0.000000,0.000000,0.000000,0.000000,-0.000000
655,B0,4,0.040000,1,0,1,0,2,0,0,10,0,12.981,0.000,6.298131,0.000000,6.298131,6.338131,-6.338131
655,B1,2,0.020000,1,0,0,0,1,0,0,5,0,12.981,0.000,3.149065,0.000000,3.149065,3.169065,-3.169065
655,B2,0,0.000000,0,0,1,0,1,0,0,3,0,12.981,0.000,1.889439,0.000000,1.889439,1.889439,-1.889439
655,C0,7,0.070000,1,0,0,0,1,0,0,11,0,12.981,0.000,6.927944,0.000000,6.927944,6.997944,-6.997944
655,C1,4,0.040000,0,0,1,0,1,0,0,5,0,12.981,0.000,3.149065,0.000000,3.149065,3.189065,-3.189065
655,C2,5,0.050000,0,0,1,0,1,0,0,5,0,12.981,0.000,3.149065,0.000000,3.149065,3.199065,-3.199065
660,A0,12,0.120000,1,0,1,0,2,0,0,1,0,12.981,0.000,0.629813,0.000000,0.629813,0.749813,-0.749813
660,A1,5,0.050000,1,0,1,0,2,0,0,13,0,12.981,0.000,8.187570,0.000000,8.187570,8.237570,-8.237570
660,A2,0,0.000000,0,0,0,0,0,0,0,0,0,0.000,0.000,0.000000,0.000000,0.000000,0.000000,-0.000000
660,B0,4,0.040000,2,0,2,0,4,0,0,8,0,12.981,0.000,5.038505,0.000000,5.038505,5.078505,-5.078505
660,B1,2,0.020000,1,0,1,0,2,0,0,7,0,12.981,0.000,4.408692,0.000000,4.408692,4.428692,-4.428692
660,B2,1,0.010000,0,0,1,0,1,0,0,5,0,12.981,0.000,3.149065,0.000000,3.149065,3.159065,-3.159065
660,C0,7,0.070000,1,0,0,0,1,0,0,9,0,12.981,0.000,5.668318,0.000000,5.668318,5.738318,-5.738318
660,C1,4,0.040000,0,0,1,0,1,0,0,5,0,12.981,0.000,3.149065,0.000000,3.149065,3.189065,-3.189065
660,C2,7,0.070000,0,0,1,0,1,0,0,5,0,12.981,0.000,3.149065,0.000000,3.149065,3.219065,-3.219065
665,A0,14,0.140000,1,0,1,0,2,0,0,0,0,12.981,0.000,0.000000,0.000000,0.000000,0.140000,-0.140000
665,A1,5,0.050000,1,0,1,0,2,0,0,11,0,12.981,0.000,6.927944,0.000000,6.927944,6.977944,-6.977944
665,A2,0,0.000000,0,0,0,0,0,0,0,0,0,0.000,0.000,0.000000,0.000000,0.000000,0.000000,-0.000000
665,B0,4,0.040000,2,0,2,0,4,0,0,6,0,12.981,0.000,3.778879,0.000000,3.778879,3.818879,-3.818879
665,B1,2,0.020000,1,0,1,0,2,0,0,8,0,12.981,0.000,5.038505,0.000000,5.038505,5.058505,-5.058505
665,B2,1,0.010000,0,0,1,0,1,0,0,7,0,12.981,0.000,4.408692,0.000000,4.408692,4.418692,-4.418692
665,C0,8,0.080000,2,0,0,0,2,0,0,9,0,12.981,0.000,5.668318,0.000000,5.668318,5.748318,-5.748318
665,C1,7,0.070000,0,0,1,0,1,0,0,6,0,12.981,0.000,3.778879,0.000000,3.778879,3.848879,-3.848879
665,C2,7,0.070000,0,0,1,0,1,0,0,4,0,12.981,0.000,2.519252,0.000000,2.519252,2.589252,-2.589252
670,A0,18,0.180000,0,0,0,0,0,0,4,0,0,0.000,0.000,0.000000,0.000000,0.000000,0.180000,-0.180000
670,A1,5,0.050000,0,0,0,0,0,0,2,0,0,0.000,0.000,0.000000,0.000000,0.000000,0.050000,-0.050000
670,A2,0,0.000000,0,0,0,0,0,0,0,0,0,0.000,0.000,0.000000,0.000000,0.000000,0.000000,-0.000000
670,B0,4,0.040000,0,0,0,0,0,0,4,0,0,0.000,0.000,0.000000,0.000000,0.000000,0.040000,-0.040000
670,B1,3,0.030000,0,0,0,0,0,0,2,0,0,0.000,0.000,0.000000,0.000000,0.000000,0.030000,-0.030000
670,B2,1,0.010000,0,0,0,0,0,0,1,0,0,0.000,0.000,0.000000,0.000000,0.000000,0.010000,-0.010000
670,C0,7,0.070000,0,0,0,0,0,0,2,0,0,0.000,0.000,0.000000,0.000000,0.000000,0.070000,-0.070000
670,C1,10,0.100000,0,0,0,0,0,0,1,0,0,0.000,0.000,0.000000,0.000000,0.000000,0.100000,-0.100000
670,C2,8,0.080000,0,0,0,0,0,0,1,0,0,0.000,0.000,0.000000,0.000000,0.000000,0.080000,-0.080000
675,A0,20,0.200000,0,0,0,0,0,0,4,0,0,0.000,0.000,0.000000,0.000000,0.000000,0.200000,-0.200000
675,A1,5,0.050000,0,0,0,0,0,0,2,0,0,0.000,0.000,0.000000,0.000000,0.000000,0.050000,-0.050000
675,A2,0,0.000000,0,0,0,0,0,0,0,0,0,0.000,0.000,0.000000,0.000000,0.000000,0.000000,-0.000000
675,B0,4,0.040000,0,0,0,0,0,0,4,0,0,0.000,0.000,0.000000,0.000000,0.000000,0.040000,-0.040000
675,B1,5,0.050000,0,0,0,0,0,0,2,0,0,0.000,0.000,0.000000,0.000000,0.000000,0.050000,-0.050000
675,B2,4,0.040000,0,0,0,0,0,0,1,0,0,0.000,0.000,0.000000,0.000000,0.000000,0.040000,-0.040000
675,C0,7,0.070000,0,0,0,0,0,0,2,0,0,0.000,0.000,0.000000,0.000000,0.000000,0.070000,-0.070000
675,C1,12,0.120000,0,0,0,0,0,0,1,0,0,0.000,0.000,0.000000,0.000000,0.000000,0.120000,-0.120000
675,C2,8,0.080000,0,0,0,0,0,0,1,0,0,0.000,0.000,0.000000,0.000000,0.000000,0.080000,-0.080000
680,A0,0,0.000000,0,0,0,0,0,0,0,0,0,0.000,0.000,0.000000,0.000000,0.000000,0.000000,-0.000000
680,A1,19,0.190000,0,0,0,0,0,0,0,0,0,0.000,0.000,0.000000,0.000000,0.000000,0.190000,-0.190000
680,A2,4,0.040000,0,0,0,0,0,0,0,0,0,0.000,0.000,0.000000,0.000000,0.000000,0.040000,-0.040000
680,B0,1,0.010000,0,0,0,0,0,0,0,0,0,0.000,0.000,0.000000,0.000000,0.000000,0.010000,-0.010000
680,B1,2,0.020000,0,0,0,0,0,0,0,0,0,0.000,0.000,0.000000,0.000000,0.000000,0.020000,-0.020000
680,B2,2,0.020000,0,0,0,0,0,0,0,0,0,0.000,0.000,0.000000,0.000000,0.000000,0.020000,-0.020000
680,C0,3,0.030000,0,0,0,0,0,0,0,0,0,0.000,0.000,0.000000,0.000000,0.000000,0.030000,-0.030000
680,C1,1,0.010000,0,0,0,0,0,0,0,0,0,0.000,0.000,0.000000,0.000000,0.000000,0.010000,-0.010000
680,C2,1,0.010000,0,0,0,1,0,1,0,0,8,0.000,12.981,0.000000,5.038505,5.038505,5.048505,-5.048505
685,A0,1,0.010000,0,0,0,0,0,0,0,0,0,0.000,0.000,0.000000,0.000000,0.000000,0.010000,-0.010000
685,A1,19,0.190000,0,0,0,0,0,0,0,0,0,0.000,0.000,0.000000,0.000000,0.000000,0.190000,-0.190000
685,A2,6,0.060000,0,0,0,0,0,0,0,0,0,0.000,0.000,0.000000,0.000000,0.000000,0.060000,-0.060000
685,B0,1,0.010000,0,0,0,0,0,0,0,0,0,0.000,0.000,0.000000,0.000000,0.000000,0.010000,-0.010000
685,B1,5,0.050000,0,0,0,0,0,0,0,0,0,0.000,0.000,0.000000,0.000000,0.000000,0.050000,-0.050000
685,B2,5,0.050000,0,0,0,0,0,0,0,0,0,0.000,0.000,0.000000,0.000000,0.000000,0.050000,-0.050000
685,C0,6,0.060000,0,0,0,0,0,0,0,0,0,0.000,0.000,0.000000,0.000000,0.000000,0.060000,-0.060000
685,C1,4,0.040000,0,0,0,0,0,0,0,0,0,0.000,0.000,0.000000,0.000000,0.000000,0.040000,-0.040000
685,C2,1,0.010000,0,0,0,1,0,1,0,0,7,0.000,12.981,0.000000,4.408692,4.408692,4.418692,-4.418692
690,A0,1,0.010000,0,0,0,0,0,0,0,0,0,0.000,0.000,0.000000,0.000000,0.000000,0.010000,-0.010000
690,A1,19,0.190000,0,0,0,0,0,0,0,0,0,0.000,0.000,0.000000,0.000000,0.000000,0.190000,-0.190000
690,A2,9,0.090000,0,0,0,0,0,0,0,0,0,0.000,0.000,0.000000,0.000000,0.000000,0.090000,-0.090000
690,B0,1,0.010000,0,0,0,0,0,0,0,0,0,0.000,0.000,0.000000,0.000000,0.000000,0.010000,-0.010000
690,B1,9,0.090000,0,0,0,0,0,0,0,0,0,0.000,0.000,0.000000,0.000000,0.000000,0.090000,-0.090000
690,B2,8,0.080000,0,0,0,0,0,0,0,0,0,0.000,0.000,0.000000,0.000000,0.000000,0.080000,-0.080000
690,C0,8,0.080000,0,0,0,0,0,0,0,0,0,0.000,0.000,0.000000,0.000000,0.000000,0.080000,-0.080000
690,C1,5,0.050000,0,0,0,0,0,0,0,0,0,0.000,0.000,0.000000,0.000000,0.000000,0.050000,-0.050000
690,C2,3,0.030000,0,0,0,1,0,1,0,0,6,0.000,12.981,0.000000,3.778879,3.778879,3.808879,-3.808879
695,A0,5,0.050000,0,0,0,1,0,1,0,0,23,0.000,12.981,0.000000,14.485701,14.485701,14.535701,-14.535701
695,A1,17,0.170000,0,0,0,1,0,1,0,0,0,0.000,12.981,0.000000,0.000000,0.000000,0.170000,-0.170000
695,A2,10,0.100000,0,0,0,0,0,0,0,0,0,0.000,0.000,0.000000,0.000000,0.000000,0.100000,-0.100000
695,B0,1,0.010000,0,0,0,0,0,0,0,0,0,0.000,0.000,0.000000,0.000000,0.000000,0.010000,-0.010000
695,B1,12,0.120000,0,0,0,0,0,0,0,0,0,0.000,0.000,0.000000,0.000000,0.000000,0.120000,-0.120000
695,B2,12,0.120000,0,0,0,0,0,0,0,0,0,0.000,0.000,0.000000,0.000000,0.000000,0.120000,-0.120000
695,C0,8,0.080000,0,0,0,0,0,0,0,0,0,0.000,0.000,0.000000,0.000000,0.000000,0.080000,-0.080000
695,C1,6,0.060000,0,0,0,0,0,0,0,0,0,0.000,0.000,0.000000,0.000000,0.000000,0.060000,-0.060000
695,C2,4,0.040000,0,0,0,1,0,1,0,0,6,0.000,12.981,0.000000,3.778879,3.778879,3.818879,-3.818879
700,A0,7,0.070000,0,0,0,2,0,2,0,0,19,0.000,12.981,0.000000,11.966449,11.966449,12.036449,-12.036449
700,A1,21,0.210000,0,0,0,1,0,1,0,0,0,0.000,12.981,0.000000,0.000000,0.000000,0.210000,-0.210000
700,A2,10,0.100000,0,0,0,0,0,0,0,0,0,0.000,0.000,0.000000,0.000000,0.000000,0.100000,-0.100000
700,B0,1,0.010000,0,0,0,0,0,0,0,0,0,0.000,0.000,0.000000,0.000000,0.000000,0.010000,-0.010000
700,B1,13,0.130000,0,2,0,0,0,2,0,0,11,0.000,12.981,0.000000,6.927944,6.927944,7.057944,-7.057944
700,B2,17,0.170000,0,0,0,0,0,0,0,0,0,0.000,0.000,0.000000,0.000000,0.000000,0.170000,-0.170000
700,C0,8,0.080000,0,1,0,0,0,1,0,0,2,0.000,12.981,0.000000,1.259626,1.259626,1.339626,-1.339626
700,C1,8,0.080000,0,0,0,0,0,0,0,0,0,0.000,0.000,0.000000,0.000000,0.000000,0.080000,-0.080000
700,C2,4,0.040000,0,0,0,1,0,1,0,0,3,0.000,12.981,0.000000,1.889439,1.889439,1.929439,-1.929439
705,A0,12,0.120000,0,0,0,2,0,2,0,0,18,0.000,12.981,0.000000,11.336636,11.336636,11.456636,-11.456636
705,A1,24,0.240000,0,0,0,1,0,1,0,0,0,0.000,12.981,0.000000,0.000000,0.000000,0.240000,-0.240000
705,A2,10,0.100000,0,1,0,0,0,1,0,0,12,0.000,12.981,0.000000,7.557757,7.557757,7.657757,-7.657757
705,B0,1,0.010000,0,0,0,0,0,0,0,0,0,0.000,0.000,0.000000,0.000000,0.000000,0.010000,-0.010000
705,B1,13,0.130000,0,2,0,1,0,3,0,0,7,0.000,12.981,0.000000,4.408692,4.408692,4.538692,-4.538692
705,B2,22,0.220000,0,0,0,0,0,0,0,0,0,0.000,0.000,0.000000,0.000000,0.000000,0.220000,-0.220000
705,C0,8,0.080000,0,1,0,0,0,1,0,0,4,0.000,12.981,0.000000,2.519252,2.519252,2.599252,-2.599252
705,C1,8,0.080000,0,2,0,0,0,2,0,0,12,0.000,12.981,0.000000,7.557757,7.557757,7.637757,-7.637757
705,C2,5,0.050000,0,1,0,1,0,2,0,0,5,0.000,12.981,0.000000,3.149065,3.149065,3.199065,-3.199065
710,A0,15,0.150000,0,0,0,2,0,2,0,0,15,0.000,12.981,0.000000,9.447196,9.447196,9.597196,-9.597196
710,A1,26,0.260000,0,0,0,1,0,1,0,0,0,0.000,12.981,0.000000,0.000000,0.000000,0.260000,-0.260000
710,A2,10,0.100000,0,2,0,0,0,2,0,0,13,0.000,12.981,0.000000,8.187570,8.187570,8.287570,-8.287570
710,B0,1,0.010000,0,0,0,0,0,0,0,0,0,0.000,0.000,0.000000,0.000000,0.000000,0.010000,-0.010000
710,B1,13,0.130000,0,2,0,1,0,3,0,0,3,0.000,12.981,0.000000,1.889439,1.889439,2.019439,-2.019439
710,B2,27,0.270000,0,0,0,0,0,0,0,0,0,0.000,0.000,0.000000,0.000000,0.000000,0.270000,-0.270000
710,C0,8,0.080000,0,1,0,0,0,1,0,0,4,0.000,12.981,0.000000,2.519252,2.519252,2.599252,-2.599252
710,C1,8,0.080000,0,2,0,1,0,3,0,0,10,0.000,12.981,0.000000,6.298131,6.298131,6.378131,-6.378131
710,C2,4,0.040000,0,1,0,1,0,2,0,0,5,0.000,12.981,0.000000,3.149065,3.149065,3.189065,-3.189065
715,A0,19,0.190000,0,0,0,0,0,0,2,0,0,0.000,0.000,0.000000,0.000000,0.000000,0.190000,-0.190000
715,A1,27,0.270000,0,0,0,0,0,0,1,0,0,0.000,0.000,0.000000,0.000000,0.000000,0.270000,-0.270000
715,A2,11,0.110000,0,0,0,0,0,0,2,0,0,0.000,0.000,0.000000,0.000000,0.000000,0.110000,-0.110000
715,B0,1,0.010000,0,0,0,0,0,0,1,0,0,0.000,0.000,0.000000,0.000000,0.000000,0.010000,-0.010000
715,B1,13,0.130000,0,0,0,0,0,0,3,0,0,0.000,0.000,0.000000,0.000000,0.000000,0.130000,-0.130000
715,B2,32,0.320000,0,0,0,0,0,0,0,0,0,0.000,0.000,0.000000,0.000000,0.000000,0.320000,-0.320000
715,C0,8,0.080000,0,0,0,0,0,0,2,0,0,0.000,0.000,0.000000,0.000000,0.000000,0.080000,-0.080000
715,C1,8,0.080000,0,0,0,0,0,0,3,0,0,0.000,0.000,0.000000,0.000000,0.000000,0.080000,-0.080000
715,C2,4,0.040000,0,0,0,0,0,0,2,0,0,0.000,0.000,0.000000,0.000000,0.000000,0.040000,-0.040000
720,A0,22,0.220000,0,0,0,0,0,0,2,0,0,0.000,0.000,0.000000,0.000000,0.000000,0.220000,-0.220000
720,A1,29,0.290000,0,0,0,0,0,0,1,0,0,0.000,0.000,0.000000,0.000000,0.000000,0.290000,-0.290000
720,A2,13,0.130000,0,0,0,0,0,0,2,0,0,0.000,0.000,0.000000,0.000000,0.000000,0.130000,-0.130000
720,B0,1,0.010000,0,0,0,0,0,0,1,0,0,0.000,0.000,0.000000,0.000000,0.000000,0.010000,-0.010000
720,B1,13,0.130000,0,0,0,0,0,0,4,0,0,0.000,0.000,0.000000,0.000000,0.000000,0.130000,-0.130000
720,B2,33,0.330000,0,0,0,0,0,0,0,0,0,0.000,0.000,0.000000,0.000000,0.000000,0.330000,-0.330000
720,C0,10,0.100000,0,0,0,0,0,0,2,0,0,0.000,0.000,0.000000,0.000000,0.000000,0.100000,-0.100000
720,C1,8,0.080000,0,0,0,0,0,0,3,0,0,0.000,0.000,0.000000,0.000000,0.000000,0.080000,-0.080000
720,C2,4,0.040000,0,0,0,0,0,0,2,0,0,0.000,0.000,0.000000,0.000000,0.000000,0.040000,-0.040000
725,A0,14,0.140000,0,0,0,0,0,0,0,0,0,0.000,0.000,0.000000,0.000000,0.000000,0.140000,-0.140000
725,A1,0,0.000000,0,0,0,0,0,0,0,0,0,0.000,0.000,0.000000,0.000000,0.000000,0.000000,-0.000000
725,A2,4,0.040000,0,0,0,0,0,0,0,0,0,0.000,0.000,0.000000,0.000000,0.000000,0.040000,-0.040000
725,B0,0,0.000000,1,0,0,0,1,0,0,5,0,12.981,0.000,3.149065,0.000000,3.149065,3.149065,-3.149065
725,B1,3,0.030000,0,0,1,0,1,0,0,7,0,12.981,0.000,4.408692,0.000000,4.408692,4.438692,-4.438692
725,B2,2,0.020000,0,0,0,0,0,0,0,0,0,0.000,0.000,0.000000,0.000000,0.000000,0.020000,-0.020000
725,C0,5,0.050000,0,0,0,0,0,0,0,0,0,0.000,0.000,0.000000,0.000000,0.000000,0.050000,-0.050000
725,C1,4,0.040000,0,0,0,0,0,0,0,0,0,0.000,0.000,0.000000,0.000000,0.000000,0.040000,-0.040000
725,C2,2,0.020000,0,0,0,0,0,0,0,0,0,0.000,0.000,0.000000,0.000000,0.000000,0.020000,-0.020000
730,A0,15,0.150000,0,0,0,0,0,0,0,0,0,0.000,0.000,0.000000,0.000000,0.000000,0.150000,-0.150000
730,A1,2,0.020000,0,0,0,0,0,0,0,0,0,0.000,0.000,0.000000,0.000000,0.000000,0.020000,-0.020000
730,A2,11,0.110000,0,0,0,0,0,0,0,0,0,0.000,0.000,0.000000,0.000000,0.000000,0.110000,-0.110000
730,B0,2,0.020000,1,0,0,0,1,0,0,5,0,12.981,0.000,3.149065,0.000000,3.149065,3.169065,-3.169065
730,B1,7,0.070000,0,0,1,0,1,0,0,8,0,12.981,0.000,5.038505,0.000000,5.038505,5.108505,-5.108505
730,B2,4,0.040000,0,0,0,0,0,0,0,0,0,0.000,0.000,0.000000,0.000000,0.000000,0.040000,-0.040000
730,C0,11,0.110000,0,0,0,0,0,0,0,0,0,0.000,0.000,0.000000,0.000000,0.000000,0.110000,-0.110000
730,C1,9,0.090000,0,0,0,0,0,0,0,0,0,0.000,0.000,0.000000,0.000000,0.000000,0.090000,-0.090000
730,C2,4,0.040000,0,0,0,0,0,0,0,0,0,0.000,0.000,0.000000,0.000000,0.000000,0.040000,-0.040000
735,A0,18,0.180000,0,0,0,0,0,0,0,0,0,0.000,0.000,0.000000,0.000000,0.000000,0.180000,-0.180000
735,A1,5,0.050000,0,0,0,0,0,0,0,0,0,0.000,0.000,0.000000,0.000000,0.000000,0.050000,-0.050000
735,A2,14,0.140000,0,0,0,0,0,0,0,0,0,0.000,0.000,0.000000,0.000000,0.000000,0.140000,-0.140000
735,B0,5,0.050000,1,0,0,0,1,0,0,2,0,12.981,0.000,1.259626,0.000000,1.259626,1.309626,-1.309626
735,B1,10,0.100000,0,0,1,0,1,0,0,12,0,12.981,0.000,7.557757,0.000000,7.557757,7.657757,-7.657757
735,B2,5,0.050000,1,0,0,0,1,0,0,17,0,12.981,0.000,10.706822,0.000000,10.706822,10.756822,-10.756822
735,C0,14,0.140000,0,0,1,0,1,0,0,20,0,12.981,0.000,12.596262,0.000000,12.596262,12.736262,-12.736262
735,C1,10,0.100000,0,0,0,0,0,0,0,0,0,0.000,0.000,0.000000,0.000000,0.000000,0.100000,-0.100000
735,C2,6,0.060000,0,0,0,0,0,0,0,0,0,0.000,0.000,0.000000,0.000000,0.000000,0.060000,-0.060000
740,A0,21,0.210000,0,0,0,0,0,0,0,0,0,0.000,0.000,0.000000,0.000000,0.000000,0.210000,-0.210000
740,A1,6,0.060000,0,0,0,0,0,0,0,0,0,0.000,0.000,0.000000,0.000000,0.000000,0.060000,-0.060000
740,A2,17,0.170000,0,0,0,0,0,0,0,0,0,0.000,0.000,0.000000,0.000000,0.000000,0.170000,-0.170000
740,B0,7,0.070000,1,0,0,0,1,0,0,0,0,12.981,0.000,0.000000,0.000000,0.000000,0.070000,-0.070000
740,B1,13,0.130000,0,0,1,0,1,0,0,12,0,12.981,0.000,7.557757,0.000000,7.557757,7.687757,-7.687757
740,B2,5,0.050000,1,0,1,0,2,0,0,17,0,12.981,0.000,10.706822,0.000000,10.706822,10.756822,-10.756822
740,C0,16,0.160000,0,0,1,0,1,0,0,24,0,12.981,0.000,15.115514,0.000000,15.115514,15.275514,-15.275514
740,C1,10,0.100000,0,0,0,0,0,0,0,0,0,0.000,0.000,0.000000,0.000000,0.000000,0.100000,-0.100000
740,C2,6,0.060000,1,0,0,0,1,0,0,13,0,12.981,0.000,8.187570,0.000000,8.187570,8.247570,-8.247570
745,A0,23,0.230000,0,0,0,0,0,0,0,0,0,0.000,0.000,0.000000,0.000000,0.000000,0.230000,-0.230000
745,A1,6,0.060000,0,0,0,0,0,0,0,0,0,0.000,0.000,0.000000,0.000000,0.000000,0.060000,-0.060000
745,A2,19,0.190000,0,0,0,0,0,0,0,0,0,0.000,0.000,0.000000,0.000000,0.000000,0.190000,-0.190000
745,B0,7,0.070000,1,0,0,0,1,0,0,0,0,12.981,0.000,0.000000,0.000000,0.000000,0.070000,-0.070000
745,B1,13,0.130000,0,0,1,0,1,0,0,9,0,12.981,0.000,5.668318,0.000000,5.668318,5.798318,-5.798318
745,B2,10,0.100000,1,0,1,0,2,0,0,15,0,12.981,0.000,9.447196,0.000000,9.447196,9.547196,-9.547196
745,C0,16,0.160000,0,0,2,0,2,0,0,23,0,12.981,0.000,14.485701,0.000000,14.485701,14.645701,-14.645701
745,C1,10,0.100000,0,0,0,0,0,0,0,0,0,0.000,0.000,0.000000,0.000000,0.000000,0.100000,-0.100000
745,C2,6,0.060000,3,0,0,0,3,0,0,12,0,12.981,0.000,7.557757,0.000000,7.557757,7.617757,-7.617757
750,A0,23,0.230000,0,0,0,0,0,0,0,0,0,0.000,0.000,0.000000,0.000000,0.000000,0.230000,-0.230000
750,A1,6,0.060000,0,0,0,0,0,0,0,0,0,0.000,0.000,0.000000,0.000000,0.000000,0.060000,-0.060000
750,A2,23,0.230000,0,0,1,0,1,0,0,8,0,12.981,0.000,5.038505,0.000000,5.038505,5.268505,-5.268505
750,B0,10,0.100000,1,0,0,0,1,0,0,0,0,12.981,0.000,0.000000,0.000000,0.000000,0.100000,-0.100000
750,B1,13,0.130000,0,0,1,0,1,0,0,7,0,12.981,0.000,4.408692,0.000000,4.408692,4.538692,-4.538692
750,B2,10,0.100000,1,0,1,0,2,0,0,13,0,12.981,0.000,8.187570,0.000000,8.187570,8.287570,-8.287570
750,C0,16,0.160000,1,0,2,0,3,0,0,21,0,12.981,0.000,13.226075,0.000000,13.226075,13.386075,-13.386075
750,C1,10,0.100000,0,0,0,0,0,0,0,0,0,0.000,0.000,0.000000,0.000000,0.000000,0.100000,-0.100000
750,C2,8,0.080000,3,0,0,0,3,0,0,9,0,12.981,0.000,5.668318,0.000000,5.668318,5.748318,-5.748318
755,A0,23,0.230000,0,0,1,0,1,0,0,21,0,12.981,0.000,13.226075,0.000000,13.226075,13.456075,-13.456075
755,A1,10,0.100000,0,0,1,0,1,0,0,17,0,12.981,0.000,10.706822,0.000000,10.706822,10.806822,-10.806822
755,A2,26,0.260000,0,0,2,0,2,0,0,10,0,12.981,0.000,6.298131,0.000000,6.298131,6.558131,-6.558131
755,B0,13,0.130000,1,0,1,0,2,0,0,2,0,12.981,0.000,1.259626,0.000000,1.259626,1.389626,-1.389626
755,B1,14,0.140000,0,0,1,0,1,0,0,5,0,12.981,0.000,3.149065,0.000000,3.149065,3.289065,-3.289065
755,B2,10,0.100000,1,0,1,0,2,0,0,10,0,12.981,0.000,6.298131,0.000000,6.298131,6.398131,-6.398131
755,C0,17,0.170000,1,0,2,0,3,0,0,18,0,12.981,0.000,11.336636,0.000000,11.336636,11.506636,-11.506636
755,C1,12,0.120000,0,0,0,0,0,0,0,0,0,0.000,0.000,0.000000,0.000000,0.000000,0.120000,-0.120000
755,C2,11,0.110000,3,0,0,0,3,0,0,7,0,12.981,0.000,4.408692,0.000000,4.408692,4.518692,-4.518692
760,A0,23,0.230000,0,0,0,0,0,0,1,0,0,0.000,0.000,0.000000,0.000000,0.000000,0.230000,-0.230000
760,A1,13,0.130000,0,0,0,0,0,0,1,0,0,0.000,0.000,0.000000,0.000000,0.000000,0.130000,-0.130000
760,A2,29,0.290000,0,0,0,0,0,0,2,0,0,0.000,0.000,0.000000,0.000000,0.000000,0.290000,-0.290000
760,B0,14,0.140000,0,0,0,0,0,0,2,0,0,0.000,0.000,0.000000,0.000000,0.000000,0.140000,-0.140000
760,B1,14,0.140000,0,0,0,0,0,0,1,0,0,0.000,0.000,0.000000,0.000000,0.000000,0.140000,-0.140000
760,B2,11,0.110000,0,0,0,0,0,0,2,0,0,0.000,0.000,0.000000,0.000000,0.000000,0.110000,-0.110000
760,C0,19,0.190000,0,0,0,0,0,0,3,0,0,0.000,0.000,0.000000,0.000000,0.000000,0.190000,-0.190000
760,C1,14,0.140000,0,0,0,0,0,0,0,0,0,0.000,0.000,0.000000,0.000000,0.000000,0.140000,-0.140000
760,C2,11,0.110000,0,0,0,0,0,0,3,0,0,0.000,0.000,0.000000,0.000000,0.000000,0.110000,-0.110000
765,A0,23,0.230000,0,0,0,0,0,0,1,0,0,0.000,0.000,0.000000,0.000000,0.000000,0.230000,-0.230000
765,A1,19,0.190000,0,0,0,0,0,0,1,0,0,0.000,0.000,0.000000,0.000000,0.000000,0.190000,-0.190000
765,A2,33,0.330000,0,0,0,0,0,0,3,0,0,0.000,0.000,0.000000,0.000000,0.000000,0.330000,-0.330000
765,B0,15,0.150000,0,0,0,0,0,0,2,0,0,0.000,0.000,0.000000,0.000000,0.000000,0.150000,-0.150000
765,B1,14,0.140000,0,0,0,0,0,0,1,0,0,0.000,0.000,0.000000,0.000000,0.000000,0.140000,-0.140000
765,B2,12,0.120000,0,0,0,0,0,0,2,0,0,0.000,0.000,0.000000,0.000000,0.000000,0.120000,-0.120000
765,C0,21,0.210000,0,0,0,0,0,0,3,0,0,0.000,0.000,0.000000,0.000000,0.000000,0.210000,-0.210000
765,C1,16,0.160000,0,0,0,0,0,0,0,0,0,0.000,0.000,0.000000,0.000000,0.000000,0.160000,-0.160000
765,C2,11,0.110000,0,0,0,0,0,0,3,0,0,0.000,0.000,0.000000,0.000000,0.000000,0.110000,-0.110000
770,A0,14,0.140000,0,0,0,0,0,0,0,0,0,0.000,0.000,0.000000,0.000000,0.000000,0.140000,-0.140000
770,A1,5,0.050000,0,0,0,0,0,0,0,0,0,0.000,0.000,0.000000,0.000000,0.000000,0.050000,-0.050000
770,A2,6,0.060000,0,0,0,1,0,1,0,0,10,0.000,12.981,0.000000,6.298131,6.298131,6.358131,-6.358131
770,B0,0,0.000000,0,0,0,0,0,0,0,0,0,0.000,0.000,0.000000,0.000000,0.000000,0.000000,-0.000000
770,B1,2,0.020000,0,0,0,0,0,0,0,0,0,0.000,0.000,0.000000,0.000000,0.000000,0.020000,-0.020000
770,B2,18,0.180000,0,0,0,0,0,0,0,0,0,0.000,0.000,0.000000,0.000000,0.000000,0.180000,-0.180000
770,C0,4,0.040000,0,0,0,0,0,0,0,0,0,0.000,0.000,0.000000,0.000000,0.000000,0.040000,-0.040000
770,C1,4,0.040000,0,0,0,0,0,0,0,0,0,0.000,0.000,0.000000,0.000000,0.000000,0.040000,-0.040000
770,C2,2,0.020000,0,0,0,0,0,0,0,0,0,0.000,0.000,0.000000,0.000000,0.000000,0.020000,-0.020000
775,A0,19,0.190000,0,0,0,1,0,1,0,0,17,0.000,12.981,0.000000,10.706822,10.706822,10.896822,-10.896822
775,A1,11,0.110000,0,0,0,0,0,0,0,0,0,0.000,0.000,0.000000,0.000000,0.000000,0.110000,-0.110000
775,A2,10,0.100000,0,0,0,1,0,1,0,0,10,0.000,12.981,0.000000,6.298131,6.298131,6.398131,-6.398131
775,B0,4,0.040000,0,0,0,0,0,0,0,0,0,0.000,0.000,0.000000,0.000000,0.000000,0.040000,-0.040000
775,B1,2,0.020000,0,0,0,0,0,0,0,0,0,0.000,0.000,0.000000,0.000000,0.000000,0.020000,-0.020000
775,B2,18,0.180000,0,0,0,0,0,0,0,0,0,0.000,0.000,0.000000,0.000000,0.000000,0.180000,-0.180000
775,C0,9,0.090000,0,0,0,2,0,2,0,0,13,0.000,12.981,0.000000,8.187570,8.187570,8.277570,-8.277570
775,C1,10,0.100000,0,0,0,0,0,0,0,0,0,0.000,0.000,0.000000,0.000000,0.000000,0.100000,-0.100000
775,C2,4,0.040000,0,0,0,0,0,0,0,0,0,0.000,0.000,0.000000,0.000000,0.000000,0.040000,-0.040000
780,A0,21,0.210000,0,0,0,2,0,2,0,0,19,0.000,12.981,0.000000,11.966449,11.966449,12.176449,-12.176449
780,A1,17,0.170000,0,0,0,0,0,0,0,0,0,0.000,0.000,0.000000,0.000000,0.000000,0.170000,-0.170000
780,A2,13,0.130000,0,0,0,3,0,3,0,0,14,0.000,12.981,0.000000,8.817383,8.817383,8.947383,-8.947383
780,B0,6,0.060000,0,0,0,0,0,0,0,0,0,0.000,0.000,0.000000,0.000000,0.000000,0.060000,-0.060000
780,B1,2,0.020000,0,1,0,0,0,1,0,0,22,0.000,12.981,0.000000,13.855888,13.855888,13.875888,-13.875888
780,B2,16,0.160000,0,0,0,0,0,0,0,0,0,0.000,0.000,0.000000,0.000000,0.000000,0.160000,-0.160000
780,C0,12,0.120000,0,0,0,2,0,2,0,0,17,0.000,12.981,0.000000,10.706822,10.706822,10.826822,-10.826822
780,C1,14,0.140000,0,0,0,0,0,0,0,0,0,0.000,0.000,0.000000,0.000000,0.000000,0.140000,-0.140000
780,C2,7,0.070000,0,0,0,0,0,0,0,0,0,0.000,0.000,0.000000,0.000000,0.000000,0.070000,-0.070000
785,A0,24,0.240000,0,0,0,2,0,2,0,0,19,0.000,12.981,0.000000,11.966449,11.966449,12.206449,-12.206449
785,A1,18,0.180000,0,0,0,0,0,0,0,0,0,0.000,0.000,0.000000,0.000000,0.000000,0.180000,-0.180000
785,A2,15,0.150000,0,3,0,4,0,7,0,0,12,0.000,12.981,0.000000,7.557757,7.557757,7.707757,-7.707757
785,B0,8,0.080000,0,0,0,0,0,0,0,0,0,0.000,0.000,0.000000,0.000000,0.000000,0.080000,-0.080000
785,B1,2,0.020000,0,1,0,0,0,1,0,0,19,0.000,12.981,0.000000,11.966449,11.966449,11.986449,-11.986449
785,B2,15,0.150000,0,0,0,0,0,0,0,0,0,0.000,0.000,0.000000,0.000000,0.000000,0.150000,-0.150000
785,C0,14,0.140000,0,0,0,2,0,2,0,0,21,0.000,12.981,0.000000,13.226075,13.226075,13.366075,-13.366075
785,C1,16,0.160000,0,1,0,0,0,1,0,0,5,0.000,12.981,0.000000,3.149065,3.149065,3.309065,-3.309065
785,C2,8,0.080000,0,0,0,0,0,0,0,0,0,0.000,0.000,0.000000,0.000000,0.000000,0.080000,-0.080000
790,A0,32,0.320000,0,0,0,2,0,2,0,0,18,0.000,12.981,0.000000,11.336636,11.336636,11.656636,-11.656636
790,A1,19,0.190000,0,0,0,0,0,0,0,0,0,0.000,0.000,0.000000,0.000000,0.000000,0.190000,-0.190000
790,A2,15,0.150000,0,3,0,4,0,7,0,0,10,0.000,12.981,0.000000,6.298131,6.298131,6.448131,-6.448131
790,B0,10,0.100000,0,0,0,0,0,0,0,0,0,0.000,0.000,0.000000,0.000000,0.000000,0.100000,-0.100000
790,B1,2,0.020000,0,1,0,0,0,1,0,0,16,0.000,12.981,0.000000,10.077009,10.077009,10.097009,-10.097009
790,B2,18,0.180000,0,0,0,0,0,0,0,0,0,0.000,0.000,0.000000,0.000000,0.000000,0.180000,-0.180000
790,C0,18,0.180000,0,0,0,4,0,4,0,0,25,0.000,12.981,0.000000,15.745327,15.745327,15.925327,-15.925327
790,C1,19,0.190000,0,2,0,0,0,2,0,0,5,0.000,12.981,0.000000,3.149065,3.149065,3.339065,-3.339065
790,C2,8,0.080000,0,0,0,0,0,0,0,0,0,0.000,0.000,0.000000,0.000000,0.000000,0.080000,-0.080000
795,A0,38,0.380000,0,0,0,2,0,2,0,0,13,0.000,12.981,0.000000,8.187570,8.187570,8.567570,-8.567570
795,A1,20,0.200000,0,0,0,0,0,0,0,0,0,0.000,0.000,0.000000,0.000000,0.000000,0.200000,-0.200000
795,A2,16,0.160000,0,5,0,4,0,9,0,0,11,0.000,12.981,0.000000,6.927944,6.927944,7.087944,-7.087944
795,B0,10,0.100000,0,0,0,0,0,0,0,0,0,0.000,0.000,0.000000,0.000000,0.000000,0.100000,-0.100000
795,B1,2,0.020000,0,1,0,1,0,2,0,0,13,0.000,12.981,0.000000,8.187570,8.187570,8.207570,-8.207570
795,B2,22,0.220000,0,1,0,0,0,1,0,0,13,0.000,12.981,0.000000,8.187570,8.187570,8.407570,-8.407570
795,C0,21,0.210000,0,0,0,4,0,4,0,0,27,0.000,12.981,0.000000,17.004953,17.004953,17.214953,-17.214953
795,C1,25,0.250000,0,2,0,0,0,2,0,0,6,0.000,12.981,0.000000,3.778879,3.778879,4.028879,-4.028879
795,C2,8,0.080000,0,0,0,0,0,0,0,0,0,0.000,0.000,0.000000,0.000000,0.000000,0.080000,-0.080000
800,A0,41,0.410000,0,0,0,3,0,3,0,0,11,0.000,12.981,0.000000,6.927944,6.927944,7.337944,-7.337944
800,A1,23,0.230000,0,0,0,0,0,0,0,0,0,0.000,0.000,0.000000,0.000000,0.000000,0.230000,-0.230000
800,A2,19,0.190000,0,4,0,4,0,8,0,0,10,0.000,12.981,0.000000,6.298131,6.298131,6.488131,-6.488131
800,B0,10,0.100000,0,0,0,1,0,1,0,0,12,0.000,12.981,0.000000,7.557757,7.557757,7.657757,-7.657757
800,B1,2,0.020000,0,1,0,1,0,2,0,0,11,0.000,12.981,0.000000,6.927944,6.927944,6.947944,-6.947944
800,B2,28,0.280000,0,2,0,0,0,2,0,0,15,0.000,12.981,0.000000,9.447196,9.447196,9.727196,-9.727196
800,C0,24,0.240000,0,0,0,5,0,5,0,0,22,0.000,12.981,0.000000,13.855888,13.855888,14.095888,-14.095888
800,C1,25,0.250000,0,2,0,0,0,2,0,0,7,0.000,12.981,0.000000,4.408692,4.408692,4.658692,-4.658692
800,C2,8,0.080000,0,1,0,0,0,1,0,0,2,0.000,12.981,0.000000,1.259626,1.259626,1.339626,-1.339626
805,A0,44,0.440000,0,0,0,0,0,0,7,0,0,0.000,0.000,0.000000,0.000000,0.000000,0.440000,-0.440000
805,A1,23,0.230000,0,0,0,0,0,0,0,0,0,0.000,0.000,0.000000,0.000000,0.000000,0.230000,-0.230000
805,A2,20,0.200000,0,0,0,0,0,0,11,0,0,0.000,0.000,0.000000,0.000000,0.000000,0.200000,-0.200000
805,B0,10,0.100000,0,0,0,0,0,0,1,0,0,0.000,0.000,0.000000,0.000000,0.000000,0.100000,-0.100000
805,B1,2,0.020000,0,0,0,0,0,0,2,0,0,0.000,0.000,0.000000,0.000000,0.000000,0.020000,-0.020000
805,B2,29,0.290000,0,0,0,0,0,0,2,0,0,0.000,0.000,0.000000,0.000000,0.000000,0.290000,-0.290000
805,C0,29,0.290000,0,0,0,0,0,0,6,0,0,0.000,0.000,0.000000,0.000000,0.000000,0.290000,-0.290000
805,C1,25,0.250000,0,0,0,0,0,0,4,0,0,0.000,0.000,0.000000,0.000000,0.000000,0.250000,-0.250000
805,C2,8,0.080000,0,0,0,0,0,0,1,0,0,0.000,0.000,0.000000,0.000000,0.000000,0.080000,-0.080000
810,A0,46,0.460000,0,0,0,0,0,0,7,0,0,0.000,0.000,0.000000,0.000000,0.000000,0.460000,-0.460000
810,A1,23,0.230000,0,0,0,0,0,0,0,0,0,0.000,0.000,0.000000,0.000000,0.000000,0.230000,-0.230000
810,A2,20,0.200000,0,0,0,0,0,0,14,0,0,0.000,0.000,0.000000,0.000000,0.000000,0.200000,-0.200000
810,B0,11,0.110000,0,0,0,0,0,0,1,0,0,0.000,0.000,0.000000,0.000000,0.000000,0.110000,-0.110000
810,B1,2,0.020000,0,0,0,0,0,0,2,0,0,0.000,0.000,0.000000,0.000000,0.000000,0.020000,-0.020000
810,B2,30,0.300000,0,0,0,0,0,0,2,0,0,0.000,0.000,0.000000,0.000000,0.000000,0.300000,-0.300000
810,C0,31,0.310000,0,0,0,0,0,0,6,0,0,0.000,0.000,0.000000,0.000000,0.000000,0.310000,-0.310000
810,C1,25,0.250000,0,0,0,0,0,0,4,0,0,0.000,0.000,0.000000,0.000000,0.000000,0.250000,-0.250000
810,C2,8,0.080000,0,0,0,0,0,0,2,0,0,0.000,0.000,0.000000,0.000000,0.000000,0.080000,-0.080000
815,A0,16,0.160000,0,0,0,0,0,0,0,0,0,0.000,0.000,0.000000,0.000000,0.000000,0.160000,-0.160000
815,A1,10,0.100000,0,0,2,0,2,0,0,8,0,12.981,0.000,5.038505,0.000000,5.038505,5.138505,-5.138505
815,A2,12,0.120000,0,0,0,0,0,0,0,0,0,0.000,0.000,0.000000,0.000000,0.000000,0.120000,-0.120000
815,B0,4,0.040000,0,0,0,0,0,0,0,0,0,0.000,0.000,0.000000,0.000000,0.000000,0.040000,-0.040000
815,B1,4,0.040000,0,0,0,0,0,0,0,0,0,0.000,0.000,0.000000,0.000000,0.000000,0.040000,-0.040000
815,B2,12,0.120000,0,0,0,0,0,0,0,0,0,0.000,0.000,0.000000,0.000000,0.000000,0.120000,-0.120000
815,C0,12,0.120000,0,0,0,0,0,0,0,0,0,0.000,0.000,0.000000,0.000000,0.000000,0.120000,-0.120000
815,C1,9,0.090000,0,0,0,0,0,0,0,0,0,0.000,0.000,0.000000,0.000000,0.000000,0.090000,-0.090000
815,C2,0,0.000000,0,0,1,0,1,0,0,6,0,12.981,0.000,3.778879,0.000000,3.778879,3.778879,-3.778879
820,A0,21,0.210000,0,0,0,0,0,0,0,0,0,0.000,0.000,0.000000,0.000000,0.000000,0.210000,-0.210000
820,A1,13,0.130000,0,0,2,0,2,0,0,18,0,12.981,0.000,11.336636,0.000000,11.336636,11.466636,-11.466636
820,A2,13,0.130000,2,0,0,0,2,0,0,13,0,12.981,0.000,8.187570,0.000000,8.187570,8.317570,-8.317570
820,B0,11,0.110000,1,0,0,0,1,0,0,11,0,12.981,0.000,6.927944,0.000000,6.927944,7.037944,-7.037944
820,B1,12,0.120000,1,0,0,0,1,0,0,4,0,12.981,0.000,2.519252,0.000000,2.519252,2.639252,-2.639252
820,B2,15,0.150000,0,0,0,0,0,0,0,0,0,0.000,0.000,0.000000,0.000000,0.000000,0.150000,-0.150000
820,C0,14,0.140000,0,0,0,0,0,0,0,0,0,0.000,0.000,0.000000,0.000000,0.000000,0.140000,-0.140000
820,C1,10,0.100000,0,0,1,0,1,0,0,16,0,12.981,0.000,10.077009,0.000000,10.077009,10.177009,-10.177009
820,C2,2,0.020000,0,0,3,0,3,0,0,8,0,12.981,0.000,5.038505,0.000000,5.038505,5.058505,-5.058505
825,A0,21,0.210000,0,0,0,0,0,0,0,0,0,0.000,0.000,0.000000,0.000000,0.000000,0.210000,-0.210000
825,A1,14,0.140000,0,0,3,0,3,0,0,22,0,12.981,0.000,13.855888,0.000000,13.855888,13.995888,-13.995888
825,A2,19,0.190000,0,0,0,0,0,0,0,0,0,0.000,0.000,0.000000,0.000000,0.000000,0.190000,-0.190000
825,B0,17,0.170000,2,0,0,0,2,0,0,11,0,12.981,0.000,6.927944,0.000000,6.927944,7.097944,-7.097944
825,B1,14,0.140000,1,0,0,0,1,0,0,6,0,12.981,0.000,3.778879,0.000000,3.778879,3.918879,-3.918879
825,B2,21,0.210000,0,0,0,0,0,0,0,0,0,0.000,0.000,0.000000,0.000000,0.000000,0.210000,-0.210000
825,C0,15,0.150000,0,0,1,0,1,0,0,20,0,12.981,0.000,12.596262,0.000000,12.596262,12.746262,-12.746262
825,C1,18,0.180000,0,0,0,0,0,0,0,0,0,0.000,0.000,0.000000,0.000000,0.000000,0.180000,-0.180000
825,C2,5,0.050000,0,0,3,0,3,0,0,6,0,12.981,0.000,3.778879,0.000000,3.778879,3.828879,-3.828879
830,A0,23,0.230000,0,0,0,0,0,0,0,0,0,0.000,0.000,0.000000,0.000000,0.000000,0.230000,-0.230000
830,A1,17,0.170000,0,0,4,0,4,0,0,21,0,12.981,0.000,13.226075,0.000000,13.226075,13.396075,-13.396075
830,A2,24,0.240000,0,0,0,0,0,0,0,0,0,0.000,0.000,0.000000,0.000000,0.000000,0.240000,-0.240000
830,B0,19,0.190000,3,0,0,0,3,0,0,9,0,12.981,0.000,5.668318,0.000000,5.668318,5.858318,-5.858318
830,B1,15,0.150000,1,0,0,0,1,0,0,7,0,12.981,0.000,4.408692,0.000000,4.408692,4.558692,-4.558692
830,B2,25,0.250000,0,0,0,0,0,0,0,0,0,0.000,0.000,0.000000,0.000000,0.000000,0.250000,-0.250000
830,C0,24,0.240000,0,0,2,0,2,0,0,22,0,12.981,0.000,13.855888,0.000000,13.855888,14.095888,-14.095888
830,C1,21,0.210000,0,0,0,0,0,0,0,0,0,0.000,0.000,0.000000,0.000000,0.000000,0.210000,-0.210000
830,C2,7,0.070000,0,0,3,0,3,0,0,4,0,12.981,0.000,2.519252,0.000000,2.519252,2.589252,-2.589252
835,A0,25,0.250000,0,0,0,0,0,0,0,0,0,0.000,0.000,0.000000,0.000000,0.000000,0.250000,-0.250000
835,A1,20,0.200000,0,0,4,0,4,0,0,16,0,12.981,0.000,10.077009,0.000000,10.077009,10.277009,-10.277009
835,A2,29,0.290000,0,0,0,0,0,0,0,0,0,0.000,0.000,0.000000,0.000000,0.000000,0.290000,-0.290000
835,B0,20,0.200000,3,0,0,0,3,0,0,13,0,12.981,0.000,8.187570,0.000000,8.187570,8.387570,-8.387570
835,B1,19,0.190000,1,0,0,0,1,0,0,6,0,12.981,0.000,3.778879,0.000000,3.778879,3.968879,-3.968879
835,B2,25,0.250000,0,0,0,0,0,0,0,0,0,0.000,0.000,0.000000,0.000000,0.000000,0.250000,-0.250000
835,C0,26,0.260000,1,0,1,0,2,0,0,27,0,12.981,0.000,17.004953,0.000000,17.004953,17.264953,-17.264953
835,C1,24,0.240000,0,0,0,0,0,0,0,0,0,0.000,0.000,0.000000,0.000000,0.000000,0.240000,-0.240000
835,C2,7,0.070000,0,0,3,0,3,0,0,3,0,12.981,0.000,1.889439,0.000000,1.889439,1.959439,-1.959439
840,A0,30,0.300000,0,0,0,0,0,0,0,0,0,0.000,0.000,0.000000,0.000000,0.000000,0.300000,-0.300000
840,A1,21,0.210000,0,0,4,0,4,0,0,14,0,12.981,0.000,8.817383,0.000000,8.817383,9.027383,-9.027383
840,A2,31,0.310000,0,0,0,0,0,0,0,0,0,0.000,0.000,0.000000,0.000000,0.000000,0.310000,-0.310000
840,B0,20,0.200000,3,0,0,0,3,0,0,11,0,12.981,0.000,6.927944,0.000000,6.927944,7.127944,-7.127944
840,B1,22,0.220000,1,0,0,0,1,0,0,4,0,12.981,0.000,2.519252,0.000000,2.519252,2.739252,-2.739252
840,B2,27,0.270000,0,0,0,0,0,0,0,0,0,0.000,0.000,0.000000,0.000000,0.000000,0.270000,-0.270000
840,C0,26,0.260000,1,0,2,0,3,0,0,27,0,12.981,0.000,17.004953,0.000000,17.004953,17.264953,-17.264953
840,C1,27,0.270000,0,0,0,0,0,0,0,0,0,0.000,0.000,0.000000,0.000000,0.000000,0.270000,-0.270000
840,C2,7,0.070000,0,0,3,0,3,0,0,4,0,12.981,0.000,2.519252,0.000000,2.519252,2.589252,-2.589252
845,A0,32,0.320000,0,0,0,0,0,0,0,0,0,0.000,0.000,0.000000,0.000000,0.000000,0.320000,-0.320000
845,A1,21,0.210000,0,0,4,0,4,0,0,15,0,12.981,0.000,9.447196,0.000000,9.447196,9.657196,-9.657196
845,A2,32,0.320000,0,0,0,0,0,0,0,0,0,0.000,0.000,0.000000,0.000000,0.000000,0.320000,-0.320000
845,B0,22,0.220000,3,0,0,0,3,0,0,10,0,12.981,0.000,6.298131,0.000000,6.298131,6.518131,-6.518131
845,B1,23,0.230000,1,0,0,0,1,0,0,3,0,12.981,0.000,1.889439,0.000000,1.889439,2.119439,-2.119439
845,B2,28,0.280000,0,0,0,0,0,0,0,0,0,0.000,0.000,0.000000,0.000000,0.000000,0.280000,-0.280000
845,C0,26,0.260000,1,0,2,0,3,0,0,24,0,12.981,0.000,15.115514,0.000000,15.115514,15.375514,-15.375514
845,C1,30,0.300000,0,0,0,0,0,0,0,0,0,0.000,0.000,0.000000,0.000000,0.000000,0.300000,-0.300000
845,C2,7,0.070000,0,0,3,0,3,0,0,6,0,12.981,0.000,3.778879,0.000000,3.778879,3.848879,-3.848879
850,A0,34,0.340000,0,0,0,0,0,0,0,0,0,0.000,0.000,0.000000,0.000000,0.000000,0.340000,-0.340000
850,A1,23,0.230000,0,0,0,0,0,0,5,0,0,0.000,0.000,0.000000,0.000000,0.000000,0.230000,-0.230000
850,A2,32,0.320000,0,0,0,0,0,0,0,0,0,0.000,0.000,0.000000,0.000000,0.000000,0.320000,-0.320000
850,B0,25,0.250000,0,0,0,0,0,0,5,0,0,0.000,0.000,0.000000,0.000000,0.000000,0.250000,-0.250000
850,B1,23,0.230000,0,0,0,0,0,0,2,0,0,0.000,0.000,0.000000,0.000000,0.000000,0.230000,-0.230000
850,B2,30,0.300000,0,0,0,0,0,0,1,0,0,0.000,0.000,0.000000,0.000000,0.000000,0.300000,-0.300000
850,C0,26,0.260000,0,0,0,0,0,0,4,0,0,0.000,0.000,0.000000,0.000000,0.000000,0.260000,-0.260000
850,C1,32,0.320000,0,0,0,0,0,0,0,0,0,0.000,0.000,0.000000,0.000000,0.000000,0.320000,-0.320000
850,C2,7,0.070000,0,0,0,0,0,0,4,0,0,0.000,0.000,0.000000,0.000000,0.000000,0.070000,-0.070000
855,A0,38,0.380000,0,0,0,0,0,0,2,0,0,0.000,0.000,0.000000,0.000000,0.000000,0.380000,-0.380000
855,A1,23,0.230000,0,0,0,0,0,0,5,0,0,0.000,0.000,0.000000,0.000000,0.000000,0.230000,-0.230000
855,A2,33,0.330000,0,0,0,0,0,0,0,0,0,0.000,0.000,0.000000,0.000000,0.000000,0.330000,-0.330000
855,B0,29,0.290000,0,0,0,0,0,0,6,0,0,0.000,0.000,0.000000,0.000000,0.000000,0.290000,-0.290000
855,B1,23,0.230000,0,0,0,0,0,0,2,0,0,0.000,0.000,0.000000,0.000000,0.000000,0.230000,-0.230000
855,B2,31,0.310000,0,0,0,0,0,0,2,0,0,0.000,0.000,0.000000,0.000000,0.000000,0.310000,-0.310000
855,C0,26,0.260000,0,0,0,0,0,0,4,0,0,0.000,0.000,0.000000,0.000000,0.000000,0.260000,-0.260000
855,C1,33,0.330000,0,0,0,0,0,0,1,0,0,0.000,0.000,0.000000,0.000000,0.000000,0.330000,-0.330000
855,C2,7,0.070000,0,0,0,0,0,0,5,0,0,0.000,0.000,0.000000,0.000000,0.000000,0.070000,-0.070000
860,A0,22,0.220000,0,0,0,2,0,2,0,0,10,0.000,12.981,0.000000,6.298131,6.298131,6.518131,-6.518131
860,A1,12,0.120000,0,0,0,0,0,0,0,0,0,0.000,0.000,0.000000,0.000000,0.000000,0.120000,-0.120000
860,A2,5,0.050000,0,0,0,0,0,0,0,0,0,0.000,0.000,0.000000,0.000000,0.000000,0.050000,-0.050000
860,B0,3,0.030000,0,0,0,3,0,3,0,0,8,0.000,12.981,0.000000,5.038505,5.038505,5.068505,-5.068505
860,B1,0,0.000000,0,0,0,0,0,0,0,0,0,0.000,0.000,0.000000,0.000000,0.000000,0.000000,-0.000000
860,B2,24,0.240000,0,1,0,0,0,1,0,0,11,0.000,12.981,0.000000,6.927944,6.927944,7.167944,-7.167944
860,C0,9,0.090000,0,1,0,1,0,2,0,0,8,0.000,12.981,0.000000,5.038505,5.038505,5.128505,-5.128505
860,C1,0,0.000000,0,1,0,0,0,1,0,0,9,0.000,12.981,0.000000,5.668318,5.668318,5.668318,-5.668318
860,C2,2,0.020000,0,1,0,0,0,1,0,0,3,0.000,12.981,0.000000,1.889439,1.889439,1.909439,-1.909439
865,A0,23,0.230000,0,0,0,2,0,2,0,0,13,0.000,12.981,0.000000,8.187570,8.187570,8.417570,-8.417570
865,A1,15,0.150000,0,1,0,0,0,1,0,0,10,0.000,12.981,0.000000,6.298131,6.298131,6.448131,-6.448131
865,A2,11,0.110000,0,0,0,0,0,0,0,0,0,0.000,0.000,0.000000,0.000000,0.000000,0.110000,-0.110000
865,B0,5,0.050000,0,0,0,3,0,3,0,0,12,0.000,12.981,0.000000,7.557757,7.557757,7.607757,-7.607757
865,B1,0,0.000000,0,0,0,0,0,0,0,0,0,0.000,0.000,0.000000,0.000000,0.000000,0.000000,-0.000000
865,B2,23,0.230000,0,2,0,0,0,2,0,0,18,0.000,12.981,0.000000,11.336636,11.336636,11.566636,-11.566636
865,C0,10,0.100000,0,1,0,2,0,3,0,0,12,0.000,12.981,0.000000,7.557757,7.557757,7.657757,-7.657757
865,C1,1,0.010000,0,3,0,0,0,3,0,0,11,0.000,12.981,0.000000,6.927944,6.927944,6.937944,-6.937944
865,C2,4,0.040000,0,2,0,1,0,3,0,0,7,0.000,12.981,0.000000,4.408692,4.408692,4.448692,-4.448692
870,A0,26,0.260000,0,0,0,2,0,2,0,0,19,0.000,12.981,0.000000,11.966449,11.966449,12.226449,-12.226449
870,A1,18,0.180000,0,0,0,0,0,0,0,0,0,0.000,0.000,0.000000,0.000000,0.000000,0.180000,-0.180000
870,A2,17,0.170000,0,0,0,0,0,0,0,0,0,0.000,0.000,0.000000,0.000000,0.000000,0.170000,-0.170000
870,B0,7,0.070000,0,0,0,3,0,3,0,0,12,0.000,12.981,0.000000,7.557757,7.557757,7.627757,-7.627757
870,B1,2,0.020000,0,0,0,0,0,0,0,0,0,0.000,0.000,0.000000,0.000000,0.000000,0.020000,-0.020000
870,B2,25,0.250000,0,2,0,0,0,2,0,0,23,0.000,12.981,0.000000,14.485701,14.485701,14.735701,-14.735701
870,C0,15,0.150000,0,1,0,3,0,4,0,0,14,0.000,12.981,0.000000,8.817383,8.817383,8.967383,-8.967383
870,C1,3,0.030000,0,3,0,0,0,3,0,0,11,0.000,12.981,0.000000,6.927944,6.927944,6.957944,-6.957944
870,C2,8,0.080000,0,2,0,1,0,3,0,0,7,0.000,12.981,0.000000,4.408692,4.408692,4.488692,-4.488692
875,A0,27,0.270000,0,0,0,2,0,2,0,0,24,0.000,12.981,0.000000,15.115514,15.115514,15.385514,-15.385514
875,A1,20,0.200000,0,0,0,0,0,0,0,0,0,0.000,0.000,0.000000,0.000000,0.000000,0.200000,-0.200000
875,A2,20,0.200000,0,0,0,0,0,0,0,0,0,0.000,0.000,0.000000,0.000000,0.000000,0.200000,-0.200000
875,B0,7,0.070000,0,0,0,3,0,3,0,0,12,0.000,12.981,0.000000,7.557757,7.557757,7.627757,-7.627757
875,B1,2,0.020000,0,0,0,0,0,0,0,0,0,0.000,0.000,0.000000,0.000000,0.000000,0.020000,-0.020000
875,B2,26,0.260000,0,5,0,0,0,5,0,0,24,0.000,12.981,0.000000,15.115514,15.115514,15.375514,-15.375514
875,C0,23,0.230000,0,2,0,4,0,6,0,0,9,0.000,12.981,0.000000,5.668318,5.668318,5.898318,-5.898318
875,C1,5,0.050000,0,6,0,0,0,6,0,0,10,0.000,12.981,0.000000,6.298131,6.298131,6.348131,-6.348131
875,C2,13,0.130000,0,4,0,1,0,5,0,0,9,0.000,12.981,0.000000,5.668318,5.668318,5.798318,-5.798318
880,A0,32,0.320000,0,1,0,2,0,3,0,0,24,0.000,12.981,0.000000,15.115514,15.115514,15.435514,-15.435514
880,A1,22,0.220000,0,0,0,0,0,0,0,0,0,0.000,0.000,0.000000,0.000000,0.000000,0.220000,-0.220000
880,A2,20,0.200000,0,0,0,0,0,0,0,0,0,0.000,0.000,0.000000,0.000000,0.000000,0.200000,-0.200000
880,B0,7,0.070000,0,0,0,3,0,3,0,0,17,0.000,12.981,0.000000,10.706822,10.706822,10.776822,-10.776822
880,B1,3,0.030000,0,0,0,0,0,0,0,0,0,0.000,0.000,0.000000,0.000000,0.000000,0.030000,-0.030000
880,B2,24,0.240000,0,4,0,0,0,4,0,0,24,0.000,12.981,0.000000,15.115514,15.115514,15.355514,-15.355514
880,C0,25,0.250000,0,2,0,4,0,6,0,0,4,0.000,12.981,0.000000,2.519252,2.519252,2.769252,-2.769252
880,C1,6,0.060000,0,6,0,0,0,6,0,0,12,0.000,12.981,0.000000,7.557757,7.557757,7.617757,-7.617757
880,C2,19,0.190000,0,4,0,1,0,5,0,0,8,0.000,12.981,0.000000,5.038505,5.038505,5.228505,-5.228505
885,A0,38,0.380000,0,1,0,2,0,3,0,0,27,0.000,12.981,0.000000,17.004953,17.004953,17.384953,-17.384953
885,A1,24,0.240000,0,0,0,0,0,0,0,0,0,0.000,0.000,0.000000,0.000000,0.000000,0.240000,-0.240000
885,A2,21,0.210000,0,0,0,0,0,0,0,0,0,0.000,0.000,0.000000,0.000000,0.000000,0.210000,-0.210000
885,B0,9,0.090000,0,0,0,4,0,4,0,0,18,0.000,12.981,0.000000,11.336636,11.336636,11.426636,-11.426636
885,B1,5,0.050000,0,0,0,0,0,0,0,0,0,0.000,0.000,0.000000,0.000000,0.000000,0.050000,-0.050000
885,B2,27,0.270000,0,6,0,0,0,6,0,0,24,0.000,12.981,0.000000,15.115514,15.115514,15.385514,-15.385514
885,C0,25,0.250000,0,3,0,4,0,7,0,0,1,0.000,12.981,0.000000,0.629813,0.629813,0.879813,-0.879813
885,C1,8,0.080000,0,7,0,0,0,7,0,0,14,0.000,12.981,0.000000,8.817383,8.817383,8.897383,-8.897383
885,C2,21,0.210000,0,5,0,1,0,6,0,0,7,0.000,12.981,0.000000,4.408692,4.408692,4.618692,-4.618692
890,A0,45,0.450000,0,1,0,2,0,3,0,0,27,0.000,12.981,0.000000,17.004953,17.004953,17.454953,-17.454953
890,A1,24,0.240000,0,0,0,0,0,0,0,0,0,0.000,0.000,0.000000,0.000000,0.000000,0.240000,-0.240000
890,A2,23,0.230000,0,0,0,0,0,0,0,0,0,0.000,0.000,0.000000,0.000000,0.000000,0.230000,-0.230000
890,B0,10,0.100000,0,0,0,7,0,7,0,0,21,0.000,12.981,0.000000,13.226075,13.226075,13.326075,-13.326075
890,B1,6,0.060000,0,0,0,0,0,0,0,0,0,0.000,0.000,0.000000,0.000000,0.000000,0.060000,-0.060000
890,B2,29,0.290000,0,6,0,0,0,6,0,0,22,0.000,12.981,0.000000,13.855888,13.855888,14.145888,-14.145888
890,C0,25,0.250000,0,3,0,4,0,7,0,0,3,0.000,12.981,0.000000,1.889439,1.889439,2.139439,-2.139439
890,C1,10,0.100000,0,7,0,0,0,7,0,0,16,0.000,12.981,0.000000,10.077009,10.077009,10.177009,-10.177009
890,C2,21,0.210000,0,6,0,1,0,7,0,0,4,0.000,12.981,0.000000,2.519252,2.519252,2.729252,-2.729252
895,A0,47,0.470000,0,0,0,0,0,0,3,0,0,0.000,0.000,0.000000,0.000000,0.000000,0.470000,-0.470000
895,A1,24,0.240000,0,0,0,0,0,0,2,0,0,0.000,0.000,0.000000,0.000000,0.000000,0.240000,-0.240000
895,A2,23,0.230000,0,0,0,0,0,0,0,0,0,0.000,0.000,0.000000,0.000000,0.000000,0.230000,-0.230000
895,B0,12,0.120000,0,0,0,0,0,0,8,0,0,0.000,0.000,0.000000,0.000000,0.000000,0.120000,-0.120000
895,B1,9,0.090000,0,0,0,0,0,0,0,0,0,0.000,0.000,0.000000,0.000000,0.000000,0.090000,-0.090000
895,B2,31,0.310000,0,0,0,0,0,0,9,0,0,0.000,0.000,0.000000,0.000000,0.000000,0.310000,-0.310000
895,C0,25,0.250000,0,0,0,0,0,0,8,0,0,0.000,0.000,0.000000,0.000000,0.000000,0.250000,-0.250000
895,C1,12,0.120000,0,0,0,0,0,0,9,0,0,0.000,0.000,0.000000,0.000000,0.000000,0.120000,-0.120000
895,C2,22,0.220000,0,0,0,0,0,0,7,0,0,0.000,0.000,0.000000,0.000000,0.000000,0.220000,-0.220000
900,A0,49,0.490000,0,0,0,0,0,0,3,0,0,0.000,0.000,0.000000,0.000000,0.000000,0.490000,-0.490000
900,A1,24,0.240000,0,0,0,0,0,0,2,0,0,0.000,0.000,0.000000,0.000000,0.000000,0.240000,-0.240000
900,A2,23,0.230000,0,0,0,0,0,0,1,0,0,0.000,0.000,0.000000,0.000000,0.000000,0.230000,-0.230000
900,B0,12,0.120000,0,0,0,0,0,0,8,0,0,0.000,0.000,0.000000,0.000000,0.000000,0.120000,-0.120000
900,B1,10,0.100000,0,0,0,0,0,0,0,0,0,0.000,0.000,0.000000,0.000000,0.000000,0.100000,-0.100000
900,B2,31,0.310000,0,0,0,0,0,0,10,0,0,0.000,0.000,0.000000,0.000000,0.000000,0.310000,-0.310000
900,C0,25,0.250000,0,0,0,0,0,0,9,0,0,0.000,0.000,0.000000,0.000000,0.000000,0.250000,-0.250000
900,C1,16,0.160000,0,0,0,0,0,0,10,0,0,0.000,0.000,0.000000,0.000000,0.000000,0.160000,-0.160000
900,C2,23,0.230000,0,0,0,0,0,0,7,0,0,0.000,0.000,0.000000,0.000000,0.000000,0.230000,-0.230000
905,A0,12,0.120000,0,0,1,0,1,0,0,6,0,12.981,0.000,3.778879,0.000000,3.778879,3.898879,-3.898879
905,A1,5,0.050000,0,0,0,0,0,0,0,0,0,0.000,0.000,0.000000,0.000000,0.000000,0.050000,-0.050000
905,A2,5,0.050000,0,0,0,0,0,0,0,0,0,0.000,0.000,0.000000,0.000000,0.000000,0.050000,-0.050000
905,B0,6,0.060000,0,0,0,0,0,0,0,0,0,0.000,0.000,0.000000,0.000000,0.000000,0.060000,-0.060000
905,B1,9,0.090000,0,0,0,0,0,0,0,0,0,0.000,0.000,0.000000,0.000000,0.000000,0.090000,-0.090000
905,B2,17,0.170000,0,0,0,0,0,0,0,0,0,0.000,0.000,0.000000,0.000000,0.000000,0.170000,-0.170000
905,C0,2,0.020000,0,0,0,0,0,0,0,0,0,0.000,0.000,0.000000,0.000000,0.000000,0.020000,-0.020000
905,C1,7,0.070000,0,0,0,0,0,0,0,0,0,0.000,0.000,0.000000,0.000000,0.000000,0.070000,-0.070000
905,C2,7,0.070000,0,0,0,0,0,0,0,0,0,0.000,0.000,0.000000,0.000000,0.000000,0.070000,-0.070000
910,A0,18,0.180000,0,0,1,0,1,0,0,7,0,12.981,0.000,4.408692,0.000000,4.408692,4.588692,-4.588692
910,A1,8,0.080000,0,0,0,0,0,0,0,0,0,0.000,0.000,0.000000,0.000000,0.000000,0.080000,-0.080000
910,A2,12,0.120000,1,0,0,0,1,0,0,21,0,12.981,0.000,13.226075,0.000000,13.226075,13.346075,-13.346075
910,B0,13,0.130000,0,0,0,0,0,0,0,0,0,0.000,0.000,0.000000,0.000000,0.000000,0.130000,-0.130000
910,B1,8,0.080000,0,0,0,0,0,0,0,0,0,0.000,0.000,0.000000,0.000000,0.000000,0.080000,-0.080000
910,B2,23,0.230000,1,0,0,0,1,0,0,10,0,12.981,0.000,6.298131,0.000000,6.298131,6.528131,-6.528131
910,C0,5,0.050000,1,0,0,0,1,0,0,15,0,12.981,0.000,9.447196,0.000000,9.447196,9.497196,-9.497196
910,C1,14,0.140000,0,0,0,0,0,0,0,0,0,0.000,0.000,0.000000,0.000000,0.000000,0.140000,-0.140000
910,C2,7,0.070000,0,0,0,0,0,0,0,0,0,0.000,0.000,0.000000,0.000000,0.000000,0.070000,-0.070000
915,A0,25,0.250000,1,0,1,0,2,0,0,9,0,12.981,0.000,5.668318,0.000000,5.668318,5.918318,-5.918318
915,A1,12,0.120000,0,0,0,0,0,0,0,0,0,0.000,0.000,0.000000,0.000000,0.000000,0.120000,-0.120000
915,A2,18,0.180000,1,0,0,0,1,0,0,20,0,12.981,0.000,12.596262,0.000000,12.596262,12.776262,-12.776262
915,B0,19,0.190000,1,0,1,0,2,0,0,6,0,12.981,0.000,3.778879,0.000000,3.778879,3.968879,-3.968879
915,B1,12,0.120000,0,0,0,0,0,0,0,0,0,0.000,0.000,0.000000,0.000000,0.000000,0.120000,-0.120000
915,B2,27,0.270000,0,0,0,0,0,0,0,0,0,0.000,0.000,0.000000,0.000000,0.000000,0.270000,-0.270000
915,C0,9,0.090000,1,0,0,0,1,0,0,17,0,12.981,0.000,10.706822,0.000000,10.706822,10.796822,-10.796822
915,C1,21,0.210000,0,0,0,0,0,0,0,0,0,0.000,0.000,0.000000,0.000000,0.000000,0.210000,-0.210000
915,C2,7,0.070000,0,0,1,0,1,0,0,15,0,12.981,0.000,9.447196,0.000000,9.447196,9.517196,-9.517196
920,A0,31,0.310000,1,0,2,0,3,0,0,11,0,12.981,0.000,6.927944,0.000000,6.927944,7.237944,-7.237944
920,A1,15,0.150000,0,0,0,0,0,0,0,0,0,0.000,0.000,0.000000,0.000000,0.000000,0.150000,-0.150000
920,A2,22,0.220000,1,0,0,0,1,0,0,18,0,12.981,0.000,11.336636,0.000000,11.336636,11.556636,-11.556636
920,B0,26,0.260000,1,0,0,0,1,0,0,5,0,12.981,0.000,3.149065,0.000000,3.149065,3.409065,-3.409065
920,B1,15,0.150000,0,0,0,0,0,0,0,0,0,0.000,0.000,0.000000,0.000000,0.000000,0.150000,-0.150000
920,B2,29,0.290000,0,0,0,0,0,0,0,0,0,0.000,0.000,0.000000,0.000000,0.000000,0.290000,-0.290000
920,C0,11,0.110000,1,0,0,0,1,0,0,15,0,12.981,0.000,9.447196,0.000000,9.447196,9.557196,-9.557196
920,C1,24,0.240000,0,0,0,0,0,0,0,0,0,0.000,0.000,0.000000,0.000000,0.000000,0.240000,-0.240000
920,C2,7,0.070000,0,0,3,0,3,0,0,18,0,12.981,0.000,11.336636,0.000000,11.336636,11.406636,-11.406636
925,A0,35,0.350000,2,0,2,0,4,0,0,10,0,12.981,0.000,6.298131,0.000000,6.298131,6.648131,-6.648131
925,A1,20,0.200000,0,0,0,0,0,0,0,0,0,0.000,0.000,0.000000,0.000000,0.000000,0.200000,-0.200000
925,A2,24,0.240000,1,0,0,0,1,0,0,12,0,12.981,0.000,7.557757,0.000000,7.557757,7.797757,-7.797757
925,B0,32,0.320000,1,0,0,0,1,0,0,3,0,12.981,0.000,1.889439,0.000000,1.889439,2.209439,-2.209439
925,B1,19,0.190000,0,0,0,0,0,0,0,0,0,0.000,0.000,0.000000,0.000000,0.000000,0.190000,-0.190000
925,B2,29,0.290000,2,0,0,0,2,0,0,13,0,12.981,0.000,8.187570,0.000000,8.187570,8.477570,-8.477570
925,C0,12,0.120000,1,0,0,0,1,0,0,13,0,12.981,0.000,8.187570,0.000000,8.187570,8.307570,-8.307570
925,C1,29,0.290000,0,0,0,0,0,0,0,0,0,0.000,0.000,0.000000,0.000000,0.000000,0.290000,-0.290000
925,C2,8,0.080000,0,0,4,0,4,0,0,18,0,12.981,0.000,11.336636,0.000000,11.336636,11.416636,-11.416636
930,A0,36,0.360000,2,0,2,0,4,0,0,8,0,12.981,0.000,5.038505,0.000000,5.038505,5.398505,-5.398505
930,A1,21,0.210000,0,0,0,0,0,0,0,0,0,0.000,0.000,0.000000,0.000000,0.000000,0.210000,-0.210000
930,A2,23,0.230000,1,0,0,0,1,0,0,9,0,12.981,0.000,5.668318,0.000000,5.668318,5.898318,-5.898318
930,B0,34,0.340000,1,0,0,0,1,0,0,4,0,12.981,0.000,2.519252,0.000000,2.519252,2.859252,-2.859252
930,B1,21,0.210000,0,0,0,0,0,0,0,0,0,0.000,0.000,0.000000,0.000000,0.000000,0.210000,-0.210000
930,B2,30,0.300000,1,0,0,0,1,0,0,14,0,12.981,0.000,8.817383,0.000000,8.817383,9.117383,-9.117383
930,C0,12,0.120000,1,0,0,0,1,0,0,12,0,12.981,0.000,7.557757,0.000000,7.557757,7.677757,-7.677757
930,C1,32,0.320000,0,0,0,0,0,0,0,0,0,0.000,0.000,0.000000,0.000000,0.000000,0.320000,-0.320000
930,C2,9,0.090000,0,0,4,0,4,0,0,14,0,12.981,0.000,8.817383,0.000000,8.817383,8.907383,-8.907383
935,A0,36,0.360000,2,0,2,0,4,0,0,3,0,12.981,0.000,1.889439,0.000000,1.889439,2.249439,-2.249439
935,A1,22,0.220000,0,0,0,0,0,0,0,0,0,0.000,0.000,0.000000,0.000000,0.000000,0.220000,-0.220000
935,A2,24,0.240000,1,0,2,0,3,0,0,4,0,12.981,0.000,2.519252,0.000000,2.519252,2.759252,-2.759252
935,B0,36,0.360000,1,0,0,0,1,0,0,8,0,12.981,0.000,5.038505,0.000000,5.038505,5.398505,-5.398505
935,B1,23,0.230000,0,0,0,0,0,0,0,0,0,0.000,0.000,0.000000,0.000000,0.000000,0.230000,-0.230000
935,B2,35,0.350000,2,0,0,0,2,0,0,14,0,12.981,0.000,8.817383,0.000000,8.817383,9.167383,-9.167383
935,C0,12,0.120000,2,0,2,0,4,0,0,10,0,12.981,0.000,6.298131,0.000000,6.298131,6.418131,-6.418131
935,C1,36,0.360000,0,0,0,0,0,0,0,0,0,0.000,0.000,0.000000,0.000000,0.000000,0.360000,-0.360000
935,C2,9,0.090000,0,0,5,0,5,0,0,10,0,12.981,0.000,6.298131,0.000000,6.298131,6.388131,-6.388131
940,A0,37,0.370000,0,0,0,0,0,0,12,0,0,0.000,0.000,0.000000,0.000000,0.000000,0.370000,-0.370000
940,A1,23,0.230000,0,0,0,0,0,0,2,0,0,0.000,0.000,0.000000,0.000000,0.000000,0.230000,-0.230000
940,A2,27,0.270000,0,0,0,0,0,0,3,0,0,0.000,0.000,0.000000,0.000000,0.000000,0.270000,-0.270000
940,B0,38,0.380000,0,0,0,0,0,0,1,0,0,0.000,0.000,0.000000,0.000000,0.000000,0.380000,-0.380000
940,B1,24,0.240000,0,0,0,0,0,0,0,0,0,0.000,0.000,0.000000,0.000000,0.000000,0.240000,-0.240000
940,B2,37,0.370000,0,0,0,0,0,0,4,0,0,0.000,0.000,0.000000,0.000000,0.000000,0.370000,-0.370000
940,C0,13,0.130000,0,0,0,0,0,0,5,0,0,0.000,0.000,0.000000,0.000000,0.000000,0.130000,-0.130000
940,C1,37,0.370000,0,0,0,0,0,0,0,0,0,0.000,0.000,0.000000,0.000000,0.000000,0.370000,-0.370000
940,C2,9,0.090000,0,0,0,0,0,0,6,0,0,0.000,0.000,0.000000,0.000000,0.000000,0.090000,-0.090000
945,A0,35,0.350000,0,0,0,0,0,0,16,0,0,0.000,0.000,0.000000,0.000000,0.000000,0.350000,-0.350000
945,A1,24,0.240000,0,0,0,0,0,0,3,0,0,0.000,0.000,0.000000,0.000000,0.000000,0.240000,-0.240000
945,A2,30,0.300000,0,0,0,0,0,0,4,0,0,0.000,0.000,0.000000,0.000000,0.000000,0.300000,-0.300000
945,B0,41,0.410000,0,0,0,0,0,0,1,0,0,0.000,0.000,0.000000,0.000000,0.000000,0.410000,-0.410000
945,B1,24,0.240000,0,0,0,0,0,0,0,0,0,0.000,0.000,0.000000,0.000000,0.000000,0.240000,-0.240000
945,B2,39,0.390000,0,0,0,0,0,0,4,0,0,0.000,0.000,0.000000,0.000000,0.000000,0.390000,-0.390000
945,C0,14,0.140000,0,0,0,0,0,0,5,0,0,0.000,0.000,0.000000,0.000000,0.000000,0.140000,-0.140000
945,C1,39,0.390000,0,0,0,0,0,0,0,0,0,0.000,0.000,0.000000,0.000000,0.000000,0.390000,-0.390000
945,C2,9,0.090000,0,0,0,0,0,0,9,0,0,0.000,0.000,0.000000,0.000000,0.000000,0.090000,-0.090000
950,A0,40,0.400000,0,1,0,2,0,3,0,0,14,0.000,12.981,0.000000,8.817383,8.817383,9.217383,-9.217383
950,A1,11,0.110000,0,1,0,0,0,1,0,0,7,0.000,12.981,0.000000,4.408692,4.408692,4.518692,-4.518692
950,A2,30,0.300000,0,0,0,0,0,0,0,0,0,0.000,0.000,0.000000,0.000000,0.000000,0.300000,-0.300000
950,B0,8,0.080000,0,0,0,0,0,0,0,0,0,0.000,0.000,0.000000,0.000000,0.000000,0.080000,-0.080000
950,B1,2,0.020000,0,0,0,0,0,0,0,0,0,0.000,0.000,0.000000,0.000000,0.000000,0.020000,-0.020000
950,B2,6,0.060000,0,1,0,0,0,1,0,0,8,0.000,12.981,0.000000,5.038505,5.038505,5.098505,-5.098505
950,C0,16,0.160000,0,0,0,0,0,0,0,0,0,0.000,0.000,0.000000,0.000000,0.000000,0.160000,-0.160000
950,C1,3,0.030000,0,1,0,0,0,1,0,0,11,0.000,12.981,0.000000,6.927944,6.927944,6.957944,-6.957944
950,C2,12,0.120000,0,0,0,0,0,0,0,0,0,0.000,0.000,0.000000,0.000000,0.000000,0.120000,-0.120000
955,A0,37,0.370000,0,1,0,2,0,3,0,0,18,0.000,12.981,0.000000,11.336636,11.336636,11.706636,-11.706636
955,A1,12,0.120000,0,3,0,0,0,3,0,0,15,0.000,12.981,0.000000,9.447196,9.447196,9.567196,-9.567196
955,A2,30,0.300000,0,0,0,0,0,0,0,0,0,0.000,0.000,0.000000,0.000000,0.000000,0.300000,-0.300000
955,B0,9,0.090000,0,0,0,0,0,0,0,0,0,0.000,0.000,0.000000,0.000000,0.000000,0.090000,-0.090000
955,B1,6,0.060000,0,0,0,0,0,0,0,0,0,0.000,0.000,0.000000,0.000000,0.000000,0.060000,-0.060000
955,B2,13,0.130000,0,1,0,0,0,1,0,0,11,0.000,12.981,0.000000,6.927944,6.927944,7.057944,-7.057944
955,C0,18,0.180000,0,0,0,1,0,1,0,0,12,0.000,12.981,0.000000,7.557757,7.557757,7.737757,-7.737757
955,C1,5,0.050000,0,1,0,0,0,1,0,0,13,0.000,12.981,0.000000,8.187570,8.187570,8.237570,-8.237570
955,C2,15,0.150000,0,0,0,0,0,0,0,0,0,0.000,0.000,0.000000,0.000000,0.000000,0.150000,-0.150000
960,A0,35,0.350000,0,4,0,5,0,9,0,0,23,0.000,12.981,0.000000,14.485701,14.485701,14.835701,-14.835701
960,A1,12,0.120000,0,4,0,1,0,5,0,0,19,0.000,12.981,0.000000,11.966449,11.966449,12.086449,-12.086449
960,A2,30,0.300000,0,0,0,0,0,0,0,0,0,0.000,0.000,0.000000,0.000000,0.000000,0.300000,-0.300000
960,B0,9,0.090000,0,0,0,0,0,0,0,0,0,0.000,0.000,0.000000,0.000000,0.000000,0.090000,-0.090000
960,B1,8,0.080000,0,0,0,0,0,0,0,0,0,0.000,0.000,0.000000,0.000000,0.000000,0.080000,-0.080000
960,B2,16,0.160000,0,2,0,0,0,2,0,0,15,0.000,12.981,0.000000,9.447196,9.447196,9.607196,-9.607196
960,C0,22,0.220000,0,0,0,1,0,1,0,0,15,0.000,12.981,0.000000,9.447196,9.447196,9.667196,-9.667196
960,C1,5,0.050000,0,1,0,1,0,2,0,0,13,0.000,12.981,0.000000,8.187570,8.187570,8.237570,-8.237570
960,C2,15,0.150000,0,0,0,1,0,1,0,0,6,0.000,12.981,0.000000,3.778879,3.778879,3.928879,-3.928879
965,A0,33,0.330000,0,7,0,5,0,12,0,0,23,0.000,12.981,0.000000,14.485701,14.485701,14.815701,-14.815701
965,A1,14,0.140000,0,4,0,1,0,5,0,0,23,0.000,12.981,0.000000,14.485701,14.485701,14.625701,-14.625701
965,A2,30,0.300000,0,0,0,0,0,0,0,0,0,0.000,0.000,0.000000,0.000000,0.000000,0.300000,-0.300000
965,B0,9,0.090000,0,0,0,1,0,1,0,0,9,0.000,12.981,0.000000,5.668318,5.668318,5.758318,-5.758318
965,B1,10,0.100000,0,1,0,0,0,1,0,0,19,0.000,12.981,0.000000,11.966449,11.966449,12.066449,-12.066449
965,B2,19,0.190000,0,2,0,0,0,2,0,0,21,0.000,12.981,0.000000,13.226075,13.226075,13.416075,-13.416075
965,C0,23,0.230000,0,1,0,1,0,2,0,0,14,0.000,12.981,0.000000,8.817383,8.817383,9.047383,-9.047383
965,C1,5,0.050000,0,1,0,1,0,2,0,0,17,0.000,12.981,0.000000,10.706822,10.706822,10.756822,-10.756822
965,C2,14,0.140000,0,0,0,1,0,1,0,0,2,0.000,12.981,0.000000,1.259626,1.259626,1.399626,-1.399626
970,A0,36,0.360000,0,7,0,5,0,12,0,0,19,0.000,12.981,0.000000,11.966449,11.966449,12.326449,-12.326449
970,A1,14,0.140000,0,5,0,1,0,6,0,0,22,0.000,12.981,0.000000,13.855888,13.855888,13.995888,-13.995888
970,A2,32,0.320000,0,0,0,0,0,0,0,0,0,0.000,0.000,0.000000,0.000000,0.000000,0.320000,-0.320000
970,B0,9,0.090000,0,0,0,1,0,1,0,0,9,0.000,12.981,0.000000,5.668318,5.668318,5.758318,-5.758318
970,B1,10,0.100000,0,1,0,0,0,1,0,0,21,0.000,12.981,0.000000,13.226075,13.226075,13.326075,-13.326075
970,B2,22,0.220000,0,3,0,0,0,3,0,0,23,0.000,12.981,0.000000,14.485701,14.485701,14.705701,-14.705701
970,C0,23,0.230000,0,1,0,2,0,3,0,0,14,0.000,12.981,0.000000,8.817383,8.817383,9.047383,-9.047383
970,C1,7,0.070000,0,1,0,2,0,3,0,0,17,0.000,12.981,0.000000,10.706822,10.706822,10.776822,-10.776822
970,C2,16,0.160000,0,0,0,3,0,3,0,0,0,0.000,12.981,0.000000,0.000000,0.000000,0.160000,-0.160000
975,A0,40,0.400000,0,7,0,6,0,13,0,0,13,0.000,12.981,0.000000,8.187570,8.187570,8.587570,-8.587570
975,A1,16,0.160000,0,6,0,2,0,8,0,0,21,0.000,12.981,0.000000,13.226075,13.226075,13.386075,-13.386075
975,A2,36,0.360000,0,0,0,0,0,0,0,0,0,0.000,0.000,0.000000,0.000000,0.000000,0.360000,-0.360000
975,B0,10,0.100000,0,0,0,1,0,1,0,0,12,0.000,12.981,0.000000,7.557757,7.557757,7.657757,-7.657757
975,B1,10,0.100000,0,1,0,1,0,2,0,0,21,0.000,12.981,0.000000,13.226075,13.226075,13.326075,-13.326075
975,B2,26,0.260000,0,5,0,1,0,6,0,0,21,0.000,12.981,0.000000,13.226075,13.226075,13.486075,-13.486075
975,C0,25,0.250000,0,1,0,3,0,4,0,0,14,0.000,12.981,0.000000,8.817383,8.817383,9.067383,-9.067383
975,C1,7,0.070000,0,1,0,3,0,4,0,0,14,0.000,12.981,0.000000,8.817383,8.817383,8.887383,-8.887383
975,C2,19,0.190000,0,0,0,3,0,3,0,0,4,0.000,12.981,0.000000,2.519252,2.519252,2.709252,-2.709252
980,A0,47,0.470000,0,7,0,6,0,13,0,0,10,0.000,12.981,0.000000,6.298131,6.298131,6.768131,-6.768131
980,A1,16,0.160000,0,7,0,4,0,11,0,0,17,0.000,12.981,0.000000,10.706822,10.706822,10.866822,-10.866822
980,A2,38,0.380000,0,1,0,0,0,1,0,0,11,0.000,12.981,0.000000,6.927944,6.927944,7.307944,-7.307944
980,B0,11,0.110000,0,0,0,1,0,1,0,0,13,0.000,12.981,0.000000,8.187570,8.187570,8.297570,-8.297570
980,B1,12,0.120000,0,1,0,1,0,2,0,0,23,0.000,12.981,0.000000,14.485701,14.485701,14.605701,-14.605701
980,B2,30,0.300000,0,6,0,1,0,7,0,0,16,0.000,12.981,0.000000,10.077009,10.077009,10.377009,-10.377009
980,C0,25,0.250000,0,1,0,3,0,4,0,0,14,0.000,12.981,0.000000,8.817383,8.817383,9.067383,-9.067383
980,C1,7,0.070000,0,3,0,4,0,7,0,0,13,0.000,12.981,0.000000,8.187570,8.187570,8.257570,-8.257570
980,C2,22,0.220000,0,0,0,4,0,4,0,0,3,0.000,12.981,0.000000,1.889439,1.889439,2.109439,-2.109439
985,A0,49,0.490000,0,0,0,0,0,0,13,0,0,0.000,0.000,0.000000,0.000000,0.000000,0.490000,-0.490000
985,A1,17,0.170000,0,0,0,0,0,0,13,0,0,0.000,0.000,0.000000,0.000000,0.000000,0.170000,-0.170000
985,A2,38,0.380000,0,0,0,0,0,0,2,0,0,0.000,0.000,0.000000,0.000000,0.000000,0.380000,-0.380000
985,B0,12,0.120000,0,0,0,0,0,0,1,0,0,0.000,0.000,0.000000,0.000000,0.000000,0.120000,-0.120000
985,B1,15,0.150000,0,0,0,0,0,0,2,0,0,0.000,0.000,0.000000,0.000000,0.000000,0.150000,-0.150000
985,B2,31,0.310000,0,0,0,0,0,0,7,0,0,0.000,0.000,0.000000,0.000000,0.000000,0.310000,-0.310000
985,C0,25,0.250000,0,0,0,0,0,0,4,0,0,0.000,0.000,0.000000,0.000000,0.000000,0.250000,-0.250000
985,C1,7,0.070000,0,0,0,0,0,0,10,0,0,0.000,0.000,0.000000,0.000000,0.000000,0.070000,-0.070000
985,C2,22,0.220000,0,0,0,0,0,0,6,0,0,0.000,0.000,0.000000,0.000000,0.000000,0.220000,-0.220000
990,A0,49,0.490000,0,0,0,0,0,0,13,0,0,0.000,0.000,0.000000,0.000000,0.000000,0.490000,-0.490000
990,A1,18,0.180000,0,0,0,0,0,0,14,0,0,0.000,0.000,0.000000,0.000000,0.000000,0.180000,-0.180000
990,A2,40,0.400000,0,0,0,0,0,0,2,0,0,0.000,0.000,0.000000,0.000000,0.000000,0.400000,-0.400000
990,B0,13,0.130000,0,0,0,0,0,0,1,0,0,0.000,0.000,0.000000,0.000000,0.000000,0.130000,-0.130000
990,B1,15,0.150000,0,0,0,0,0,0,4,0,0,0.000,0.000,0.000000,0.000000,0.000000,0.150000,-0.150000
990,B2,31,0.310000,0,0,0,0,0,0,7,0,0,0.000,0.000,0.000000,0.000000,0.000000,0.310000,-0.310000
990,C0,26,0.260000,0,0,0,0,0,0,4,0,0,0.000,0.000,0.000000,0.000000,0.000000,0.260000,-0.260000
990,C1,8,0.080000,0,0,0,0,0,0,10,0,0,0.000,0.000,0.000000,0.000000,0.000000,0.080000,-0.080000
990,C2,22,0.220000,0,0,0,0,0,0,8,0,0,0.000,0.000,0.000000,0.000000,0.000000,0.220000,-0.220000
995,A0,23,0.230000,0,0,1,0,1,0,0,7,0,12.981,0.000,4.408692,0.000000,4.408692,4.638692,-4.638692
995,A1,22,0.220000,0,0,0,0,0,0,0,0,0,0.000,0.000,0.000000,0.000000,0.000000,0.220000,-0.220000
995,A2,9,0.090000,0,0,0,0,0,0,0,0,0,0.000,0.000,0.000000,0.000000,0.000000,0.090000,-0.090000
995,B0,18,0.180000,0,0,0,0,0,0,0,0,0,0.000,0.000,0.000000,0.000000,0.000000,0.180000,-0.180000
995,B1,9,0.090000,0,0,0,0,0,0,0,0,0,0.000,0.000,0.000000,0.000000,0.000000,0.090000,-0.090000
995,B2,22,0.220000,0,0,0,0,0,0,0,0,0,0.000,0.000,0.000000,0.000000,0.000000,0.220000,-0.220000
995,C0,6,0.060000,0,0,0,0,0,0,0,0,0,0.000,0.000,0.000000,0.000000,0.000000,0.060000,-0.060000
995,C1,23,0.230000,0,0,0,0,0,0,0,0,0,0.000,0.000,0.000000,0.000000,0.000000,0.230000,-0.230000
995,C2,1,0.010000,0,0,0,0,0,0,0,0,0,0.000,0.000,0.000000,0.000000,0.000000,0.010000,-0.010000
1000,A0,24,0.240000,1,0,3,0,4,0,0,12,0,12.981,0.000,7.557757,0.000000,7.557757,7.797757,-7.797757
1000,A1,25,0.250000,3,0,0,0,3,0,0,6,0,12.981,0.000,3.778879,0.000000,3.778879,4.028879,-4.028879
1000,A2,16,0.160000,1,0,1,0,2,0,0,1,0,12.981,0.000,0.629813,0.000000,0.629813,0.789813,-0.789813
1000,B0,21,0.210000,0,0,1,0,1,0,0,2,0,12.981,0.000,1.259626,0.000000,1.259626,1.469626,-1.469626
1000,B1,14,0.140000,0,0,0,0,0,0,0,0,0,0.000,0.000,0.000000,0.000000,0.000000,0.140000,-0.140000
1000,B2,25,0.250000,0,0,0,0,0,0,0,0,0,0.000,0.000,0.000000,0.000000,0.000000,0.250000,-0.250000
1000,C0,10,0.100000,0,0,2,0,2,0,0,1,0,12.981,0.000,0.629813,0.000000,0.629813,0.729813,-0.729813
1000,C1,23,0.230000,0,0,1,0,1,0,0,2,0,12.981,0.000,1.259626,0.000000,1.259626,1.489626,-1.489626
1000,C2,1,0.010000,0,0,3,0,3,0,0,10,0,12.981,0.000,6.298131,0.000000,6.298131,6.308131,-6.308131
1005,A0,23,0.230000,0,0,1,0,1,0,0,15,0,12.981,0.000,9.447196,0.000000,9.447196,9.677196,-9.677196
1005,A1,29,0.290000,1,0,0,0,1,0,0,6,0,12.981,0.000,3.778879,0.000000,3.778879,4.068879,-4.068879
1005,A2,22,0.220000,0,0,1,0,1,0,0,0,0,12.981,0.000,0.000000,0.000000,0.000000,0.220000,-0.220000
1005,B0,25,0.250000,0,0,1,0,1,0,0,4,0,12.981,0.000,2.519252,0.000000,2.519252,2.769252,-2.769252
1005,B1,18,0.180000,0,0,0,0,0,0,0,0,0,0.000,0.000,0.000000,0.000000,0.000000,0.180000,-0.180000
1005,B2,27,0.270000,0,0,0,0,0,0,0,0,0,0.000,0.000,0.000000,0.000000,0.000000,0.270000,-0.270000
1005,C0,16,0.160000,0,0,0,0,0,0,0,0,0,0.000,0.000,0.000000,0.000000,0.000000,0.160000,-0.160000
1005,C1,25,0.250000,0,0,0,0,0,0,0,0,0,0.000,0.000,0.000000,0.000000,0.000000,0.250000,-0.250000
1005,C2,2,0.020000,0,0,3,0,3,0,0,10,0,12.981,0.000,6.298131,0.000000,6.298131,6.318131,-6.318131
1010,A0,24,0.240000,0,0,1,0,1,0,0,20,0,12.981,0.000,12.596262,0.000000,12.596262,12.836262,-12.836262
1010,A1,32,0.320000,1,0,0,0,1,0,0,7,0,12.981,0.000,4.408692,0.000000,4.408692,4.728692,-4.728692
1010,A2,25,0.250000,0,0,2,0,2,0,0,0,0,12.981,0.000,0.000000,0.000000,0.000000,0.250000,-0.250000
1010,B0,27,0.270000,0,0,1,0,1,0,0,6,0,12.981,0.000,3.778879,0.000000,3.778879,4.048879,-4.048879
1010,B1,22,0.220000,0,0,0,0,0,0,0,0,0,0.000,0.000,0.000000,0.000000,0.000000,0.220000,-0.220000
1010,B2,27,0.270000,0,0,0,0,0,0,0,0,0,0.000,0.000,0.000000,0.000000,0.000000,0.270000,-0.270000
1010,C0,18,0.180000,0,0,1,0,1,0,0,3,0,12.981,0.000,1.889439,0.000000,1.889439,2.069439,-2.069439
1010,C1,24,0.240000,0,0,0,0,0,0,0,0,0,0.000,0.000,0.000000,0.000000,0.000000,0.240000,-0.240000
1010,C2,3,0.030000,0,0,3,0,3,0,0,8,0,12.981,0.000,5.038505,0.000000,5.038505,5.068505,-5.068505
1015,A0,24,0.240000,1,0,1,0,2,0,0,23,0,12.981,0.000,14.485701,0.000000,14.485701,14.725701,-14.725701
1015,A1,36,0.360000,1,0,0,0,1,0,0,5,0,12.981,0.000,3.149065,0.000000,3.149065,3.509065,-3.509065
1015,A2,25,0.250000,0,0,3,0,3,0,0,0,0,12.981,0.000,0.000000,0.000000,0.000000,0.250000,-0.250000
1015,B0,27,0.270000,1,0,1,0,2,0,0,5,0,12.981,0.000,3.149065,0.000000,3.149065,3.419065,-3.419065
1015,B1,25,0.250000,0,0,0,0,0,0,0,0,0,0.000,0.000,0.000000,0.000000,0.000000,0.250000,-0.250000
1015,B2,27,0.270000,0,0,0,0,0,0,0,0,0,0.000,0.000,0.000000,0.000000,0.000000,0.270000,-0.270000
1015,C0,22,0.220000,0,0,1,0,1,0,0,3,0,12.981,0.000,1.889439,0.000000,1.889439,2.109439,-2.109439
1015,C1,25,0.250000,0,0,0,0,0,0,0,0,0,0.000,0.000,0.000000,0.000000,0.000000,0.250000,-0.250000
1015,C2,6,0.060000,0,0,3,0,3,0,0,9,0,12.981,0.000,5.668318,0.000000,5.668318,5.728318,-5.728318
1020,A0,26,0.260000,2,0,1,0,3,0,0,25,0,12.981,0.000,15.745327,0.000000,15.745327,16.005327,-16.005327
1020,A1,37,0.370000,2,0,0,0,2,0,0,7,0,12.981,0.000,4.408692,0.000000,4.408692,4.778692,-4.778692
1020,A2,25,0.250000,0,0,3,0,3,0,0,0,0,12.981,0.000,0.000000,0.000000,0.000000,0.250000,-0.250000
1020,B0,27,0.270000,2,0,2,0,4,0,0,4,0,12.981,0.000,2.519252,0.000000,2.519252,2.789252,-2.789252
1020,B1,26,0.260000,0,0,0,0,0,0,0,0,0,0.000,0.000,0.000000,0.000000,0.000000,0.260000,-0.260000
1020,B2,30,0.300000,0,0,1,0,1,0,0,13,0,12.981,0.000,8.187570,0.000000,8.187570,8.487570,-8.487570
1020,C0,22,0.220000,0,0,2,0,2,0,0,0,0,12.981,0.000,0.000000,0.000000,0.000000,0.220000,-0.220000
1020,C1,23,0.230000,0,0,0,0,0,0,0,0,0,0.000,0.000,0.000000,0.000000,0.000000,0.230000,-0.230000
1020,C2,9,0.090000,0,0,4,0,4,0,0,12,0,12.981,0.000,7.557757,0.000000,7.557757,7.647757,-7.647757
1025,A0,30,0.300000,2,0,1,0,3,0,0,25,0,12.981,0.000,15.745327,0.000000,15.745327,16.045327,-16.045327
1025,A1,37,0.370000,2,0,0,0,2,0,0,6,0,12.981,0.000,3.778879,0.000000,3.778879,4.148879,-4.148879
1025,A2,25,0.250000,0,0,3,0,3,0,0,2,0,12.981,0.000,1.259626,0.000000,1.259626,1.509626,-1.509626
1025,B0,28,0.280000,3,0,2,0,5,0,0,1,0,12.981,0.000,0.629813,0.000000,0.629813,0.909813,-0.909813
1025,B1,26,0.260000,0,0,0,0,0,0,0,0,0,0.000,0.000,0.000000,0.000000,0.000000,0.260000,-0.260000
1025,B2,34,0.340000,0,0,1,0,1,0,0,10,0,12.981,0.000,6.298131,0.000000,6.298131,6.638131,-6.638131
1025,C0,24,0.240000,0,0,2,0,2,0,0,0,0,12.981,0.000,0.000000,0.000000,0.000000,0.240000,-0.240000
1025,C1,27,0.270000,0,0,0,0,0,0,0,0,0,0.000,0.000,0.000000,0.000000,0.000000,0.270000,-0.270000
1025,C2,10,0.100000,0,0,5,0,5,0,0,10,0,12.981,0.000,6.298131,0.000000,6.298131,6.398131,-6.398131
1030,A0,31,0.310000,0,0,0,0,0,0,3,0,0,0.000,0.000,0.000000,0.000000,0.000000,0.310000,-0.310000
1030,A1,37,0.370000,0,0,0,0,0,0,3,0,0,0.000,0.000,0.000000,0.000000,0.000000,0.370000,-0.370000
1030,A2,27,0.270000,0,0,0,0,0,0,3,0,0,0.000,0.000,0.000000,0.000000,0.000000,0.270000,-0.270000
1030,B0,30,0.300000,0,0,0,0,0,0,7,0,0,0.000,0.000,0.000000,0.000000,0.000000,0.300000,-0.300000
1030,B1,27,0.270000,0,0,0,0,0,0,0,0,0,0.000,0.000,0.000000,0.000000,0.000000,0.270000,-0.270000
1030,B2,36,0.360000,0,0,0,0,0,0,1,0,0,0.000,0.000,0.000000,0.000000,0.000000,0.360000,-0.360000
1030,C0,26,0.260000,0,0,0,0,0,0,3,0,0,0.000,0.000,0.000000,0.000000,0.000000,0.260000,-0.260000
1030,C1,30,0.300000,0,0,0,0,0,0,0,0,0,0.000,0.000,0.000000,0.000000,0.000000,0.300000,-0.300000
1030,C2,12,0.120000,0,0,0,0,0,0,5,0,0,0.000,0.000,0.000000,0.000000,0.000000,0.120000,-0.120000
1035,A0,32,0.320000,0,0,0,0,0,0,3,0,0,0.000,0.000,0.000000,0.000000,0.000000,0.320000,-0.320000
1035,A1,37,0.370000,0,0,0,0,0,0,3,0,0,0.000,0.000,0.000000,0.000000,0.000000,0.370000,-0.370000
1035,A2,28,0.280000,0,0,0,0,0,0,3,0,0,0.000,0.000,0.000000,0.000000,0.000000,0.280000,-0.280000
1035,B0,31,0.310000,0,0,0,0,0,0,9,0,0,0.000,0.000,0.000000,0.000000,0.000000,0.310000,-0.310000
1035,B1,28,0.280000,0,0,0,0,0,0,0,0,0,0.000,0.000,0.000000,0.000000,0.000000,0.280000,-0.280000
1035,B2,36,0.360000,0,0,0,0,0,0,2,0,0,0.000,0.000,0.000000,0.000000,0.000000,0.360000,-0.360000
1035,C0,26,0.260000,0,0,0,0,0,0,5,0,0,0.000,0.000,0.000000,0.000000,0.000000,0.260000,-0.260000
1035,C1,30,0.300000,0,0,0,0,0,0,1,0,0,0.000,0.000,0.000000,0.000000,0.000000,0.300000,-0.300000
1035,C2,13,0.130000,0,0,0,0,0,0,5,0,0,0.000,0.000,0.000000,0.000000,0.000000,0.130000,-0.130000
1040,A0,17,0.170000,0,0,0,0,0,0,0,0,0,0.000,0.000,0.000000,0.000000,0.000000,0.170000,-0.170000
1040,A1,26,0.260000,0,3,0,0,0,3,0,0,7,0.000,12.981,0.000000,4.408692,4.408692,4.668692,-4.668692
1040,A2,44,0.440000,0,3,0,0,0,3,0,0,4,0.000,12.981,0.000000,2.519252,2.519252,2.959252,-2.959252
1040,B0,14,0.140000,0,0,0,2,0,2,0,0,7,0.000,12.981,0.000000,4.408692,4.408692,4.548692,-4.548692
1040,B1,26,0.260000,0,0,0,0,0,0,0,0,0,0.000,0.000,0.000000,0.000000,0.000000,0.260000,-0.260000
1040,B2,4,0.040000,0,0,0,0,0,0,0,0,0,0.000,0.000,0.000000,0.000000,0.000000,0.040000,-0.040000
1040,C0,32,0.320000,0,0,0,0,0,0,0,0,0,0.000,0.000,0.000000,0.000000,0.000000,0.320000,-0.320000
1040,C1,0,0.000000,0,0,0,0,0,0,0,0,0,0.000,0.000,0.000000,0.000000,0.000000,0.000000,-0.000000
1040,C2,3,0.030000,0,0,0,0,0,0,0,0,0,0.000,0.000,0.000000,0.000000,0.000000,0.030000,-0.030000
1045,A0,24,0.240000,0,0,0,0,0,0,0,0,0,0.000,0.000,0.000000,0.000000,0.000000,0.240000,-0.240000
1045,A1,29,0.290000,0,3,0,0,0,3,0,0,6,0.000,12.981,0.000000,3.778879,3.778879,4.068879,-4.068879
1045,A2,44,0.440000,0,3,0,0,0,3,0,0,6,0.000,12.981,0.000000,3.778879,3.778879,4.218879,-4.218879
1045,B0,14,0.140000,0,0,0,2,0,2,0,0,9,0.000,12.981,0.000000,5.668318,5.668318,5.808318,-5.808318
1045,B1,29,0.290000,0,1,0,0,0,1,0,0,6,0.000,12.981,0.000000,3.778879,3.778879,4.068879,-4.068879
1045,B2,9,0.090000,0,2,0,0,0,2,0,0,12,0.000,12.981,0.000000,7.557757,7.557757,7.647757,-7.647757
1045,C0,33,0.330000,0,0,0,1,0,1,0,0,10,0.000,12.981,0.000000,6.298131,6.298131,6.628131,-6.628131
1045,C1,0,0.000000,0,1,0,2,0,3,0,0,7,0.000,12.981,0.000000,4.408692,4.408692,4.408692,-4.408692
1045,C2,5,0.050000,0,0,0,0,0,0,0,0,0,0.000,0.000,0.000000,0.000000,0.000000,0.050000,-0.050000
1050,A0,30,0.300000,0,0,0,0,0,0,0,0,0,0.000,0.000,0.000000,0.000000,0.000000,0.300000,-0.300000
1050,A1,30,0.300000,0,4,0,1,0,5,0,0,7,0.000,12.981,0.000000,4.408692,4.408692,4.708692,-4.708692
1050,A2,44,0.440000,0,3,0,0,0,3,0,0,2,0.000,12.981,0.000000,1.259626,1.259626,1.699626,-1.699626
1050,B0,14,0.140000,0,0,0,2,0,2,0,0,8,0.000,12.981,0.000000,5.038505,5.038505,5.178505,-5.178505
1050,B1,32,0.320000,0,1,0,1,0,2,0,0,10,0.000,12.981,0.000000,6.298131,6.298131,6.618131,-6.618131
1050,B2,13,0.130000,0,2,0,0,0,2,0,0,13,0.000,12.981,0.000000,8.187570,8.187570,8.317570,-8.317570
1050,C0,34,0.340000,0,0,0,1,0,1,0,0,13,0.000,12.981,0.000000,8.187570,8.187570,8.527570,-8.527570
1050,C1,0,0.000000,0,1,0,3,0,4,0,0,8,0.000,12.981,0.000000,5.038505,5.038505,5.038505,-5.038505
1050,C2,9,0.090000,0,0,0,2,0,2,0,0,8,0.000,12.981,0.000000,5.038505,5.038505,5.128505,-5.128505
1055,A0,34,0.340000,0,0,0,0,0,0,0,0,0,0.000,0.000,0.000000,0.000000,0.000000,0.340000,-0.340000
1055,A1,30,0.300000,0,4,0,1,0,5,0,0,10,0.000,12.981,0.000000,6.298131,6.298131,6.598131,-6.598131
1055,A2,44,0.440000,0,4,0,0,0,4,0,0,1,0.000,12.981,0.000000,0.629813,0.629813,1.069813,-1.069813
1055,B0,15,0.150000,0,0,0,2,0,2,0,0,6,0.000,12.981,0.000000,3.778879,3.778879,3.928879,-3.928879
1055,B1,33,0.330000,0,2,0,2,0,4,0,0,11,0.000,12.981,0.000000,6.927944,6.927944,7.257944,-7.257944
1055,B2,16,0.160000,0,2,0,0,0,2,0,0,13,0.000,12.981,0.000000,8.187570,8.187570,8.347570,-8.347570
1055,C0,34,0.340000,0,0,0,1,0,1,0,0,16,0.000,12.981,0.000000,10.077009,10.077009,10.417009,-10.417009
1055,C1,0,0.000000,0,1,0,3,0,4,0,0,15,0.000,12.981,0.000000,9.447196,9.447196,9.447196,-9.447196
1055,C2,12,0.120000,0,0,0,2,0,2,0,0,10,0.000,12.981,0.000000,6.298131,6.298131,6.418131,-6.418131
1060,A0,34,0.340000,0,0,0,0,0,0,0,0,0,0.000,0.000,0.000000,0.000000,0.000000,0.340000,-0.340000
1060,A1,30,0.300000,0,5,0,1,0,6,0,0,8,0.000,12.981,0.000000,5.038505,5.038505,5.338505,-5.338505
1060,A2,44,0.440000,0,6,0,1,0,7,0,0,3,0.000,12.981,0.000000,1.889439,1.889439,2.329439,-2.329439
1060,B0,16,0.160000,0,0,0,2,0,2,0,0,4,0.000,12.981,0.000000,2.519252,2.519252,2.679252,-2.679252
1060,B1,34,0.340000,0,2,0,3,0,5,0,0,12,0.000,12.981,0.000000,7.557757,7.557757,7.897757,-7.897757
1060,B2,19,0.190000,0,2,0,0,0,2,0,0,13,0.000,12.981,0.000000,8.187570,8.187570,8.377570,-8.377570
1060,C0,34,0.340000,0,0,0,2,0,2,0,0,18,0.000,12.981,0.000000,11.336636,11.336636,11.676636,-11.676636
1060,C1,0,0.000000,0,1,0,4,0,5,0,0,12,0.000,12.981,0.000000,7.557757,7.557757,7.557757,-7.557757
1060,C2,15,0.150000,0,0,0,3,0,3,0,0,12,0.000,12.981,0.000000,7.557757,7.557757,7.707757,-7.707757
1065,A0,35,0.350000,0,0,0,0,0,0,0,0,0,0.000,0.000,0.000000,0.000000,0.000000,0.350000,-0.350000
1065,A1,30,0.300000,0,5,0,3,0,8,0,0,5,0.000,12.981,0.000000,3.149065,3.149065,3.449065,-3.449065
1065,A2,44,0.440000,0,6,0,2,0,8,0,0,7,0.000,12.981,0.000000,4.408692,4.408692,4.848692,-4.848692
1065,B0,16,0.160000,0,0,0,2,0,2,0,0,6,0.000,12.981,0.000000,3.778879,3.778879,3.938879,-3.938879
1065,B1,34,0.340000,0,3,0,3,0,6,0,0,12,0.000,12.981,0.000000,7.557757,7.557757,7.897757,-7.897757
1065,B2,23,0.230000,0,2,0,0,0,2,0,0,9,0.000,12.981,0.000000,5.668318,5.668318,5.898318,-5.898318
1065,C0,34,0.340000,0,0,0,2,0,2,0,0,19,0.000,12.981,0.000000,11.966449,11.966449,12.306449,-12.306449
1065,C1,1,0.010000,0,3,0,4,0,7,0,0,10,0.000,12.981,0.000000,6.298131,6.298131,6.308131,-6.308131
1065,C2,16,0.160000,0,0,0,3,0,3,0,0,10,0.000,12.981,0.000000,6.298131,6.298131,6.458131,-6.458131
1070,A0,36,0.360000,0,0,0,0,0,0,0,0,0,0.000,0.000,0.000000,0.000000,0.000000,0.360000,-0.360000
1070,A1,30,0.300000,0,5,0,3,0,8,0,0,3,0.000,12.981,0.000000,1.889439,1.889439,2.189439,-2.189439
1070,A2,44,0.440000,0,6,0,2,0,8,0,0,13,0.000,12.981,0.000000,8.187570,8.187570,8.627570,-8.627570
1070,B0,18,0.180000,0,0,0,2,0,2,0,0,7,0.000,12.981,0.000000,4.408692,4.408692,4.588692,-4.588692
1070,B1,34,0.340000,0,4,0,3,0,7,0,0,14,0.000,12.981,0.000000,8.817383,8.817383,9.157383,-9.157383
1070,B2,25,0.250000,0,3,0,0,0,3,0,0,6,0.000,12.981,0.000000,3.778879,3.778879,4.028879,-4.028879
1070,C0,35,0.350000,0,0,0,2,0,2,0,0,18,0.000,12.981,0.000000,11.336636,11.336636,11.686636,-11.686636
1070,C1,5,0.050000,0,4,0,6,0,10,0,0,10,0.000,12.981,0.000000,6.298131,6.298131,6.348131,-6.348131
1070,C2,17,0.170000,0,1,0,3,0,4,0,0,7,0.000,12.981,0.000000,4.408692,4.408692,4.578692,-4.578692
1075,A0,36,0.360000,0,0,0,0,0,0,0,0,0,0.000,0.000,0.000000,0.000000,0.000000,0.360000,-0.360000
1075,A1,30,0.300000,0,0,0,0,0,0,9,0,0,0.000,0.000,0.000000,0.000000,0.000000,0.300000,-0.300000
1075,A2,44,0.440000,0,0,0,0,0,0,8,0,0,0.000,0.000,0.000000,0.000000,0.000000,0.440000,-0.440000
1075,B0,18,0.180000,0,0,0,0,0,0,2,0,0,0.000,0.000,0.000000,0.000000,0.000000,0.180000,-0.180000
1075,B1,34,0.340000,0,0,0,0,0,0,8,0,0,0.000,0.000,0.000000,0.000000,0.000000,0.340000,-0.340000
1075,B2,29,0.290000,0,0,0,0,0,0,4,0,0,0.000,0.000,0.000000,0.000000,0.000000,0.290000,-0.290000
1075,C0,38,0.380000,0,0,0,0,0,0,2,0,0,0.000,0.000,0.000000,0.000000,0.000000,0.380000,-0.380000
1075,C1,6,0.060000,0,0,0,0,0,0,12,0,0,0.000,0.000,0.000000,0.000000,0.000000,0.060000,-0.060000
1075,C2,17,0.170000,0,0,0,0,0,0,8,0,0,0.000,0.000,0.000000,0.000000,0.000000,0.170000,-0.170000
1080,A0,37,0.370000,0,0,0,0,0,0,1,0,0,0.000,0.000,0.000000,0.000000,0.000000,0.370000,-0.370000
1080,A1,30,0.300000,0,0,0,0,0,0,10,0,0,0.000,0.000,0.000000,0.000000,0.000000,0.300000,-0.300000
1080,A2,44,0.440000,0,0,0,0,0,0,8,0,0,0.000,0.000,0.000000,0.000000,0.000000,0.440000,-0.440000
1080,B0,18,0.180000,0,0,0,0,0,0,4,0,0,0.000,0.000,0.000000,0.000000,0.000000,0.180000,-0.180000
1080,B1,34,0.340000,0,0,0,0,0,0,8,0,0,0.000,0.000,0.000000,0.000000,0.000000,0.340000,-0.340000
1080,B2,30,0.300000,0,0,0,0,0,0,6,0,0,0.000,0.000,0.000000,0.000000,0.000000,0.300000,-0.300000
1080,C0,41,0.410000,0,0,0,0,0,0,3,0,0,0.000,0.000,0.000000,0.000000,0.000000,0.410000,-0.410000
1080,C1,7,0.070000,0,0,0,0,0,0,17,0,0,0.000,0.000,0.000000,0.000000,0.000000,0.070000,-0.070000
1080,C2,17,0.170000,0,0,0,0,0,0,9,0,0,0.000,0.000,0.000000,0.000000,0.000000,0.170000,-0.170000
1085,A0,24,0.240000,0,0,1,0,1,0,0,5,0,12.981,0.000,3.149065,0.000000,3.149065,3.389065,-3.389065
1085,A1,24,0.240000,0,0,0,0,0,0,0,0,0,0.000,0.000,0.000000,0.000000,0.000000,0.240000,-0.240000
1085,A2,17,0.170000,0,0,0,0,0,0,0,0,0,0.000,0.000,0.000000,0.000000,0.000000,0.170000,-0.170000
1085,B0,5,0.050000,1,0,1,0,2,0,0,7,0,12.981,0.000,4.408692,0.000000,4.408692,4.458692,-4.458692
1085,B1,26,0.260000,0,0,0,0,0,0,0,0,0,0.000,0.000,0.000000,0.000000,0.000000,0.260000,-0.260000
1085,B2,17,0.170000,0,0,1,0,1,0,0,8,0,12.981,0.000,5.038505,0.000000,5.038505,5.208505,-5.208505
1085,C0,19,0.190000,0,0,0,0,0,0,0,0,0,0.000,0.000,0.000000,0.000000,0.000000,0.190000,-0.190000
1085,C1,5,0.050000,0,0,0,0,0,0,0,0,0,0.000,0.000,0.000000,0.000000,0.000000,0.050000,-0.050000
1085,C2,8,0.080000,0,0,0,0,0,0,0,0,0,0.000,0.000,0.000000,0.000000,0.000000,0.080000,-0.080000
1090,A0,27,0.270000,0,0,1,0,1,0,0,7,0,12.981,0.000,4.408692,0.000000,4.408692,4.678692,-4.678692
1090,A1,24,0.240000,0,0,1,0,1,0,0,7,0,12.981,0.000,4.408692,0.000000,4.408692,4.648692,-4.648692
1090,A2,19,0.190000,1,0,1,0,2,0,0,2,0,12.981,0.000,1.259626,0.000000,1.259626,1.449626,-1.449626
1090,B0,5,0.050000,1,0,1,0,2,0,0,7,0,12.981,0.000,4.408692,0.000000,4.408692,4.458692,-4.458692
1090,B1,29,0.290000,0,0,0,0,0,0,0,0,0,0.000,0.000,0.000000,0.000000,0.000000,0.290000,-0.290000
1090,B2,15,0.150000,1,0,2,0,3,0,0,8,0,12.981,0.000,5.038505,0.000000,5.038505,5.188505,-5.188505
1090,C0,22,0.220000,0,0,0,0,0,0,0,0,0,0.000,0.000,0.000000,0.000000,0.000000,0.220000,-0.220000
1090,C1,6,0.060000,0,0,1,0,1,0,0,4,0,12.981,0.000,2.519252,0.000000,2.519252,2.579252,-2.579252
1090,C2,6,0.060000,1,0,0,0,1,0,0,14,0,12.981,0.000,8.817383,0.000000,8.817383,8.877383,-8.877383
1095,A0,31,0.310000,0,0,1,0,1,0,0,10,0,12.981,0.000,6.298131,0.000000,6.298131,6.608131,-6.608131
1095,A1,24,0.240000,0,0,1,0,1,0,0,5,0,12.981,0.000,3.149065,0.000000,3.149065,3.389065,-3.389065
1095,A2,23,0.230000,0,0,2,0,2,0,0,3,0,12.981,0.000,1.889439,0.000000,1.889439,2.119439,-2.119439
1095,B0,9,0.090000,2,0,2,0,4,0,0,6,0,12.981,0.000,3.778879,0.000000,3.778879,3.868879,-3.868879
1095,B1,32,0.320000,0,0,0,0,0,0,0,0,0,0.000,0.000,0.000000,0.000000,0.000000,0.320000,-0.320000
1095,B2,14,0.140000,0,0,3,0,3,0,0,10,0,12.981,0.000,6.298131,0.000000,6.298131,6.438131,-6.438131
1095,C0,28,0.280000,0,0,0,0,0,0,0,0,0,0.000,0.000,0.000000,0.000000,0.000000,0.280000,-0.280000
1095,C1,10,0.100000,0,0,0,0,0,0,0,0,0,0.000,0.000,0.000000,0.000000,0.000000,0.100000,-0.100000
1095,C2,10,0.100000,1,0,0,0,1,0,0,17,0,12.981,0.000,10.706822,0.000000,10.706822,10.806822,-10.806822
1100,A0,31,0.310000,0,0,1,0,1,0,0,14,0,12.981,0.000,8.817383,0.000000,8.817383,9.127383,-9.127383
1100,A1,24,0.240000,0,0,2,0,2,0,0,2,0,12.981,0.000,1.259626,0.000000,1.259626,1.499626,-1.499626
1100,A2,26,0.260000,0,0,3,0,3,0,0,2,0,12.981,0.000,1.259626,0.000000,1.259626,1.519626,-1.519626
1100,B0,12,0.120000,2,0,2,0,4,0,0,6,0,12.981,0.000,3.778879,0.000000,3.778879,3.898879,-3.898879
1100,B1,36,0.360000,0,0,0,0,0,0,0,0,0,0.000,0.000,0.000000,0.000000,0.000000,0.360000,-0.360000
1100,B2,13,0.130000,0,0,3,0,3,0,0,13,0,12.981,0.000,8.187570,0.000000,8.187570,8.317570,-8.317570
1100,C0,32,0.320000,0,0,0,0,0,0,0,0,0,0.000,0.000,0.000000,0.000000,0.000000,0.320000,-0.320000
1100,C1,13,0.130000,0,0,0,0,0,0,0,0,0,0.000,0.000,0.000000,0.000000,0.000000,0.130000,-0.130000
1100,C2,12,0.120000,1,0,0,0,1,0,0,15,0,12.981,0.000,9.447196,0.000000,9.447196,9.567196,-9.567196
1105,A0,32,0.320000,0,0,1,0,1,0,0,14,0,12.981,0.000,8.817383,0.000000,8.817383,9.137383,-9.137383
1105,A1,24,0.240000,0,0,2,0,2,0,0,0,0,12.981,0.000,0.000000,0.000000,0.000000,0.240000,-0.240000
1105,A2,30,0.300000,1,0,4,0,5,0,0,8,0,12.981,0.000,5.038505,0.000000,5.038505,5.338505,-5.338505
1105,B0,16,0.160000,3,0,2,0,5,0,0,4,0,12.981,0.000,2.519252,0.000000,2.519252,2.679252,-2.679252
1105,B1,37,0.370000,0,0,0,0,0,0,0,0,0,0.000,0.000,0.000000,0.000000,0.000000,0.370000,-0.370000
1105,B2,16,0.160000,0,0,4,0,4,0,0,12,0,12.981,0.000,7.557757,0.000000,7.557757,7.717757,-7.717757
1105,C0,36,0.360000,0,0,0,0,0,0,0,0,0,0.000,0.000,0.000000,0.000000,0.000000,0.360000,-0.360000
1105,C1,16,0.160000,0,0,1,0,1,0,0,6,0,12.981,0.000,3.778879,0.000000,3.778879,3.938879,-3.938879
1105,C2,14,0.140000,1,0,0,0,1,0,0,15,0,12.981,0.000,9.447196,0.000000,9.447196,9.587196,-9.587196
1110,A0,32,0.320000,0,0,1,0,1,0,0,12,0,12.981,0.000,7.557757,0.000000,7.557757,7.877757,-7.877757
1110,A1,24,0.240000,0,0,2,0,2,0,0,0,0,12.981,0.000,0.000000,0.000000,0.000000,0.240000,-0.240000
1110,A2,30,0.300000,2,0,5,0,7,0,0,12,0,12.981,0.000,7.557757,0.000000,7.557757,7.857757,-7.857757
1110,B0,21,0.210000,7,0,3,0,10,0,0,5,0,12.981,0.000,3.149065,0.000000,3.149065,3.359065,-3.359065
1110,B1,37,0.370000,0,0,0,0,0,0,0,0,0,0.000,0.000,0.000000,0.000000,0.000000,0.370000,-0.370000
1110,B2,19,0.190000,0,0,6,0,6,0,0,12,0,12.981,0.000,7.557757,0.000000,7.557757,7.747757,-7.747757
1110,C0,36,0.360000,0,0,0,0,0,0,0,0,0,0.000,0.000,0.000000,0.000000,0.000000,0.360000,-0.360000
1110,C1,19,0.190000,0,0,1,0,1,0,0,7,0,12.981,0.000,4.408692,0.000000,4.408692,4.598692,-4.598692
1110,C2,14,0.140000,1,0,0,0,1,0,0,10,0,12.981,0.000,6.298131,0.000000,6.298131,6.438131,-6.438131
1115,A0,32,0.320000,1,0,1,0,2,0,0,10,0,12.981,0.000,6.298131,0.000000,6.298131,6.618131,-6.618131
1115,A1,24,0.240000,0,0,2,0,2,0,0,0,0,12.981,0.000,0.000000,0.000000,0.000000,0.240000,-0.240000
1115,A2,30,0.300000,2,0,5,0,7,0,0,15,0,12.981,0.000,9.447196,0.000000,9.447196,9.747196,-9.747196
1115,B0,24,0.240000,8,0,3,0,11,0,0,4,0,12.981,0.000,2.519252,0.000000,2.519252,2.759252,-2.759252
1115,B1,37,0.370000,0,0,0,0,0,0,0,0,0,0.000,0.000,0.000000,0.000000,0.000000,0.370000,-0.370000
1115,B2,22,0.220000,0,0,8,0,8,0,0,15,0,12.981,0.000,9.447196,0.000000,9.447196,9.667196,-9.667196
1115,C0,36,0.360000,0,0,0,0,0,0,0,0,0,0.000,0.000,0.000000,0.000000,0.000000,0.360000,-0.360000
1115,C1,20,0.200000,0,0,1,0,1,0,0,7,0,12.981,0.000,4.408692,0.000000,4.408692,4.608692,-4.608692
1115,C2,16,0.160000,1,0,0,0,1,0,0,8,0,12.981,0.000,5.038505,0.000000,5.038505,5.198505,-5.198505
1120,A0,32,0.320000,0,0,0,0,0,0,3,0,0,0.000,0.000,0.000000,0.000000,0.000000,0.320000,-0.320000
1120,A1,24,0.240000,0,0,0,0,0,0,4,0,0,0.000,0.000,0.000000,0.000000,0.000000,0.240000,-0.240000
1120,A2,30,0.300000,0,0,0,0,0,0,7,0,0,0.000,0.000,0.000000,0.000000,0.000000,0.300000,-0.300000
1120,B0,24,0.240000,0,0,0,0,0,0,14,0,0,0.000,0.000,0.000000,0.000000,0.000000,0.240000,-0.240000
1120,B1,37,0.370000,0,0,0,0,0,0,0,0,0,0.000,0.000,0.000000,0.000000,0.000000,0.370000,-0.370000
1120,B2,25,0.250000,0,0,0,0,0,0,8,0,0,0.000,0.000,0.000000,0.000000,0.000000,0.250000,-0.250000
1120,C0,36,0.360000,0,0,0,0,0,0,3,0,0,0.000,0.000,0.000000,0.000000,0.000000,0.360000,-0.360000
1120,C1,23,0.230000,0,0,0,0,0,0,1,0,0,0.000,0.000,0.000000,0.000000,0.000000,0.230000,-0.230000
1120,C2,17,0.170000,0,0,0,0,0,0,1,0,0,0.000,0.000,0.000000,0.000000,0.000000,0.170000,-0.170000
1125,A0,33,0.330000,0,0,0,0,0,0,4,0,0,0.000,0.000,0.000000,0.000000,0.000000,0.330000,-0.330000
1125,A1,24,0.240000,0,0,0,0,0,0,4,0,0,0.000,0.000,0.000000,0.000000,0.000000,0.240000,-0.240000
1125,A2,30,0.300000,0,0,0,0,0,0,9,0,0,0.000,0.000,0.000000,0.000000,0.000000,0.300000,-0.300000
1125,B0,24,0.240000,0,0,0,0,0,0,19,0,0,0.000,0.000,0.000000,0.000000,0.000000,0.240000,-0.240000
1125,B1,37,0.370000,0,0,0,0,0,0,0,0,0,0.000,0.000,0.000000,0.000000,0.000000,0.370000,-0.370000
1125,B2,25,0.250000,0,0,0,0,0,0,8,0,0,0.000,0.000,0.000000,0.000000,0.000000,0.250000,-0.250000
1125,C0,36,0.360000,0,0,0,0,0,0,4,0,0,0.000,0.000,0.000000,0.000000,0.000000,0.360000,-0.360000
1125,C1,26,0.260000,0,0,0,0,0,0,1,0,0,0.000,0.000,0.000000,0.000000,0.000000,0.260000,-0.260000
1125,C2,19,0.190000,0,0,0,0,0,0,2,0,0,0.000,0.000,0.000000,0.000000,0.000000,0.190000,-0.190000
1130,A0,25,0.250000,0,0,0,1,0,1,0,0,2,0.000,12.981,0.000000,1.259626,1.259626,1.509626,-1.509626
1130,A1,24,0.240000,0,2,0,0,0,2,0,0,2,0.000,12.981,0.000000,1.259626,1.259626,1.499626,-1.499626
1130,A2,31,0.310000,0,0,0,1,0,1,0,0,4,0.000,12.981,0.000000,2.519252,2.519252,2.829252,-2.829252
1130,B0,17,0.170000,0,0,0,2,0,2,0,0,2,0.000,12.981,0.000000,1.259626,1.259626,1.429626,-1.429626
1130,B1,20,0.200000,0,0,0,0,0,0,0,0,0,0.000,0.000,0.000000,0.000000,0.000000,0.200000,-0.200000
1130,B2,5,0.050000,0,0,0,0,0,0,0,0,0,0.000,0.000,0.000000,0.000000,0.000000,0.050000,-0.050000
1130,C0,23,0.230000,0,0,0,0,0,0,0,0,0,0.000,0.000,0.000000,0.000000,0.000000,0.230000,-0.230000
1130,C1,3,0.030000,0,0,0,0,0,0,0,0,0,0.000,0.000,0.000000,0.000000,0.000000,0.030000,-0.030000
1130,C2,5,0.050000,0,0,0,0,0,0,0,0,0,0.000,0.000,0.000000,0.000000,0.000000,0.050000,-0.050000
1135,A0,27,0.270000,0,1,0,1,0,2,0,0,2,0.000,12.981,0.000000,1.259626,1.259626,1.529626,-1.529626
1135,A1,24,0.240000,0,2,0,0,0,2,0,0,6,0.000,12.981,0.000000,3.778879,3.778879,4.018879,-4.018879
1135,A2,38,0.380000,0,0,0,1,0,1,0,0,5,0.000,12.981,0.000000,3.149065,3.149065,3.529065,-3.529065
1135,B0,19,0.190000,0,0,0,2,0,2,0,0,0,0.000,12.981,0.000000,0.000000,0.000000,0.190000,-0.190000
1135,B1,21,0.210000,0,0,0,0,0,0,0,0,0,0.000,0.000,0.000000,0.000000,0.000000,0.210000,-0.210000
1135,B2,7,0.070000,0,0,0,0,0,0,0,0,0,0.000,0.000,0.000000,0.000000,0.000000,0.070000,-0.070000
1135,C0,25,0.250000,0,1,0,2,0,3,0,0,14,0.000,12.981,0.000000,8.817383,8.817383,9.067383,-9.067383
1135,C1,9,0.090000,0,0,0,0,0,0,0,0,0,0.000,0.000,0.000000,0.000000,0.000000,0.090000,-0.090000
1135,C2,7,0.070000,0,0,0,0,0,0,0,0,0,0.000,0.000,0.000000,0.000000,0.000000,0.070000,-0.070000
1140,A0,30,0.300000,0,2,0,2,0,4,0,0,1,0.000,12.981,0.000000,0.629813,0.629813,0.929813,-0.929813
1140,A1,24,0.240000,0,2,0,0,0,2,0,0,7,0.000,12.981,0.000000,4.408692,4.408692,4.648692,-4.648692
1140,A2,45,0.450000,0,0,0,1,0,1,0,0,3,0.000,12.981,0.000000,1.889439,1.889439,2.339439,-2.339439
1140,B0,20,0.200000,0,2,0,2,0,4,0,0,0,0.000,12.981,0.000000,0.000000,0.000000,0.200000,-0.200000
1140,B1,24,0.240000,0,0,0,0,0,0,0,0,0,0.000,0.000,0.000000,0.000000,0.000000,0.240000,-0.240000
1140,B2,8,0.080000,0,1,0,0,0,1,0,0,10,0.000,12.981,0.000000,6.298131,6.298131,6.378131,-6.378131
1140,C0,28,0.280000,0,1,0,2,0,3,0,0,15,0.000,12.981,0.000000,9.447196,9.447196,9.727196,-9.727196
1140,C1,15,0.150000,0,0,0,0,0,0,0,0,0,0.000,0.000,0.000000,0.000000,0.000000,0.150000,-0.150000
1140,C2,9,0.090000,0,0,0,0,0,0,0,0,0,0.000,0.000,0.000000,0.000000,0.000000,0.090000,-0.090000
1145,A0,30,0.300000,0,2,0,2,0,4,0,0,2,0.000,12.981,0.000000,1.259626,1.259626,1.559626,-1.559626
1145,A1,24,0.240000,0,2,0,0,0,2,0,0,8,0.000,12.981,0.000000,5.038505,5.038505,5.278505,-5.278505
1145,A2,49,0.490000,0,0,0,2,0,2,0,0,2,0.000,12.981,0.000000,1.259626,1.259626,1.749626,-1.749626
1145,B0,22,0.220000,0,3,0,2,0,5,0,0,0,0.000,12.981,0.000000,0.000000,0.000000,0.220000,-0.220000
1145,B1,26,0.260000,0,0,0,0,0,0,0,0,0,0.000,0.000,0.000000,0.000000,0.000000,0.260000,-0.260000
1145,B2,12,0.120000,0,1,0,0,0,1,0,0,12,0.000,12.981,0.000000,7.557757,7.557757,7.677757,-7.677757
1145,C0,29,0.290000,0,1,0,2,0,3,0,0,16,0.000,12.981,0.000000,10.077009,10.077009,10.367009,-10.367009
1145,C1,15,0.150000,0,0,0,0,0,0,0,0,0,0.000,0.000,0.000000,0.000000,0.000000,0.150000,-0.150000
1145,C2,13,0.130000,0,0,0,0,0,0,0,0,0,0.000,0.000,0.000000,0.000000,0.000000,0.130000,-0.130000
1150,A0,30,0.300000,0,4,0,2,0,6,0,0,4,0.000,12.981,0.000000,2.519252,2.519252,2.819252,-2.819252
1150,A1,24,0.240000,0,4,0,1,0,5,0,0,11,0.000,12.981,0.000000,6.927944,6.927944,7.167944,-7.167944
1150,A2,49,0.490000,0,0,0,2,0,2,0,0,0,0.000,12.981,0.000000,0.000000,0.000000,0.490000,-0.490000
1150,B0,22,0.220000,0,3,0,2,0,5,0,0,0,0.000,12.981,0.000000,0.000000,0.000000,0.220000,-0.220000
1150,B1,32,0.320000,0,0,0,0,0,0,0,0,0,0.000,0.000,0.000000,0.000000,0.000000,0.320000,-0.320000
1150,B2,15,0.150000,0,1,0,0,0,1,0,0,13,0.000,12.981,0.000000,8.187570,8.187570,8.337570,-8.337570
1150,C0,33,0.330000,0,2,0,2,0,4,0,0,12,0.000,12.981,0.000000,7.557757,7.557757,7.887757,-7.887757
1150,C1,15,0.150000,0,0,0,0,0,0,0,0,0,0.000,0.000,0.000000,0.000000,0.000000,0.150000,-0.150000
1150,C2,14,0.140000,0,0,0,1,0,1,0,0,12,0.000,12.981,0.000000,7.557757,7.557757,7.697757,-7.697757
1155,A0,30,0.300000,0,4,0,2,0,6,0,0,6,0.000,12.981,0.000000,3.778879,3.778879,4.078879,-4.078879
1155,A1,24,0.240000,0,4,0,1,0,5,0,0,11,0.000,12.981,0.000000,6.927944,6.927944,7.167944,-7.167944
1155,A2,49,0.490000,0,0,0,2,0,2,0,0,2,0.000,12.981,0.000000,1.259626,1.259626,1.749626,-1.749626
1155,B0,22,0.220000,0,4,0,2,0,6,0,0,0,0.000,12.981,0.000000,0.000000,0.000000,0.220000,-0.220000
1155,B1,39,0.390000,0,0,0,0,0,0,0,0,0,0.000,0.000,0.000000,0.000000,0.000000,0.390000,-0.390000
1155,B2,19,0.190000,0,2,0,0,0,2,0,0,14,0.000,12.981,0.000000,8.817383,8.817383,9.007383,-9.007383
1155,C0,33,0.330000,0,2,0,3,0,5,0,0,7,0.000,12.981,0.000000,4.408692,4.408692,4.738692,-4.738692
1155,C1,17,0.170000,0,0,0,0,0,0,0,0,0,0.000,0.000,0.000000,0.000000,0.000000,0.170000,-0.170000
1155,C2,14,0.140000,0,0,0,1,0,1,0,0,10,0.000,12.981,0.000000,6.298131,6.298131,6.438131,-6.438131
1160,A0,30,0.300000,0,5,0,3,0,8,0,0,4,0.000,12.981,0.000000,2.519252,2.519252,2.819252,-2.819252
1160,A1,25,0.250000,0,4,0,4,0,8,0,0,9,0.000,12.981,0.000000,5.668318,5.668318,5.918318,-5.918318
1160,A2,49,0.490000,0,0,0,2,0,2,0,0,3,0.000,12.981,0.000000,1.889439,1.889439,2.379439,-2.379439
1160,B0,22,0.220000,0,4,0,2,0,6,0,0,0,0.000,12.981,0.000000,0.000000,0.000000,0.220000,-0.220000
1160,B1,40,0.400000,0,0,0,0,0,0,0,0,0,0.000,0.000,0.000000,0.000000,0.000000,0.400000,-0.400000
1160,B2,22,0.220000,0,2,0,0,0,2,0,0,13,0.000,12.981,0.000000,8.187570,8.187570,8.407570,-8.407570
1160,C0,38,0.380000,0,2,0,3,0,5,0,0,4,0.000,12.981,0.000000,2.519252,2.519252,2.899252,-2.899252
1160,C1,18,0.180000,0,1,0,0,0,1,0,0,8,0.000,12.981,0.000000,5.038505,5.038505,5.218505,-5.218505
1160,C2,14,0.140000,0,0,0,2,0,2,0,0,10,0.000,12.981,0.000000,6.298131,6.298131,6.438131,-6.438131
1165,A0,30,0.300000,0,0,0,0,0,0,11,0,0,0.000,0.000,0.000000,0.000000,0.000000,0.300000,-0.300000
1165,A1,26,0.260000,0,0,0,0,0,0,7,0,0,0.000,0.000,0.000000,0.000000,0.000000,0.260000,-0.260000
1165,A2,49,0.490000,0,0,0,0,0,0,2,0,0,0.000,0.000,0.000000,0.000000,0.000000,0.490000,-0.490000
1165,B0,22,0.220000,0,0,0,0,0,0,6,0,0,0.000,0.000,0.000000,0.000000,0.000000,0.220000,-0.220000
1165,B1,41,0.410000,0,0,0,0,0,0,0,0,0,0.000,0.000,0.000000,0.000000,0.000000,0.410000,-0.410000
1165,B2,25,0.250000,0,0,0,0,0,0,2,0,0,0.000,0.000,0.000000,0.000000,0.000000,0.250000,-0.250000
1165,C0,39,0.390000,0,0,0,0,0,0,7,0,0,0.000,0.000,0.000000,0.000000,0.000000,0.390000,-0.390000
1165,C1,18,0.180000,0,0,0,0,0,0,1,0,0,0.000,0.000,0.000000,0.000000,0.000000,0.180000,-0.180000
1165,C2,14,0.140000,0,0,0,0,0,0,9,0,0,0.000,0.000,0.000000,0.000000,0.000000,0.140000,-0.140000
1170,A0,30,0.300000,0,0,0,0,0,0,15,0,0,0.000,0.000,0.000000,0.000000,0.000000,0.300000,-0.300000
1170,A1,26,0.260000,0,0,0,0,0,0,8,0,0,0.000,0.000,0.000000,0.000000,0.000000,0.260000,-0.260000
1170,A2,49,0.490000,0,0,0,0,0,0,3,0,0,0.000,0.000,0.000000,0.000000,0.000000,0.490000,-0.490000
1170,B0,22,0.220000,0,0,0,0,0,0,10,0,0,0.000,0.000,0.000000,0.000000,0.000000,0.220000,-0.220000
1170,B1,41,0.410000,0,0,0,0,0,0,0,0,0,0.000,0.000,0.000000,0.000000,0.000000,0.410000,-0.410000
1170,B2,25,0.250000,0,0,0,0,0,0,3,0,0,0.000,0.000,0.000000,0.000000,0.000000,0.250000,-0.250000
1170,C0,41,0.410000,0,0,0,0,0,0,9,0,0,0.000,0.000,0.000000,0.000000,0.000000,0.410000,-0.410000
1170,C1,18,0.180000,0,0,0,0,0,0,1,0,0,0.000,0.000,0.000000,0.000000,0.000000,0.180000,-0.180000
1170,C2,16,0.160000,0,0,0,0,0,0,9,0,0,0.000,0.000,0.000000,0.000000,0.000000,0.160000,-0.160000
1175,A0,40,0.400000,0,0,0,0,0,0,0,0,0,0.000,0.000,0.000000,0.000000,0.000000,0.400000,-0.400000
1175,A1,24,0.240000,0,0,0,0,0,0,0,0,0,0.000,0.000,0.000000,0.000000,0.000000,0.240000,-0.240000
1175,A2,26,0.260000,0,0,1,0,1,0,0,0,0,12.981,0.000,0.000000,0.000000,0.000000,0.260000,-0.260000
1175,B0,25,0.250000,1,0,3,0,4,0,0,6,0,12.981,0.000,3.778879,0.000000,3.778879,4.028879,-4.028879
1175,B1,17,0.170000,1,0,0,0,1,0,0,1,0,12.981,0.000,0.629813,0.000000,0.629813,0.799813,-0.799813
1175,B2,10,0.100000,0,0,2,0,2,0,0,6,0,12.981,0.000,3.778879,0.000000,3.778879,3.878879,-3.878879
1175,C0,24,0.240000,0,0,0,0,0,0,0,0,0,0.000,0.000,0.000000,0.000000,0.000000,0.240000,-0.240000
1175,C1,33,0.330000,0,0,0,0,0,0,0,0,0,0.000,0.000,0.000000,0.000000,0.000000,0.330000,-0.330000
1175,C2,2,0.020000,1,0,0,0,1,0,0,5,0,12.981,0.000,3.149065,0.000000,3.149065,3.169065,-3.169065
1180,A0,40,0.400000,1,0,0,0,1,0,0,3,0,12.981,0.000,1.889439,0.000000,1.889439,2.289439,-2.289439
1180,A1,24,0.240000,0,0,0,0,0,0,0,0,0,0.000,0.000,0.000000,0.000000,0.000000,0.240000,-0.240000
1180,A2,27,0.270000,0,0,1,0,1,0,0,0,0,12.981,0.000,0.000000,0.000000,0.000000,0.270000,-0.270000
1180,B0,25,0.250000,3,0,3,0,6,0,0,4,0,12.981,0.000,2.519252,0.000000,2.519252,2.769252,-2.769252
1180,B1,19,0.190000,1,0,0,0,1,0,0,3,0,12.981,0.000,1.889439,0.000000,1.889439,2.079439,-2.079439
1180,B2,9,0.090000,0,0,2,0,2,0,0,7,0,12.981,0.000,4.408692,0.000000,4.408692,4.498692,-4.498692
1180,C0,25,0.250000,1,0,0,0,1,0,0,0,0,12.981,0.000,0.000000,0.000000,0.000000,0.250000,-0.250000
1180,C1,34,0.340000,0,0,0,0,0,0,0,0,0,0.000,0.000,0.000000,0.000000,0.000000,0.340000,-0.340000
1180,C2,9,0.090000,1,0,1,0,2,0,0,13,0,12.981,0.000,8.187570,0.000000,8.187570,8.277570,-8.277570
1185,A0,40,0.400000,1,0,2,0,3,0,0,2,0,12.981,0.000,1.259626,0.000000,1.259626,1.659626,-1.659626
1185,A1,24,0.240000,0,0,0,0,0,0,0,0,0,0.000,0.000,0.000000,0.000000,0.000000,0.240000,-0.240000
1185,A2,29,0.290000,0,0,1,0,1,0,0,8,0,12.981,0.000,5.038505,0.000000,5.038505,5.328505,-5.328505
1185,B0,25,0.250000,5,0,3,0,8,0,0,3,0,12.981,0.000,1.889439,0.000000,1.889439,2.139439,-2.139439
1185,B1,24,0.240000,1,0,0,0,1,0,0,1,0,12.981,0.000,0.629813,0.000000,0.629813,0.869813,-0.869813
1185,B2,11,0.110000,0,0,4,0,4,0,0,12,0,12.981,0.000,7.557757,0.000000,7.557757,7.667757,-7.667757
1185,C0,25,0.250000,1,0,0,0,1,0,0,0,0,12.981,0.000,0.000000,0.000000,0.000000,0.250000,-0.250000
1185,C1,35,0.350000,0,0,0,0,0,0,0,0,0,0.000,0.000,0.000000,0.000000,0.000000,0.350000,-0.350000
1185,C2,13,0.130000,1,0,1,0,2,0,0,14,0,12.981,0.000,8.817383,0.000000,8.817383,8.947383,-8.947383
1190,A0,41,0.410000,2,0,2,0,4,0,0,1,0,12.981,0.000,0.629813,0.000000,0.629813,1.039813,-1.039813
1190,A1,24,0.240000,0,0,0,0,0,0,0,0,0,0.000,0.000,0.000000,0.000000,0.000000,0.240000,-0.240000
1190,A2,29,0.290000,0,0,1,0,1,0,0,13,0,12.981,0.000,8.187570,0.000000,8.187570,8.477570,-8.477570
1190,B0,25,0.250000,5,0,3,0,8,0,0,0,0,12.981,0.000,0.000000,0.000000,0.000000,0.250000,-0.250000
1190,B1,28,0.280000,1,0,0,0,1,0,0,0,0,12.981,0.000,0.000000,0.000000,0.000000,0.280000,-0.280000
1190,B2,15,0.150000,0,0,5,0,5,0,0,13,0,12.981,0.000,8.187570,0.000000,8.187570,8.337570,-8.337570
1190,C0,25,0.250000,1,0,0,0,1,0,0,0,0,12.981,0.000,0.000000,0.000000,0.000000,0.250000,-0.250000
1190,C1,35,0.350000,0,0,0,0,0,0,0,0,0,0.000,0.000,0.000000,0.000000,0.000000,0.350000,-0.350000
1190,C2,14,0.140000,1,0,1,0,2,0,0,14,0,12.981,0.000,8.817383,0.000000,8.817383,8.957383,-8.957383
1195,A0,43,0.430000,3,0,2,0,5,0,0,0,0,12.981,0.000,0.000000,0.000000,0.000000,0.430000,-0.430000
1195,A1,24,0.240000,0,0,0,0,0,0,0,0,0,0.000,0.000,0.000000,0.000000,0.000000,0.240000,-0.240000
1195,A2,29,0.290000,0,0,1,0,1,0,0,15,0,12.981,0.000,9.447196,0.000000,9.447196,9.737196,-9.737196
1195,B0,25,0.250000,5,0,3,0,8,0,0,0,0,12.981,0.000,0.000000,0.000000,0.000000,0.250000,-0.250000
1195,B1,32,0.320000,1,0,0,0,1,0,0,0,0,12.981,0.000,0.000000,0.000000,0.000000,0.320000,-0.320000
1195,B2,18,0.180000,0,0,6,0,6,0,0,18,0,12.981,0.000,11.336636,0.000000,11.336636,11.516636,-11.516636
1195,C0,25,0.250000,2,0,0,0,2,0,0,0,0,12.981,0.000,0.000000,0.000000,0.000000,0.250000,-0.250000
1195,C1,35,0.350000,0,0,0,0,0,0,0,0,0,0.000,0.000,0.000000,0.000000,0.000000,0.350000,-0.350000
1195,C2,16,0.160000,2,0,1,0,3,0,0,12,0,12.981,0.000,7.557757,0.000000,7.557757,7.717757,-7.717757
1200,A0,45,0.450000,3,0,2,0,5,0,0,0,0,12.981,0.000,0.000000,0.000000,0.000000,0.450000,-0.450000
1200,A1,24,0.240000,0,0,0,0,0,0,0,0,0,0.000,0.000,0.000000,0.000000,0.000000,0.240000,-0.240000
1200,A2,29,0.290000,0,0,2,0,2,0,0,17,0,12.981,0.000,10.706822,0.000000,10.706822,10.996822,-10.996822
1200,B0,25,0.250000,5,0,3,0,8,0,0,0,0,12.981,0.000,0.000000,0.000000,0.000000,0.250000,-0.250000
1200,B1,32,0.320000,1,0,0,0,1,0,0,0,0,12.981,0.000,0.000000,0.000000,0.000000,0.320000,-0.320000
1200,B2,21,0.210000,0,0,6,0,6,0,0,19,0,12.981,0.000,11.966449,0.000000,11.966449,12.176449,-12.176449
1200,C0,25,0.250000,3,0,0,0,3,0,0,0,0,12.981,0.000,0.000000,0.000000,0.000000,0.250000,-0.250000
1200,C1,35,0.350000,0,0,0,0,0,0,0,0,0,0.000,0.000,0.000000,0.000000,0.000000,0.350000,-0.350000
1200,C2,17,0.170000,1,0,1,0,2,0,0,9,0,12.981,0.000,5.668318,0.000000,5.668318,5.838318,-5.838318
1205,A0,46,0.460000,5,0,2,0,7,0,0,0,0,12.981,0.000,0.000000,0.000000,0.000000,0.460000,-0.460000
1205,A1,25,0.250000,0,0,0,0,0,0,0,0,0,0.000,0.000,0.000000,0.000000,0.000000,0.250000,-0.250000
1205,A2,29,0.290000,0,0,2,0,2,0,0,21,0,12.981,0.000,13.226075,0.000000,13.226075,13.516075,-13.516075
1205,B0,25,0.250000,5,0,3,0,8,0,0,0,0,12.981,0.000,0.000000,0.000000,0.000000,0.250000,-0.250000
1205,B1,32,0.320000,1,0,0,0,1,0,0,2,0,12.981,0.000,1.259626,0.000000,1.259626,1.579626,-1.579626
1205,B2,23,0.230000,0,0,6,0,6,0,0,18,0,12.981,0.000,11.336636,0.000000,11.336636,11.566636,-11.566636
1205,C0,25,0.250000,3,0,0,0,3,0,0,0,0,12.981,0.000,0.000000,0.000000,0.000000,0.250000,-0.250000
1205,C1,36,0.360000,0,0,0,0,0,0,0,0,0,0.000,0.000,0.000000,0.000000,0.000000,0.360000,-0.360000
1205,C2,17,0.170000,1,0,1,0,2,0,0,6,0,12.981,0.000,3.778879,0.000000,3.778879,3.948879,-3.948879
1210,A0,46,0.460000,0,0,0,0,0,0,8,0,0,0.000,0.000,0.000000,0.000000,0.000000,0.460000,-0.460000
1210,A1,26,0.260000,0,0,0,0,0,0,1,0,0,0.000,0.000,0.000000,0.000000,0.000000,0.260000,-0.260000
1210,A2,29,0.290000,0,0,0,0,0,0,4,0,0,0.000,0.000,0.000000,0.000000,0.000000,0.290000,-0.290000
1210,B0,25,0.250000,0,0,0,0,0,0,9,0,0,0.000,0.000,0.000000,0.000000,0.000000,0.250000,-0.250000
1210,B1,32,0.320000,0,0,0,0,0,0,2,0,0,0.000,0.000,0.000000,0.000000,0.000000,0.320000,-0.320000
1210,B2,24,0.240000,0,0,0,0,0,0,6,0,0,0.000,0.000,0.000000,0.000000,0.000000,0.240000,-0.240000
1210,C0,25,0.250000,0,0,0,0,0,0,3,0,0,0.000,0.000,0.000000,0.000000,0.000000,0.250000,-0.250000
1210,C1,37,0.370000,0,0,0,0,0,0,2,0,0,0.000,0.000,0.000000,0.000000,0.000000,0.370000,-0.370000
1210,C2,19,0.190000,0,0,0,0,0,0,2,0,0,0.000,0.000,0.000000,0.000000,0.000000,0.190000,-0.190000
1215,A0,46,0.460000,0,0,0,0,0,0,8,0,0,0.000,0.000,0.000000,0.000000,0.000000,0.460000,-0.460000
1215,A1,26,0.260000,0,0,0,0,0,0,1,0,0,0.000,0.000,0.000000,0.000000,0.000000,0.260000,-0.260000
1215,A2,29,0.290000,0,0,0,0,0,0,4,0,0,0.000,0.000,0.000000,0.000000,0.000000,0.290000,-0.290000
1215,B0,25,0.250000,0,0,0,0,0,0,11,0,0,0.000,0.000,0.000000,0.000000,0.000000,0.250000,-0.250000
1215,B1,32,0.320000,0,0,0,0,0,0,3,0,0,0.000,0.000,0.000000,0.000000,0.000000,0.320000,-0.320000
1215,B2,24,0.240000,0,0,0,0,0,0,7,0,0,0.000,0.000,0.000000,0.000000,0.000000,0.240000,-0.240000
1215,C0,25,0.250000,0,0,0,0,0,0,3,0,0,0.000,0.000,0.000000,0.000000,0.000000,0.250000,-0.250000
1215,C1,38,0.380000,0,0,0,0,0,0,2,0,0,0.000,0.000,0.000000,0.000000,0.000000,0.380000,-0.380000
1215,C2,20,0.200000,0,0,0,0,0,0,3,0,0,0.000,0.000,0.000000,0.000000,0.000000,0.200000,-0.200000
1220,A0,25,0.250000,0,0,0,0,0,0,0,0,0,0.000,0.000,0.000000,0.000000,0.000000,0.250000,-0.250000
1220,A1,18,0.180000,0,0,0,0,0,0,0,0,0,0.000,0.000,0.000000,0.000000,0.000000,0.180000,-0.180000
1220,A2,23,0.230000,0,0,0,1,0,1,0,0,8,0.000,12.981,0.000000,5.038505,5.038505,5.268505,-5.268505
1220,B0,21,0.210000,0,0,0,0,0,0,0,0,0,0.000,0.000,0.000000,0.000000,0.000000,0.210000,-0.210000
1220,B1,48,0.480000,0,0,0,0,0,0,0,0,0,0.000,0.000,0.000000,0.000000,0.000000,0.480000,-0.480000
1220,B2,10,0.100000,0,0,0,0,0,0,0,0,0,0.000,0.000,0.000000,0.000000,0.000000,0.100000,-0.100000
1220,C0,42,0.420000,0,0,0,0,0,0,0,0,0,0.000,0.000,0.000000,0.000000,0.000000,0.420000,-0.420000
1220,C1,13,0.130000,0,0,0,0,0,0,0,0,0,0.000,0.000,0.000000,0.000000,0.000000,0.130000,-0.130000
1220,C2,3,0.030000,0,0,0,0,0,0,0,0,0,0.000,0.000,0.000000,0.000000,0.000000,0.030000,-0.030000
1225,A0,26,0.260000,0,0,0,0,0,0,0,0,0,0.000,0.000,0.000000,0.000000,0.000000,0.260000,-0.260000
1225,A1,19,0.190000,0,0,0,0,0,0,0,0,0,0.000,0.000,0.000000,0.000000,0.000000,0.190000,-0.190000
1225,A2,24,0.240000,0,0,0,1,0,1,0,0,10,0.000,12.981,0.000000,6.298131,6.298131,6.538131,-6.538131
1225,B0,21,0.210000,0,0,0,0,0,0,0,0,0,0.000,0.000,0.000000,0.000000,0.000000,0.210000,-0.210000
1225,B1,48,0.480000,0,0,0,0,0,0,0,0,0,0.000,0.000,0.000000,0.000000,0.000000,0.480000,-0.480000
1225,B2,13,0.130000,0,0,0,0,0,0,0,0,0,0.000,0.000,0.000000,0.000000,0.000000,0.130000,-0.130000
1225,C0,43,0.430000,0,0,0,0,0,0,0,0,0,0.000,0.000,0.000000,0.000000,0.000000,0.430000,-0.430000
1225,C1,13,0.130000,0,0,0,0,0,0,0,0,0,0.000,0.000,0.000000,0.000000,0.000000,0.130000,-0.130000
1225,C2,3,0.030000,0,0,0,2,0,2,0,0,14,0.000,12.981,0.000000,8.817383,8.817383,8.847383,-8.847383
1230,A0,26,0.260000,0,0,0,0,0,0,0,0,0,0.000,0.000,0.000000,0.000000,0.000000,0.260000,-0.260000
1230,A1,21,0.210000,0,0,0,0,0,0,0,0,0,0.000,0.000,0.000000,0.000000,0.000000,0.210000,-0.210000
1230,A2,26,0.260000,0,0,0,1,0,1,0,0,12,0.000,12.981,0.000000,7.557757,7.557757,7.817757,-7.817757
1230,B0,21,0.210000,0,0,0,0,0,0,0,0,0,0.000,0.000,0.000000,0.000000,0.000000,0.210000,-0.210000
1230,B1,48,0.480000,0,1,0,0,0,1,0,0,2,0.000,12.981,0.000000,1.259626,1.259626,1.739626,-1.739626
1230,B2,16,0.160000,0,0,0,1,0,1,0,0,12,0.000,12.981,0.000000,7.557757,7.557757,7.717757,-7.717757
1230,C0,43,0.430000,0,0,0,0,0,0,0,0,0,0.000,0.000,0.000000,0.000000,0.000000,0.430000,-0.430000
1230,C1,13,0.130000,0,1,0,1,0,2,0,0,0,0.000,12.981,0.000000,0.000000,0.000000,0.130000,-0.130000
1230,C2,4,0.040000,0,0,0,2,0,2,0,0,13,0.000,12.981,0.000000,8.187570,8.187570,8.227570,-8.227570
1235,A0,26,0.260000,0,1,0,0,0,1,0,0,0,0.000,12.981,0.000000,0.000000,0.000000,0.260000,-0.260000
1235,A1,22,0.220000,0,0,0,1,0,1,0,0,2,0.000,12.981,0.000000,1.259626,1.259626,1.479626,-1.479626
1235,A2,29,0.290000,0,0,0,1,0,1,0,0,15,0.000,12.981,0.000000,9.447196,9.447196,9.737196,-9.737196
1235,B0,21,0.210000,0,2,0,1,0,3,0,0,0,0.000,12.981,0.000000,0.000000,0.000000,0.210000,-0.210000
1235,B1,48,0.480000,0,1,0,0,0,1,0,0,0,0.000,12.981,0.000000,0.000000,0.000000,0.480000,-0.480000
1235,B2,20,0.200000,0,1,0,1,0,2,0,0,14,0.000,12.981,0.000000,8.817383,8.817383,9.017383,-9.017383
1235,C0,44,0.440000,0,1,0,0,0,1,0,0,0,0.000,12.981,0.000000,0.000000,0.000000,0.440000,-0.440000
1235,C1,13,0.130000,0,1,0,3,0,4,0,0,0,0.000,12.981,0.000000,0.000000,0.000000,0.130000,-0.130000
1235,C2,4,0.040000,0,0,0,2,0,2,0,0,11,0.000,12.981,0.000000,6.927944,6.927944,6.967944,-6.967944
1240,A0,26,0.260000,0,1,0,0,0,1,0,0,8,0.000,12.981,0.000000,5.038505,5.038505,5.298505,-5.298505
1240,A1,27,0.270000,0,0,0,2,0,2,0,0,2,0.000,12.981,0.000000,1.259626,1.259626,1.529626,-1.529626
1240,A2,31,0.310000,0,0,0,4,0,4,0,0,14,0.000,12.981,0.000000,8.817383,8.817383,9.127383,-9.127383
1240,B0,22,0.220000,0,3,0,1,0,4,0,0,0,0.000,12.981,0.000000,0.000000,0.000000,0.220000,-0.220000
1240,B1,48,0.480000,0,1,0,0,0,1,0,0,0,0.000,12.981,0.000000,0.000000,0.000000,0.480000,-0.480000
1240,B2,24,0.240000,0,3,0,1,0,4,0,0,18,0.000,12.981,0.000000,11.336636,11.336636,11.576636,-11.576636
1240,C0,43,0.430000,0,2,0,0,0,2,0,0,0,0.000,12.981,0.000000,0.000000,0.000000,0.430000,-0.430000
1240,C1,14,0.140000,0,1,0,3,0,4,0,0,0,0.000,12.981,0.000000,0.000000,0.000000,0.140000,-0.140000
1240,C2,6,0.060000,0,0,0,3,0,3,0,0,5,0.000,12.981,0.000000,3.149065,3.149065,3.209065,-3.209065
1245,A0,26,0.260000,0,1,0,0,0,1,0,0,13,0.000,12.981,0.000000,8.187570,8.187570,8.447570,-8.447570
1245,A1,32,0.320000,0,0,0,2,0,2,0,0,1,0.000,12.981,0.000000,0.629813,0.629813,0.949813,-0.949813
1245,A2,37,0.370000,0,0,0,4,0,4,0,0,15,0.000,12.981,0.000000,9.447196,9.447196,9.817196,-9.817196
1245,B0,23,0.230000,0,3,0,1,0,4,0,0,0,0.000,12.981,0.000000,0.000000,0.000000,0.230000,-0.230000
1245,B1,48,0.480000,0,1,0,0,0,1,0,0,1,0.000,12.981,0.000000,0.629813,0.629813,1.109813,-1.109813
1245,B2,25,0.250000,0,3,0,1,0,4,0,0,14,0.000,12.981,0.000000,8.817383,8.817383,9.067383,-9.067383
1245,C0,43,0.430000,0,2,0,0,0,2,0,0,0,0.000,12.981,0.000000,0.000000,0.000000,0.430000,-0.430000
1245,C1,15,0.150000,0,1,0,3,0,4,0,0,2,0.000,12.981,0.000000,1.259626,1.259626,1.409626,-1.409626
1245,C2,6,0.060000,0,0,0,3,0,3,0,0,2,0.000,12.981,0.000000,1.259626,1.259626,1.319626,-1.319626
1250,A0,26,0.260000,0,3,0,0,0,3,0,0,18,0.000,12.981,0.000000,11.336636,11.336636,11.596636,-11.596636
1250,A1,36,0.360000,0,0,0,2,0,2,0,0,0,0.000,12.981,0.000000,0.000000,0.000000,0.360000,-0.360000
1250,A2,43,0.430000,0,0,0,4,0,4,0,0,17,0.000,12.981,0.000000,10.706822,10.706822,11.136822,-11.136822
1250,B0,23,0.230000,0,3,0,1,0,4,0,0,0,0.000,12.981,0.000000,0.000000,0.000000,0.230000,-0.230000
1250,B1,48,0.480000,0,1,0,0,0,1,0,0,2,0.000,12.981,0.000000,1.259626,1.259626,1.739626,-1.739626
1250,B2,25,0.250000,0,3,0,1,0,4,0,0,11,0.000,12.981,0.000000,6.927944,6.927944,7.177944,-7.177944
1250,C0,45,0.450000,0,3,0,0,0,3,0,0,0,0.000,12.981,0.000000,0.000000,0.000000,0.450000,-0.450000
1250,C1,15,0.150000,0,3,0,4,0,7,0,0,4,0.000,12.981,0.000000,2.519252,2.519252,2.669252,-2.669252
1250,C2,6,0.060000,0,0,0,3,0,3,0,0,2,0.000,12.981,0.000000,1.259626,1.259626,1.319626,-1.319626
1255,A0,26,0.260000,0,0,0,0,0,0,4,0,0,0.000,0.000,0.000000,0.000000,0.000000,0.260000,-0.260000
1255,A1,37,0.370000,0,0,0,0,0,0,3,0,0,0.000,0.000,0.000000,0.000000,0.000000,0.370000,-0.370000
1255,A2,49,0.490000,0,0,0,0,0,0,4,0,0,0.000,0.000,0.000000,0.000000,0.000000,0.490000,-0.490000
1255,B0,23,0.230000,0,0,0,0,0,0,6,0,0,0.000,0.000,0.000000,0.000000,0.000000,0.230000,-0.230000
1255,B1,48,0.480000,0,0,0,0,0,0,3,0,0,0.000,0.000,0.000000,0.000000,0.000000,0.480000,-0.480000
1255,B2,25,0.250000,0,0,0,0,0,0,7,0,0,0.000,0.000,0.000000,0.000000,0.000000,0.250000,-0.250000
1255,C0,45,0.450000,0,0,0,0,0,0,4,0,0,0.000,0.000,0.000000,0.000000,0.000000,0.450000,-0.450000
1255,C1,16,0.160000,0,0,0,0,0,0,8,0,0,0.000,0.000,0.000000,0.000000,0.000000,0.160000,-0.160000
1255,C2,6,0.060000,0,0,0,0,0,0,5,0,0,0.000,0.000,0.000000,0.000000,0.000000,0.060000,-0.060000
1260,A0,26,0.260000,0,0,0,0,0,0,4,0,0,0.000,0.000,0.000000,0.000000,0.000000,0.260000,-0.260000
1260,A1,37,0.370000,0,0,0,0,0,0,6,0,0,0.000,0.000,0.000000,0.000000,0.000000,0.370000,-0.370000
1260,A2,49,0.490000,0,0,0,0,0,0,6,0,0,0.000,0.000,0.000000,0.000000,0.000000,0.490000,-0.490000
1260,B0,25,0.250000,0,0,0,0,0,0,6,0,0,0.000,0.000,0.000000,0.000000,0.000000,0.250000,-0.250000
1260,B1,48,0.480000,0,0,0,0,0,0,9,0,0,0.000,0.000,0.000000,0.000000,0.000000,0.480000,-0.480000
1260,B2,25,0.250000,0,0,0,0,0,0,8,0,0,0.000,0.000,0.000000,0.000000,0.000000,0.250000,-0.250000
1260,C0,45,0.450000,0,0,0,0,0,0,5,0,0,0.000,0.000,0.000000,0.000000,0.000000,0.450000,-0.450000
1260,C1,17,0.170000,0,0,0,0,0,0,8,0,0,0.000,0.000,0.000000,0.000000,0.000000,0.170000,-0.170000
1260,C2,6,0.060000,0,0,0,0,0,0,7,0,0,0.000,0.000,0.000000,0.000000,0.000000,0.060000,-0.060000
1265,A0,14,0.140000,1,0,1,0,2,0,0,1,0,12.981,0.000,0.629813,0.000000,0.629813,0.769813,-0.769813
1265,A1,24,0.240000,0,0,0,0,0,0,0,0,0,0.000,0.000,0.000000,0.000000,0.000000,0.240000,-0.240000
1265,A2,8,0.080000,0,0,0,0,0,0,0,0,0,0.000,0.000,0.000000,0.000000,0.000000,0.080000,-0.080000
1265,B0,25,0.250000,0,0,0,0,0,0,0,0,0,0.000,0.000,0.000000,0.000000,0.000000,0.250000,-0.250000
1265,B1,36,0.360000,0,0,3,0,3,0,0,0,0,12.981,0.000,0.000000,0.000000,0.000000,0.360000,-0.360000
1265,B2,32,0.320000,1,0,0,0,1,0,0,0,0,12.981,0.000,0.000000,0.000000,0.000000,0.320000,-0.320000
1265,C0,25,0.250000,0,0,0,0,0,0,0,0,0,0.000,0.000,0.000000,0.000000,0.000000,0.250000,-0.250000
1265,C1,45,0.450000,0,0,0,0,0,0,0,0,0,0.000,0.000,0.000000,0.000000,0.000000,0.450000,-0.450000
1265,C2,0,0.000000,0,0,0,0,0,0,0,0,0,0.000,0.000,0.000000,0.000000,0.000000,0.000000,-0.000000
1270,A0,21,0.210000,1,0,3,0,4,0,0,1,0,12.981,0.000,0.629813,0.000000,0.629813,0.839813,-0.839813
1270,A1,24,0.240000,0,0,0,0,0,0,0,0,0,0.000,0.000,0.000000,0.000000,0.000000,0.240000,-0.240000
1270,A2,12,0.120000,0,0,0,0,0,0,0,0,0,0.000,0.000,0.000000,0.000000,0.000000,0.120000,-0.120000
1270,B0,26,0.260000,0,0,2,0,2,0,0,5,0,12.981,0.000,3.149065,0.000000,3.149065,3.409065,-3.409065
1270,B1,36,0.360000,0,0,4,0,4,0,0,0,0,12.981,0.000,0.000000,0.000000,0.000000,0.360000,-0.360000
1270,B2,34,0.340000,3,0,0,0,3,0,0,0,0,12.981,0.000,0.000000,0.000000,0.000000,0.340000,-0.340000
1270,C0,25,0.250000,0,0,0,0,0,0,0,0,0,0.000,0.000,0.000000,0.000000,0.000000,0.250000,-0.250000
1270,C1,46,0.460000,0,0,0,0,0,0,0,0,0,0.000,0.000,0.000000,0.000000,0.000000,0.460000,-0.460000
1270,C2,0,0.000000,0,0,0,0,0,0,0,0,0,0.000,0.000,0.000000,0.000000,0.000000,0.000000,-0.000000
1275,A0,25,0.250000,1,0,4,0,5,0,0,1,0,12.981,0.000,0.629813,0.000000,0.629813,0.879813,-0.879813
1275,A1,24,0.240000,1,0,0,0,1,0,0,9,0,12.981,0.000,5.668318,0.000000,5.668318,5.908318,-5.908318
1275,A2,16,0.160000,0,0,0,0,0,0,0,0,0,0.000,0.000,0.000000,0.000000,0.000000,0.160000,-0.160000
1275,B0,28,0.280000,0,0,3,0,3,0,0,7,0,12.981,0.000,4.408692,0.000000,4.408692,4.688692,-4.688692
1275,B1,36,0.360000,1,0,4,0,5,0,0,0,0,12.981,0.000,0.000000,0.000000,0.000000,0.360000,-0.360000
1275,B2,34,0.340000,1,0,0,0,1,0,0,0,0,12.981,0.000,0.000000,0.000000,0.000000,0.340000,-0.340000
1275,C0,25,0.250000,1,0,0,0,1,0,0,0,0,12.981,0.000,0.000000,0.000000,0.000000,0.250000,-0.250000
1275,C1,47,0.470000,2,0,0,0,2,0,0,2,0,12.981,0.000,1.259626,0.000000,1.259626,1.729626,-1.729626
1275,C2,0,0.000000,0,0,1,0,1,0,0,2,0,12.981,0.000,1.259626,0.000000,1.259626,1.259626,-1.259626
1280,A0,29,0.290000,1,0,6,0,7,0,0,1,0,12.981,0.000,0.629813,0.000000,0.629813,0.919813,-0.919813
1280,A1,24,0.240000,1,0,0,0,1,0,0,8,0,12.981,0.000,5.038505,0.000000,5.038505,5.278505,-5.278505
1280,A2,18,0.180000,0,0,0,0,0,0,0,0,0,0.000,0.000,0.000000,0.000000,0.000000,0.180000,-0.180000
1280,B0,29,0.290000,0,0,4,0,4,0,0,9,0,12.981,0.000,5.668318,0.000000,5.668318,5.958318,-5.958318
1280,B1,36,0.360000,1,0,4,0,5,0,0,0,0,12.981,0.000,0.000000,0.000000,0.000000,0.360000,-0.360000
1280,B2,36,0.360000,1,0,0,0,1,0,0,0,0,12.981,0.000,0.000000,0.000000,0.000000,0.360000,-0.360000
1280,C0,25,0.250000,1,0,0,0,1,0,0,0,0,12.981,0.000,0.000000,0.000000,0.000000,0.250000,-0.250000
1280,C1,47,0.470000,2,0,0,0,2,0,0,0,0,12.981,0.000,0.000000,0.000000,0.000000,0.470000,-0.470000
1280,C2,0,0.000000,0,0,1,0,1,0,0,1,0,12.981,0.000,0.629813,0.000000,0.629813,0.629813,-0.629813
1285,A0,33,0.330000,1,0,6,0,7,0,0,0,0,12.981,0.000,0.000000,0.000000,0.000000,0.330000,-0.330000
1285,A1,24,0.240000,1,0,0,0,1,0,0,7,0,12.981,0.000,4.408692,0.000000,4.408692,4.648692,-4.648692
1285,A2,22,0.220000,0,0,1,0,1,0,0,0,0,12.981,0.000,0.000000,0.000000,0.000000,0.220000,-0.220000
1285,B0,29,0.290000,1,0,4,0,5,0,0,8,0,12.981,0.000,5.038505,0.000000,5.038505,5.328505,-5.328505
1285,B1,36,0.360000,1,0,4,0,5,0,0,0,0,12.981,0.000,0.000000,0.000000,0.000000,0.360000,-0.360000
1285,B2,36,0.360000,1,0,0,0,1,0,0,0,0,12.981,0.000,0.000000,0.000000,0.000000,0.360000,-0.360000
1285,C0,25,0.250000,3,0,0,0,3,0,0,0,0,12.981,0.000,0.000000,0.000000,0.000000,0.250000,-0.250000
1285,C1,47,0.470000,3,0,0,0,3,0,0,0,0,12.981,0.000,0.000000,0.000000,0.000000,0.470000,-0.470000
1285,C2,0,0.000000,0,0,1,0,1,0,0,0,0,12.981,0.000,0.000000,0.000000,0.000000,0.000000,-0.000000
1290,A0,40,0.400000,1,0,6,0,7,0,0,0,0,12.981,0.000,0.000000,0.000000,0.000000,0.400000,-0.400000
1290,A1,24,0.240000,1,0,1,0,2,0,0,5,0,12.981,0.000,3.149065,0.000000,3.149065,3.389065,-3.389065
1290,A2,24,0.240000,0,0,0,0,0,0,0,0,0,0.000,0.000,0.000000,0.000000,0.000000,0.240000,-0.240000
1290,B0,29,0.290000,2,0,4,0,6,0,0,5,0,12.981,0.000,3.149065,0.000000,3.149065,3.439065,-3.439065
1290,B1,36,0.360000,1,0,4,0,5,0,0,0,0,12.981,0.000,0.000000,0.000000,0.000000,0.360000,-0.360000
1290,B2,37,0.370000,1,0,0,0,1,0,0,0,0,12.981,0.000,0.000000,0.000000,0.000000,0.370000,-0.370000
1290,C0,25,0.250000,3,0,1,0,4,0,0,0,0,12.981,0.000,0.000000,0.000000,0.000000,0.250000,-0.250000
1290,C1,47,0.470000,3,0,0,0,3,0,0,0,0,12.981,0.000,0.000000,0.000000,0.000000,0.470000,-0.470000
1290,C2,0,0.000000,0,0,1,0,1,0,0,0,0,12.981,0.000,0.000000,0.000000,0.000000,0.000000,-0.000000
1295,A0,46,0.460000,1,0,6,0,7,0,0,0,0,12.981,0.000,0.000000,0.000000,0.000000,0.460000,-0.460000
1295,A1,24,0.240000,1,0,2,0,3,0,0,3,0,12.981,0.000,1.889439,0.000000,1.889439,2.129439,-2.129439
1295,A2,25,0.250000,0,0,1,0,1,0,0,0,0,12.981,0.000,0.000000,0.000000,0.000000,0.250000,-0.250000
1295,B0,29,0.290000,4,0,5,0,9,0,0,4,0,12.981,0.000,2.519252,0.000000,2.519252,2.809252,-2.809252
1295,B1,36,0.360000,1,0,4,0,5,0,0,0,0,12.981,0.000,0.000000,0.000000,0.000000,0.360000,-0.360000
1295,B2,38,0.380000,1,0,0,0,1,0,0,0,0,12.981,0.000,0.000000,0.000000,0.000000,0.380000,-0.380000
1295,C0,25,0.250000,4,0,3,0,7,0,0,0,0,12.981,0.000,0.000000,0.000000,0.000000,0.250000,-0.250000
1295,C1,48,0.480000,3,0,0,0,3,0,0,0,0,12.981,0.000,0.000000,0.000000,0.000000,0.480000,-0.480000
1295,C2,2,0.020000,0,0,2,0,2,0,0,0,0,12.981,0.000,0.000000,0.000000,0.000000,0.020000,-0.020000
1300,A0,48,0.480000,0,0,0,0,0,0,8,0,0,0.000,0.000,0.000000,0.000000,0.000000,0.480000,-0.480000
1300,A1,24,0.240000,0,0,0,0,0,0,3,0,0,0.000,0.000,0.000000,0.000000,0.000000,0.240000,-0.240000
1300,A2,25,0.250000,0,0,0,0,0,0,2,0,0,0.000,0.000,0.000000,0.000000,0.000000,0.250000,-0.250000
1300,B0,29,0.290000,0,0,0,0,0,0,9,0,0,0.000,0.000,0.000000,0.000000,0.000000,0.290000,-0.290000
1300,B1,38,0.380000,0,0,0,0,0,0,8,0,0,0.000,0.000,0.000000,0.000000,0.000000,0.380000,-0.380000
1300,B2,38,0.380000,0,0,0,0,0,0,2,0,0,0.000,0.000,0.000000,0.000000,0.000000,0.380000,-0.380000
1300,C0,25,0.250000,0,0,0,0,0,0,8,0,0,0.000,0.000,0.000000,0.000000,0.000000,0.250000,-0.250000
1300,C1,49,0.490000,0,0,0,0,0,0,4,0,0,0.000,0.000,0.000000,0.000000,0.000000,0.490000,-0.490000
1300,C2,2,0.020000,0,0,0,0,0,0,2,0,0,0.000,0.000,0.000000,0.000000,0.000000,0.020000,-0.020000
1305,A0,49,0.490000,0,0,0,0,0,0,9,0,0,0.000,0.000,0.000000,0.000000,0.000000,0.490000,-0.490000
1305,A1,24,0.240000,0,0,0,0,0,0,4,0,0,0.000,0.000,0.000000,0.000000,0.000000,0.240000,-0.240000
1305,A2,25,0.250000,0,0,0,0,0,0,3,0,0,0.000,0.000,0.000000,0.000000,0.000000,0.250000,-0.250000
1305,B0,29,0.290000,0,0,0,0,0,0,11,0,0,0.000,0.000,0.000000,0.000000,0.000000,0.290000,-0.290000
1305,B1,40,0.400000,0,0,0,0,0,0,8,0,0,0.000,0.000,0.000000,0.000000,0.000000,0.400000,-0.400000
1305,B2,38,0.380000,0,0,0,0,0,0,2,0,0,0.000,0.000,0.000000,0.000000,0.000000,0.380000,-0.380000
1305,C0,25,0.250000,0,0,0,0,0,0,9,0,0,0.000,0.000,0.000000,0.000000,0.000000,0.250000,-0.250000
1305,C1,49,0.490000,0,0,0,0,0,0,5,0,0,0.000,0.000,0.000000,0.000000,0.000000,0.490000,-0.490000
1305,C2,2,0.020000,0,0,0,0,0,0,2,0,0,0.000,0.000,0.000000,0.000000,0.000000,0.020000,-0.020000
1310,A0,25,0.250000,0,0,0,0,0,0,0,0,0,0.000,0.000,0.000000,0.000000,0.000000,0.250000,-0.250000
1310,A1,25,0.250000,0,0,0,0,0,0,0,0,0,0.000,0.000,0.000000,0.000000,0.000000,0.250000,-0.250000
1310,A2,49,0.490000,0,1,0,0,0,1,0,0,0,0.000,12.981,0.000000,0.000000,0.000000,0.490000,-0.490000
1310,B0,14,0.140000,0,1,0,0,0,1,0,0,2,0.000,12.981,0.000000,1.259626,1.259626,1.399626,-1.399626
1310,B1,48,0.480000,0,0,0,0,0,0,0,0,0,0.000,0.000,0.000000,0.000000,0.000000,0.480000,-0.480000
1310,B2,25,0.250000,0,0,0,0,0,0,0,0,0,0.000,0.000,0.000000,0.000000,0.000000,0.250000,-0.250000
1310,C0,50,0.500000,0,0,0,0,0,0,0,0,0,0.000,0.000,0.000000,0.000000,0.000000,0.500000,-0.500000
1310,C1,19,0.190000,0,1,0,0,0,1,0,0,0,0.000,12.981,0.000000,0.000000,0.000000,0.190000,-0.190000
1310,C2,0,0.000000,0,0,0,0,0,0,0,0,0,0.000,0.000,0.000000,0.000000,0.000000,0.000000,-0.000000
1315,A0,25,0.250000,0,0,0,0,0,0,0,0,0,0.000,0.000,0.000000,0.000000,0.000000,0.250000,-0.250000
1315,A1,25,0.250000,0,0,0,0,0,0,0,0,0,0.000,0.000,0.000000,0.000000,0.000000,0.250000,-0.250000
1315,A2,49,0.490000,0,3,0,0,0,3,0,0,0,0.000,12.981,0.000000,0.000000,0.000000,0.490000,-0.490000
1315,B0,14,0.140000,0,2,0,0,0,2,0,0,0,0.000,12.981,0.000000,0.000000,0.000000,0.140000,-0.140000
1315,B1,48,0.480000,0,0,0,0,0,0,0,0,0,0.000,0.000,0.000000,0.000000,0.000000,0.480000,-0.480000
1315,B2,25,0.250000,0,1,0,0,0,1,0,0,2,0.000,12.981,0.000000,1.259626,1.259626,1.509626,-1.509626
1315,C0,50,0.500000,0,2,0,0,0,2,0,0,2,0.000,12.981,0.000000,1.259626,1.259626,1.759626,-1.759626
1315,C1,19,0.190000,0,1,0,0,0,1,0,0,0,0.000,12.981,0.000000,0.000000,0.000000,0.190000,-0.190000
1315,C2,0,0.000000,0,0,0,1,0,1,0,0,0,0.000,12.981,0.000000,0.000000,0.000000,0.000000,-0.000000
1320,A0,26,0.260000,0,0,0,2,0,2,0,0,0,0.000,12.981,0.000000,0.000000,0.000000,0.260000,-0.260000
1320,A1,25,0.250000,0,0,0,1,0,1,0,0,2,0.000,12.981,0.000000,1.259626,1.259626,1.509626,-1.509626
1320,A2,49,0.490000,0,4,0,0,0,4,0,0,0,0.000,12.981,0.000000,0.000000,0.000000,0.490000,-0.490000
1320,B0,14,0.140000,0,1,0,0,0,1,0,0,0,0.000,12.981,0.000000,0.000000,0.000000,0.140000,-0.140000
1320,B1,48,0.480000,0,0,0,0,0,0,0,0,0,0.000,0.000,0.000000,0.000000,0.000000,0.480000,-0.480000
1320,B2,25,0.250000,0,1,0,0,0,1,0,0,0,0.000,12.981,0.000000,0.000000,0.000000,0.250000,-0.250000
1320,C0,50,0.500000,0,2,0,0,0,2,0,0,2,0.000,12.981,0.000000,1.259626,1.259626,1.759626,-1.759626
1320,C1,19,0.190000,0,1,0,0,0,1,0,0,0,0.000,12.981,0.000000,0.000000,0.000000,0.190000,-0.190000
1320,C2,0,0.000000,0,0,0,1,0,1,0,0,0,0.000,12.981,0.000000,0.000000,0.000000,0.000000,-0.000000
1325,A0,22,0.220000,0,0,0,2,0,2,0,0,0,0.000,12.981,0.000000,0.000000,0.000000,0.220000,-0.220000
1325,A1,25,0.250000,0,0,0,1,0,1,0,0,1,0.000,12.981,0.000000,0.629813,0.629813,0.879813,-0.879813
1325,A2,49,0.490000,0,4,0,0,0,4,0,0,0,0.000,12.981,0.000000,0.000000,0.000000,0.490000,-0.490000
1325,B0,15,0.150000,0,1,0,0,0,1,0,0,0,0.000,12.981,0.000000,0.000000,0.000000,0.150000,-0.150000
1325,B1,48,0.480000,0,0,0,0,0,0,0,0,0,0.000,0.000,0.000000,0.000000,0.000000,0.480000,-0.480000
1325,B2,25,0.250000,0,1,0,0,0,1,0,0,0,0.000,12.981,0.000000,0.000000,0.000000,0.250000,-0.250000
1325,C0,50,0.500000,0,5,0,1,0,6,0,0,1,0.000,12.981,0.000000,0.629813,0.629813,1.129813,-1.129813
1325,C1,19,0.190000,0,2,0,0,0,2,0,0,0,0.000,12.981,0.000000,0.000000,0.000000,0.190000,-0.190000
1325,C2,2,0.020000,0,0,0,1,0,1,0,0,0,0.000,12.981,0.000000,0.000000,0.000000,0.020000,-0.020000
1330,A0,21,0.210000,0,0,0,2,0,2,0,0,0,0.000,12.981,0.000000,0.000000,0.000000,0.210000,-0.210000
1330,A1,25,0.250000,0,0,0,1,0,1,0,0,1,0.000,12.981,0.000000,0.629813,0.629813,0.879813,-0.879813
1330,A2,49,0.490000,0,4,0,0,0,4,0,0,0,0.000,12.981,0.000000,0.000000,0.000000,0.490000,-0.490000
1330,B0,16,0.160000,0,1,0,0,0,1,0,0,0,0.000,12.981,0.000000,0.000000,0.000000,0.160000,-0.160000
1330,B1,48,0.480000,0,1,0,0,0,1,0,0,1,0.000,12.981,0.000000,0.629813,0.629813,1.109813,-1.109813
1330,B2,25,0.250000,0,1,0,0,0,1,0,0,0,0.000,12.981,0.000000,0.000000,0.000000,0.250000,-0.250000
1330,C0,50,0.500000,0,6,0,2,0,8,0,0,0,0.000,12.981,0.000000,0.000000,0.000000,0.500000,-0.500000
1330,C1,19,0.190000,0,2,0,1,0,3,0,0,0,0.000,12.981,0.000000,0.000000,0.000000,0.190000,-0.190000
1330,C2,2,0.020000,0,1,0,1,0,2,0,0,1,0.000,12.981,0.000000,0.629813,0.629813,0.649813,-0.649813
1335,A0,19,0.190000,0,0,0,2,0,2,0,0,0,0.000,12.981,0.000000,0.000000,0.000000,0.190000,-0.190000
1335,A1,25,0.250000,0,0,0,1,0,1,0,0,2,0.000,12.981,0.000000,1.259626,1.259626,1.509626,-1.509626
1335,A2,49,0.490000,0,4,0,0,0,4,0,0,0,0.000,12.981,0.000000,0.000000,0.000000,0.490000,-0.490000
1335,B0,16,0.160000,0,1,0,0,0,1,0,0,0,0.000,12.981,0.000000,0.000000,0.000000,0.160000,-0.160000
1335,B1,48,0.480000,0,3,0,0,0,3,0,0,1,0.000,12.981,0.000000,0.629813,0.629813,1.109813,-1.109813
1335,B2,25,0.250000,0,1,0,0,0,1,0,0,0,0.000,12.981,0.000000,0.000000,0.000000,0.250000,-0.250000
1335,C0,50,0.500000,0,6,0,2,0,8,0,0,0,0.000,12.981,0.000000,0.000000,0.000000,0.500000,-0.500000
1335,C1,19,0.190000,0,2,0,1,0,3,0,0,0,0.000,12.981,0.000000,0.000000,0.000000,0.190000,-0.190000
1335,C2,2,0.020000,0,3,0,1,0,4,0,0,2,0.000,12.981,0.000000,1.259626,1.259626,1.279626,-1.279626
1340,A0,18,0.180000,0,0,0,4,0,4,0,0,0,0.000,12.981,0.000000,0.000000,0.000000,0.180000,-0.180000
1340,A1,25,0.250000,0,0,0,2,0,2,0,0,2,0.000,12.981,0.000000,1.259626,1.259626,1.509626,-1.509626
1340,A2,49,0.490000,0,4,0,0,0,4,0,0,0,0.000,12.981,0.000000,0.000000,0.000000,0.490000,-0.490000
1340,B0,16,0.160000,0,1,0,0,0,1,0,0,0,0.000,12.981,0.000000,0.000000,0.000000,0.160000,-0.160000
1340,B1,48,0.480000,0,3,0,0,0,3,0,0,0,0.000,12.981,0.000000,0.000000,0.000000,0.480000,-0.480000
1340,B2,25,0.250000,0,1,0,0,0,1,0,0,0,0.000,12.981,0.000000,0.000000,0.000000,0.250000,-0.250000
1340,C0,50,0.500000,0,7,0,2,0,9,0,0,0,0.000,12.981,0.000000,0.000000,0.000000,0.500000,-0.500000
1340,C1,19,0.190000,0,4,0,2,0,6,0,0,0,0.000,12.981,0.000000,0.000000,0.000000,0.190000,-0.190000
1340,C2,2,0.020000,0,5,0,1,0,6,0,0,2,0.000,12.981,0.000000,1.259626,1.259626,1.279626,-1.279626
1345,A0,18,0.180000,0,0,0,0,0,0,4,0,0,0.000,0.000,0.000000,0.000000,0.000000,0.180000,-0.180000
1345,A1,25,0.250000,0,0,0,0,0,0,2,0,0,0.000,0.000,0.000000,0.000000,0.000000,0.250000,-0.250000
1345,A2,49,0.490000,0,0,0,0,0,0,4,0,0,0.000,0.000,0.000000,0.000000,0.000000,0.490000,-0.490000
1345,B0,16,0.160000,0,0,0,0,0,0,1,0,0,0.000,0.000,0.000000,0.000000,0.000000,0.160000,-0.160000
1345,B1,48,0.480000,0,0,0,0,0,0,6,0,0,0.000,0.000,0.000000,0.000000,0.000000,0.480000,-0.480000
1345,B2,25,0.250000,0,0,0,0,0,0,2,0,0,0.000,0.000,0.000000,0.000000,0.000000,0.250000,-0.250000
1345,C0,50,0.500000,0,0,0,0,0,0,9,0,0,0.000,0.000,0.000000,0.000000,0.000000,0.500000,-0.500000
1345,C1,19,0.190000,0,0,0,0,0,0,6,0,0,0.000,0.000,0.000000,0.000000,0.000000,0.190000,-0.190000
1345,C2,2,0.020000,0,0,0,0,0,0,8,0,0,0.000,0.000,0.000000,0.000000,0.000000,0.020000,-0.020000
1350,A0,18,0.180000,0,0,0,0,0,0,5,0,0,0.000,0.000,0.000000,0.000000,0.000000,0.180000,-0.180000
1350,A1,25,0.250000,0,0,0,0,0,0,3,0,0,0.000,0.000,0.000000,0.000000,0.000000,0.250000,-0.250000
1350,A2,49,0.490000,0,0,0,0,0,0,4,0,0,0.000,0.000,0.000000,0.000000,0.000000,0.490000,-0.490000
1350,B0,16,0.160000,0,0,0,0,0,0,2,0,0,0.000,0.000,0.000000,0.000000,0.000000,0.160000,-0.160000
1350,B1,48,0.480000,0,0,0,0,0,0,7,0,0,0.000,0.000,0.000000,0.000000,0.000000,0.480000,-0.480000
1350,B2,25,0.250000,0,0,0,0,0,0,2,0,0,0.000,0.000,0.000000,0.000000,0.000000,0.250000,-0.250000
1350,C0,50,0.500000,0,0,0,0,0,0,9,0,0,0.000,0.000,0.000000,0.000000,0.000000,0.500000,-0.500000
1350,C1,19,0.190000,0,0,0,0,0,0,10,0,0,0.000,0.000,0.000000,0.000000,0.000000,0.190000,-0.190000
1350,C2,3,0.030000,0,0,0,0,0,0,8,0,0,0.000,0.000,0.000000,0.000000,0.000000,0.030000,-0.030000
1355,A0,49,0.490000,1,0,0,0,1,0,0,5,0,12.981,0.000,3.149065,0.000000,3.149065,3.639065,-3.639065
1355,A1,26,0.260000,0,0,1,0,1,0,0,0,0,12.981,0.000,0.000000,0.000000,0.000000,0.260000,-0.260000
1355,A2,25,0.250000,0,0,0,0,0,0,0,0,0,0.000,0.000,0.000000,0.000000,0.000000,0.250000,-0.250000
1355,B0,27,0.270000,1,0,0,0,1,0,0,1,0,12.981,0.000,0.629813,0.000000,0.629813,0.899813,-0.899813
1355,B1,44,0.440000,0,0,0,0,0,0,0,0,0,0.000,0.000,0.000000,0.000000,0.000000,0.440000,-0.440000
1355,B2,40,0.400000,0,0,1,0,1,0,0,0,0,12.981,0.000,0.000000,0.000000,0.000000,0.400000,-0.400000
1355,C0,25,0.250000,0,0,0,0,0,0,0,0,0,0.000,0.000,0.000000,0.000000,0.000000,0.250000,-0.250000
1355,C1,49,0.490000,0,0,0,0,0,0,0,0,0,0.000,0.000,0.000000,0.000000,0.000000,0.490000,-0.490000
1355,C2,1,0.010000,1,0,0,0,1,0,0,2,0,12.981,0.000,1.259626,0.000000,1.259626,1.269626,-1.269626
1360,A0,49,0.490000,1,0,0,0,1,0,0,1,0,12.981,0.000,0.629813,0.000000,0.629813,1.119813,-1.119813
1360,A1,26,0.260000,0,0,1,0,1,0,0,0,0,12.981,0.000,0.000000,0.000000,0.000000,0.260000,-0.260000
1360,A2,25,0.250000,0,0,0,0,0,0,0,0,0,0.000,0.000,0.000000,0.000000,0.000000,0.250000,-0.250000
1360,B0,27,0.270000,2,0,0,0,2,0,0,3,0,12.981,0.000,1.889439,0.000000,1.889439,2.159439,-2.159439
1360,B1,44,0.440000,1,0,2,0,3,0,0,0,0,12.981,0.000,0.000000,0.000000,0.000000,0.440000,-0.440000
1360,B2,40,0.400000,0,0,1,0,1,0,0,0,0,12.981,0.000,0.000000,0.000000,0.000000,0.400000,-0.400000
1360,C0,25,0.250000,1,0,0,0,1,0,0,0,0,12.981,0.000,0.000000,0.000000,0.000000,0.250000,-0.250000
1360,C1,49,0.490000,1,0,1,0,2,0,0,3,0,12.981,0.000,1.889439,0.000000,1.889439,2.379439,-2.379439
1360,C2,1,0.010000,3,0,0,0,3,0,0,0,0,12.981,0.000,0.000000,0.000000,0.000000,0.010000,-0.010000
1365,A0,49,0.490000,1,0,0,0,1,0,0,0,0,12.981,0.000,0.000000,0.000000,0.000000,0.490000,-0.490000
1365,A1,28,0.280000,0,0,2,0,2,0,0,0,0,12.981,0.000,0.000000,0.000000,0.000000,0.280000,-0.280000
1365,A2,25,0.250000,0,0,0,0,0,0,0,0,0,0.000,0.000,0.000000,0.000000,0.000000,0.250000,-0.250000
1365,B0,27,0.270000,5,0,0,0,5,0,0,4,0,12.981,0.000,2.519252,0.000000,2.519252,2.789252,-2.789252
1365,B1,44,0.440000,1,0,3,0,4,0,0,0,0,12.981,0.000,0.000000,0.000000,0.000000,0.440000,-0.440000
1365,B2,40,0.400000,0,0,2,0,2,0,0,0,0,12.981,0.000,0.000000,0.000000,0.000000,0.400000,-0.400000
1365,C0,25,0.250000,1,0,0,0,1,0,0,0,0,12.981,0.000,0.000000,0.000000,0.000000,0.250000,-0.250000
1365,C1,49,0.490000,1,0,0,0,1,0,0,0,0,12.981,0.000,0.000000,0.000000,0.000000,0.490000,-0.490000
1365,C2,1,0.010000,1,0,0,0,1,0,0,0,0,12.981,0.000,0.000000,0.000000,0.000000,0.010000,-0.010000
1370,A0,49,0.490000,1,0,0,0,1,0,0,0,0,12.981,0.000,0.000000,0.000000,0.000000,0.490000,-0.490000
1370,A1,30,0.300000,0,0,3,0,3,0,0,0,0,12.981,0.000,0.000000,0.000000,0.000000,0.300000,-0.300000
1370,A2,25,0.250000,0,0,2,0,2,0,0,0,0,12.981,0.000,0.000000,0.000000,0.000000,0.250000,-0.250000
1370,B0,27,0.270000,5,0,0,0,5,0,0,3,0,12.981,0.000,1.889439,0.000000,1.889439,2.159439,-2.159439
1370,B1,44,0.440000,1,0,3,0,4,0,0,0,0,12.981,0.000,0.000000,0.000000,0.000000,0.440000,-0.440000
1370,B2,40,0.400000,0,0,3,0,3,0,0,0,0,12.981,0.000,0.000000,0.000000,0.000000,0.400000,-0.400000
1370,C0,25,0.250000,2,0,0,0,2,0,0,0,0,12.981,0.000,0.000000,0.000000,0.000000,0.250000,-0.250000
1370,C1,49,0.490000,1,0,0,0,1,0,0,0,0,12.981,0.000,0.000000,0.000000,0.000000,0.490000,-0.490000
1370,C2,1,0.010000,2,0,0,0,2,0,0,0,0,12.981,0.000,0.000000,0.000000,0.000000,0.010000,-0.010000
1375,A0,49,0.490000,2,0,0,0,2,0,0,0,0,12.981,0.000,0.000000,0.000000,0.000000,0.490000,-0.490000
1375,A1,30,0.300000,0,0,3,0,3,0,0,0,0,12.981,0.000,0.000000,0.000000,0.000000,0.300000,-0.300000
1375,A2,25,0.250000,0,0,4,0,4,0,0,0,0,12.981,0.000,0.000000,0.000000,0.000000,0.250000,-0.250000
1375,B0,27,0.270000,7,0,0,0,7,0,0,0,0,12.981,0.000,0.000000,0.000000,0.000000,0.270000,-0.270000
1375,B1,44,0.440000,1,0,3,0,4,0,0,0,0,12.981,0.000,0.000000,0.000000,0.000000,0.440000,-0.440000
1375,B2,40,0.400000,0,0,3,0,3,0,0,0,0,12.981,0.000,0.000000,0.000000,0.000000,0.400000,-0.400000
1375,C0,25,0.250000,2,0,0,0,2,0,0,0,0,12.981,0.000,0.000000,0.000000,0.000000,0.250000,-0.250000
1375,C1,49,0.490000,1,0,0,0,1,0,0,0,0,12.981,0.000,0.000000,0.000000,0.000000,0.490000,-0.490000
1375,C2,2,0.020000,2,0,0,0,2,0,0,0,0,12.981,0.000,0.000000,0.000000,0.000000,0.020000,-0.020000
1380,A0,49,0.490000,2,0,0,0,2,0,0,0,0,12.981,0.000,0.000000,0.000000,0.000000,0.490000,-0.490000
1380,A1,30,0.300000,0,0,3,0,3,0,0,0,0,12.981,0.000,0.000000,0.000000,0.000000,0.300000,-0.300000
1380,A2,25,0.250000,0,0,6,0,6,0,0,0,0,12.981,0.000,0.000000,0.000000,0.000000,0.250000,-0.250000
1380,B0,27,0.270000,8,0,1,0,9,0,0,0,0,12.981,0.000,0.000000,0.000000,0.000000,0.270000,-0.270000
1380,B1,44,0.440000,1,0,4,0,5,0,0,0,0,12.981,0.000,0.000000,0.000000,0.000000,0.440000,-0.440000
1380,B2,40,0.400000,0,0,3,0,3,0,0,0,0,12.981,0.000,0.000000,0.000000,0.000000,0.400000,-0.400000
1380,C0,25,0.250000,2,0,0,0,2,0,0,0,0,12.981,0.000,0.000000,0.000000,0.000000,0.250000,-0.250000
1380,C1,49,0.490000,1,0,0,0,1,0,0,0,0,12.981,0.000,0.000000,0.000000,0.000000,0.490000,-0.490000
1380,C2,1,0.010000,2,0,0,0,2,0,0,0,0,12.981,0.000,0.000000,0.000000,0.000000,0.010000,-0.010000
1385,A0,49,0.490000,2,0,0,0,2,0,0,0,0,12.981,0.000,0.000000,0.000000,0.000000,0.490000,-0.490000
1385,A1,30,0.300000,0,0,3,0,3,0,0,0,0,12.981,0.000,0.000000,0.000000,0.000000,0.300000,-0.300000
1385,A2,25,0.250000,0,0,6,0,6,0,0,0,0,12.981,0.000,0.000000,0.000000,0.000000,0.250000,-0.250000
1385,B0,23,0.230000,11,0,1,0,12,0,0,0,0,12.981,0.000,0.000000,0.000000,0.000000,0.230000,-0.230000
1385,B1,44,0.440000,1,0,4,0,5,0,0,0,0,12.981,0.000,0.000000,0.000000,0.000000,0.440000,-0.440000
1385,B2,40,0.400000,0,0,3,0,3,0,0,0,0,12.981,0.000,0.000000,0.000000,0.000000,0.400000,-0.400000
1385,C0,25,0.250000,2,0,1,0,3,0,0,0,0,12.981,0.000,0.000000,0.000000,0.000000,0.250000,-0.250000
1385,C1,49,0.490000,1,0,0,0,1,0,0,0,0,12.981,0.000,0.000000,0.000000,0.000000,0.490000,-0.490000
1385,C2,1,0.010000,4,0,0,0,4,0,0,0,0,12.981,0.000,0.000000,0.000000,0.000000,0.010000,-0.010000
1390,A0,49,0.490000,0,0,0,0,0,0,2,0,0,0.000,0.000,0.000000,0.000000,0.000000,0.490000,-0.490000
1390,A1,30,0.300000,0,0,0,0,0,0,4,0,0,0.000,0.000,0.000000,0.000000,0.000000,0.300000,-0.300000
1390,A2,25,0.250000,0,0,0,0,0,0,6,0,0,0.000,0.000,0.000000,0.000000,0.000000,0.250000,-0.250000
1390,B0,20,0.200000,0,0,0,0,0,0,16,0,0,0.000,0.000,0.000000,0.000000,0.000000,0.200000,-0.200000
1390,B1,44,0.440000,0,0,0,0,0,0,5,0,0,0.000,0.000,0.000000,0.000000,0.000000,0.440000,-0.440000
1390,B2,40,0.400000,0,0,0,0,0,0,3,0,0,0.000,0.000,0.000000,0.000000,0.000000,0.400000,-0.400000
1390,C0,25,0.250000,0,0,0,0,0,0,4,0,0,0.000,0.000,0.000000,0.000000,0.000000,0.250000,-0.250000
1390,C1,49,0.490000,0,0,0,0,0,0,2,0,0,0.000,0.000,0.000000,0.000000,0.000000,0.490000,-0.490000
1390,C2,1,0.010000,0,0,0,0,0,0,4,0,0,0.000,0.000,0.000000,0.000000,0.000000,0.010000,-0.010000
1395,A0,49,0.490000,0,0,0,0,0,0,3,0,0,0.000,0.000,0.000000,0.000000,0.000000,0.490000,-0.490000
1395,A1,30,0.300000,0,0,0,0,0,0,4,0,0,0.000,0.000,0.000000,0.000000,0.000000,0.300000,-0.300000
1395,A2,25,0.250000,0,0,0,0,0,0,6,0,0,0.000,0.000,0.000000,0.000000,0.000000,0.250000,-0.250000
1395,B0,19,0.190000,0,0,0,0,0,0,16,0,0,0.000,0.000,0.000000,0.000000,0.000000,0.190000,-0.190000
1395,B1,44,0.440000,0,0,0,0,0,0,5,0,0,0.000,0.000,0.000000,0.000000,0.000000,0.440000,-0.440000
1395,B2,40,0.400000,0,0,0,0,0,0,3,0,0,0.000,0.000,0.000000,0.000000,0.000000,0.400000,-0.400000
1395,C0,25,0.250000,0,0,0,0,0,0,6,0,0,0.000,0.000,0.000000,0.000000,0.000000,0.250000,-0.250000
1395,C1,49,0.490000,0,0,0,0,0,0,3,0,0,0.000,0.000,0.000000,0.000000,0.000000,0.490000,-0.490000
1395,C2,2,0.020000,0,0,0,0,0,0,4,0,0,0.000,0.000,0.000000,0.000000,0.000000,0.020000,-0.020000
1400,A0,25,0.250000,0,0,0,0,0,0,0,0,0,0.000,0.000,0.000000,0.000000,0.000000,0.250000,-0.250000
1400,A1,25,0.250000,0,0,0,0,0,0,0,0,0,0.000,0.000,0.000000,0.000000,0.000000,0.250000,-0.250000
1400,A2,49,0.490000,0,0,0,1,0,1,0,0,0,0.000,12.981,0.000000,0.000000,0.000000,0.490000,-0.490000
1400,B0,20,0.200000,0,0,0,0,0,0,0,0,0,0.000,0.000,0.000000,0.000000,0.000000,0.200000,-0.200000
1400,B1,48,0.480000,0,0,0,0,0,0,0,0,0,0.000,0.000,0.000000,0.000000,0.000000,0.480000,-0.480000
1400,B2,25,0.250000,0,2,0,0,0,2,0,0,0,0.000,12.981,0.000000,0.000000,0.000000,0.250000,-0.250000
1400,C0,50,0.500000,0,0,0,0,0,0,0,0,0,0.000,0.000,0.000000,0.000000,0.000000,0.500000,-0.500000
1400,C1,24,0.240000,0,1,0,0,0,1,0,0,0,0.000,12.981,0.000000,0.000000,0.000000,0.240000,-0.240000
1400,C2,0,0.000000,0,0,0,0,0,0,0,0,0,0.000,0.000,0.000000,0.000000,0.000000,0.000000,-0.000000
1405,A0,25,0.250000,0,0,0,0,0,0,0,0,0,0.000,0.000,0.000000,0.000000,0.000000,0.250000,-0.250000
1405,A1,25,0.250000,0,0,0,1,0,1,0,0,0,0.000,12.981,0.000000,0.000000,0.000000,0.250000,-0.250000
1405,A2,49,0.490000,0,1,0,2,0,3,0,0,0,0.000,12.981,0.000000,0.000000,0.000000,0.490000,-0.490000
1405,B0,20,0.200000,0,0,0,0,0,0,0,0,0,0.000,0.000,0.000000,0.000000,0.000000,0.200000,-0.200000
1405,B1,48,0.480000,0,0,0,0,0,0,0,0,0,0.000,0.000,0.000000,0.000000,0.000000,0.480000,-0.480000
1405,B2,25,0.250000,0,2,0,0,0,2,0,0,0,0.000,12.981,0.000000,0.000000,0.000000,0.250000,-0.250000
1405,C0,50,0.500000,0,0,0,0,0,0,0,0,0,0.000,0.000,0.000000,0.000000,0.000000,0.500000,-0.500000
1405,C1,24,0.240000,0,1,0,0,0,1,0,0,0,0.000,12.981,0.000000,0.000000,0.000000,0.240000,-0.240000
1405,C2,0,0.000000,0,0,0,0,0,0,0,0,0,0.000,0.000,0.000000,0.000000,0.000000,0.000000,-0.000000
1410,A0,25,0.250000,0,0,0,0,0,0,0,0,0,0.000,0.000,0.000000,0.000000,0.000000,0.250000,-0.250000
1410,A1,25,0.250000,0,0,0,1,0,1,0,0,0,0.000,12.981,0.000000,0.000000,0.000000,0.250000,-0.250000
1410,A2,49,0.490000,0,3,0,2,0,5,0,0,0,0.000,12.981,0.000000,0.000000,0.000000,0.490000,-0.490000
1410,B0,23,0.230000,0,0,0,1,0,1,0,0,8,0.000,12.981,0.000000,5.038505,5.038505,5.268505,-5.268505
1410,B1,48,0.480000,0,0,0,0,0,0,0,0,0,0.000,0.000,0.000000,0.000000,0.000000,0.480000,-0.480000
1410,B2,25,0.250000,0,2,0,0,0,2,0,0,0,0.000,12.981,0.000000,0.000000,0.000000,0.250000,-0.250000
1410,C0,50,0.500000,0,0,0,0,0,0,0,0,0,0.000,0.000,0.000000,0.000000,0.000000,0.500000,-0.500000
1410,C1,24,0.240000,0,1,0,0,0,1,0,0,0,0.000,12.981,0.000000,0.000000,0.000000,0.240000,-0.240000
1410,C2,0,0.000000,0,0,0,0,0,0,0,0,0,0.000,0.000,0.000000,0.000000,0.000000,0.000000,-0.000000
1415,A0,25,0.250000,0,0,0,0,0,0,0,0,0,0.000,0.000,0.000000,0.000000,0.000000,0.250000,-0.250000
1415,A1,25,0.250000,0,0,0,1,0,1,0,0,0,0.000,12.981,0.000000,0.000000,0.000000,0.250000,-0.250000
1415,A2,49,0.490000,0,5,0,2,0,7,0,0,0,0.000,12.981,0.000000,0.000000,0.000000,0.490000,-0.490000
1415,B0,24,0.240000,0,0,0,1,0,1,0,0,4,0.000,12.981,0.000000,2.519252,2.519252,2.759252,-2.759252
1415,B1,48,0.480000,0,0,0,1,0,1,0,0,0,0.000,12.981,0.000000,0.000000,0.000000,0.480000,-0.480000
1415,B2,25,0.250000,0,2,0,0,0,2,0,0,0,0.000,12.981,0.000000,0.000000,0.000000,0.250000,-0.250000
1415,C0,50,0.500000,0,0,0,1,0,1,0,0,0,0.000,12.981,0.000000,0.000000,0.000000,0.500000,-0.500000
1415,C1,24,0.240000,0,2,0,0,0,2,0,0,0,0.000,12.981,0.000000,0.000000,0.000000,0.240000,-0.240000
1415,C2,0,0.000000,0,1,0,1,0,2,0,0,4,0.000,12.981,0.000000,2.519252,2.519252,2.519252,-2.519252
1420,A0,25,0.250000,0,0,0,0,0,0,0,0,0,0.000,0.000,0.000000,0.000000,0.000000,0.250000,-0.250000
1420,A1,25,0.250000,0,0,0,1,0,1,0,0,0,0.000,12.981,0.000000,0.000000,0.000000,0.250000,-0.250000
1420,A2,49,0.490000,0,5,0,2,0,7,0,0,0,0.000,12.981,0.000000,0.000000,0.000000,0.490000,-0.490000
1420,B0,24,0.240000,0,0,0,1,0,1,0,0,0,0.000,12.981,0.000000,0.000000,0.000000,0.240000,-0.240000
1420,B1,48,0.480000,0,0,0,1,0,1,0,0,0,0.000,12.981,0.000000,0.000000,0.000000,0.480000,-0.480000
1420,B2,25,0.250000,0,3,0,0,0,3,0,0,0,0.000,12.981,0.000000,0.000000,0.000000,0.250000,-0.250000
1420,C0,50,0.500000,0,0,0,1,0,1,0,0,0,0.000,12.981,0.000000,0.000000,0.000000,0.500000,-0.500000
1420,C1,24,0.240000,0,2,0,0,0,2,0,0,0,0.000,12.981,0.000000,0.000000,0.000000,0.240000,-0.240000
1420,C2,0,0.000000,0,1,0,1,0,2,0,0,2,0.000,12.981,0.000000,1.259626,1.259626,1.259626,-1.259626
1425,A0,25,0.250000,0,1,0,0,0,1,0,0,0,0.000,12.981,0.000000,0.000000,0.000000,0.250000,-0.250000
1425,A1,25,0.250000,0,0,0,1,0,1,0,0,0,0.000,12.981,0.000000,0.000000,0.000000,0.250000,-0.250000
1425,A2,49,0.490000,0,5,0,2,0,7,0,0,0,0.000,12.981,0.000000,0.000000,0.000000,0.490000,-0.490000
1425,B0,24,0.240000,0,0,0,2,0,2,0,0,0,0.000,12.981,0.000000,0.000000,0.000000,0.240000,-0.240000
1425,B1,48,0.480000,0,0,0,1,0,1,0,0,0,0.000,12.981,0.000000,0.000000,0.000000,0.480000,-0.480000
1425,B2,25,0.250000,0,3,0,0,0,3,0,0,0,0.000,12.981,0.000000,0.000000,0.000000,0.250000,-0.250000
1425,C0,50,0.500000,0,2,0,1,0,3,0,0,0,0.000,12.981,0.000000,0.000000,0.000000,0.500000,-0.500000
1425,C1,24,0.240000,0,2,0,0,0,2,0,0,0,0.000,12.981,0.000000,0.000000,0.000000,0.240000,-0.240000
1425,C2,0,0.000000,0,2,0,1,0,3,0,0,2,0.000,12.981,0.000000,1.259626,1.259626,1.259626,-1.259626
1430,A0,25,0.250000,0,2,0,0,0,2,0,0,0,0.000,12.981,0.000000,0.000000,0.000000,0.250000,-0.250000
1430,A1,25,0.250000,0,0,0,1,0,1,0,0,1,0.000,12.981,0.000000,0.629813,0.629813,0.879813,-0.879813
1430,A2,49,0.490000,0,5,0,2,0,7,0,0,0,0.000,12.981,0.000000,0.000000,0.000000,0.490000,-0.490000
1430,B0,25,0.250000,0,0,0,2,0,2,0,0,0,0.000,12.981,0.000000,0.000000,0.000000,0.250000,-0.250000
1430,B1,40,0.400000,0,0,0,1,0,1,0,0,0,0.000,12.981,0.000000,0.000000,0.000000,0.400000,-0.400000
1430,B2,25,0.250000,0,4,0,0,0,4,0,0,0,0.000,12.981,0.000000,0.000000,0.000000,0.250000,-0.250000
1430,C0,42,0.420000,0,2,0,1,0,3,0,0,0,0.000,12.981,0.000000,0.000000,0.000000,0.420000,-0.420000
1430,C1,24,0.240000,0,3,0,0,0,3,0,0,0,0.000,12.981,0.000000,0.000000,0.000000,0.240000,-0.240000
1430,C2,0,0.000000,0,2,0,2,0,4,0,0,0,0.000,12.981,0.000000,0.000000,0.000000,0.000000,-0.000000
1435,A0,25,0.250000,0,0,0,0,0,0,3,0,0,0.000,0.000,0.000000,0.000000,0.000000,0.250000,-0.250000
1435,A1,25,0.250000,0,0,0,0,0,0,2,0,0,0.000,0.000,0.000000,0.000000,0.000000,0.250000,-0.250000
1435,A2,49,0.490000,0,0,0,0,0,0,7,0,0,0.000,0.000,0.000000,0.000000,0.000000,0.490000,-0.490000
1435,B0,26,0.260000,0,0,0,0,0,0,2,0,0,0.000,0.000,0.000000,0.000000,0.000000,0.260000,-0.260000
1435,B1,35,0.350000,0,0,0,0,0,0,3,0,0,0.000,0.000,0.000000,0.000000,0.000000,0.350000,-0.350000
1435,B2,25,0.250000,0,0,0,0,0,0,4,0,0,0.000,0.000,0.000000,0.000000,0.000000,0.250000,-0.250000
1435,C0,37,0.370000,0,0,0,0,0,0,3,0,0,0.000,0.000,0.000000,0.000000,0.000000,0.370000,-0.370000
1435,C1,20,0.200000,0,0,0,0,0,0,3,0,0,0.000,0.000,0.000000,0.000000,0.000000,0.200000,-0.200000
1435,C2,0,0.000000,0,0,0,0,0,0,4,0,0,0.000,0.000,0.000000,0.000000,0.000000,0.000000,-0.000000
1440,A0,25,0.250000,0,0,0,0,0,0,6,0,0,0.000,0.000,0.000000,0.000000,0.000000,0.250000,-0.250000
1440,A1,25,0.250000,0,0,0,0,0,0,4,0,0,0.000,0.000,0.000000,0.000000,0.000000,0.250000,-0.250000
1440,A2,49,0.490000,0,0,0,0,0,0,8,0,0,0.000,0.000,0.000000,0.000000,0.000000,0.490000,-0.490000
1440,B0,27,0.270000,0,0,0,0,0,0,3,0,0,0.000,0.000,0.000000,0.000000,0.000000,0.270000,-0.270000
1440,B1,32,0.320000,0,0,0,0,0,0,4,0,0,0.000,0.000,0.000000,0.000000,0.000000,0.320000,-0.320000
1440,B2,25,0.250000,0,0,0,0,0,0,5,0,0,0.000,0.000,0.000000,0.000000,0.000000,0.250000,-0.250000
1440,C0,36,0.360000,0,0,0,0,0,0,5,0,0,0.000,0.000,0.000000,0.000000,0.000000,0.360000,-0.360000
1440,C1,18,0.180000,0,0,0,0,0,0,3,0,0,0.000,0.000,0.000000,0.000000,0.000000,0.180000,-0.180000
1440,C2,0,0.000000,0,0,0,0,0,0,4,0,0,0.000,0.000,0.000000,0.000000,0.000000,0.000000,-0.000000
1445,A0,49,0.490000,0,0,0,0,0,0,0,0,0,0.000,0.000,0.000000,0.000000,0.000000,0.490000,-0.490000
1445,A1,21,0.210000,0,0,2,0,2,0,0,0,0,12.981,0.000,0.000000,0.000000,0.000000,0.210000,-0.210000
1445,A2,25,0.250000,1,0,0,0,1,0,0,0,0,12.981,0.000,0.000000,0.000000,0.000000,0.250000,-0.250000
1445,B0,26,0.260000,1,0,0,0,1,0,0,0,0,12.981,0.000,0.000000,0.000000,0.000000,0.260000,-0.260000
1445,B1,44,0.440000,0,0,0,0,0,0,0,0,0,0.000,0.000,0.000000,0.000000,0.000000,0.440000,-0.440000
1445,B2,40,0.400000,0,0,0,0,0,0,0,0,0,0.000,0.000,0.000000,0.000000,0.000000,0.400000,-0.400000
1445,C0,17,0.170000,0,0,0,0,0,0,0,0,0,0.000,0.000,0.000000,0.000000,0.000000,0.170000,-0.170000
1445,C1,40,0.400000,0,0,0,0,0,0,0,0,0,0.000,0.000,0.000000,0.000000,0.000000,0.400000,-0.400000
1445,C2,7,0.070000,0,0,0,0,0,0,0,0,0,0.000,0.000,0.000000,0.000000,0.000000,0.070000,-0.070000
1450,A0,49,0.490000,0,0,0,0,0,0,0,0,0,0.000,0.000,0.000000,0.000000,0.000000,0.490000,-0.490000
1450,A1,21,0.210000,0,0,2,0,2,0,0,0,0,12.981,0.000,0.000000,0.000000,0.000000,0.210000,-0.210000
1450,A2,25,0.250000,1,0,0,0,1,0,0,0,0,12.981,0.000,0.000000,0.000000,0.000000,0.250000,-0.250000
1450,B0,26,0.260000,2,0,0,0,2,0,0,0,0,12.981,0.000,0.000000,0.000000,0.000000,0.260000,-0.260000
1450,B1,44,0.440000,0,0,0,0,0,0,0,0,0,0.000,0.000,0.000000,0.000000,0.000000,0.440000,-0.440000
1450,B2,40,0.400000,0,0,1,0,1,0,0,0,0,12.981,0.000,0.000000,0.000000,0.000000,0.400000,-0.400000
1450,C0,15,0.150000,0,0,1,0,1,0,0,16,0,12.981,0.000,10.077009,0.000000,10.077009,10.227009,-10.227009
1450,C1,40,0.400000,0,0,0,0,0,0,0,0,0,0.000,0.000,0.000000,0.000000,0.000000,0.400000,-0.400000
1450,C2,7,0.070000,0,0,0,0,0,0,0,0,0,0.000,0.000,0.000000,0.000000,0.000000,0.070000,-0.070000
1455,A0,49,0.490000,1,0,0,0,1,0,0,0,0,12.981,0.000,0.000000,0.000000,0.000000,0.490000,-0.490000
1455,A1,20,0.200000,0,0,3,0,3,0,0,0,0,12.981,0.000,0.000000,0.000000,0.000000,0.200000,-0.200000
1455,A2,25,0.250000,1,0,3,0,4,0,0,0,0,12.981,0.000,0.000000,0.000000,0.000000,0.250000,-0.250000
1455,B0,26,0.260000,2,0,0,0,2,0,0,2,0,12.981,0.000,1.259626,0.000000,1.259626,1.519626,-1.519626
1455,B1,44,0.440000,0,0,0,0,0,0,0,0,0,0.000,0.000,0.000000,0.000000,0.000000,0.440000,-0.440000
1455,B2,40,0.400000,0,0,1,0,1,0,0,2,0,12.981,0.000,1.259626,0.000000,1.259626,1.659626,-1.659626
1455,C0,15,0.150000,0,0,3,0,3,0,0,17,0,12.981,0.000,10.706822,0.000000,10.706822,10.856822,-10.856822
1455,C1,40,0.400000,0,0,0,0,0,0,0,0,0,0.000,0.000,0.000000,0.000000,0.000000,0.400000,-0.400000
1455,C2,7,0.070000,0,0,0,0,0,0,0,0,0,0.000,0.000,0.000000,0.000000,0.000000,0.070000,-0.070000
1460,A0,49,0.490000,1,0,0,0,1,0,0,0,0,12.981,0.000,0.000000,0.000000,0.000000,0.490000,-0.490000
1460,A1,21,0.210000,0,0,3,0,3,0,0,0,0,12.981,0.000,0.000000,0.000000,0.000000,0.210000,-0.210000
1460,A2,25,0.250000,1,0,3,0,4,0,0,0,0,12.981,0.000,0.000000,0.000000,0.000000,0.250000,-0.250000
1460,B0,26,0.260000,2,0,2,0,4,0,0,4,0,12.981,0.000,2.519252,0.000000,2.519252,2.779252,-2.779252
1460,B1,44,0.440000,0,0,0,0,0,0,0,0,0,0.000,0.000,0.000000,0.000000,0.000000,0.440000,-0.440000
1460,B2,40,0.400000,0,0,3,0,3,0,0,5,0,12.981,0.000,3.149065,0.000000,3.149065,3.549065,-3.549065
1460,C0,14,0.140000,0,0,3,0,3,0,0,11,0,12.981,0.000,6.927944,0.000000,6.927944,7.067944,-7.067944
1460,C1,38,0.380000,0,0,0,0,0,0,0,0,0,0.000,0.000,0.000000,0.000000,0.000000,0.380000,-0.380000
1460,C2,7,0.070000,0,0,0,0,0,0,0,0,0,0.000,0.000,0.000000,0.000000,0.000000,0.070000,-0.070000
1465,A0,49,0.490000,1,0,0,0,1,0,0,0,0,12.981,0.000,0.000000,0.000000,0.000000,0.490000,-0.490000
1465,A1,24,0.240000,0,0,4,0,4,0,0,0,0,12.981,0.000,0.000000,0.000000,0.000000,0.240000,-0.240000
1465,A2,25,0.250000,1,0,3,0,4,0,0,0,0,12.981,0.000,0.000000,0.000000,0.000000,0.250000,-0.250000
1465,B0,26,0.260000,2,0,2,0,4,0,0,6,0,12.981,0.000,3.778879,0.000000,3.778879,4.038879,-4.038879
1465,B1,39,0.390000,0,0,0,0,0,0,0,0,0,0.000,0.000,0.000000,0.000000,0.000000,0.390000,-0.390000
1465,B2,40,0.400000,0,0,3,0,3,0,0,7,0,12.981,0.000,4.408692,0.000000,4.408692,4.808692,-4.808692
1465,C0,18,0.180000,0,0,3,0,3,0,0,4,0,12.981,0.000,2.519252,0.000000,2.519252,2.699252,-2.699252
1465,C1,40,0.400000,0,0,0,0,0,0,0,0,0,0.000,0.000,0.000000,0.000000,0.000000,0.400000,-0.400000
1465,C2,7,0.070000,0,0,0,0,0,0,0,0,0,0.000,0.000,0.000000,0.000000,0.000000,0.070000,-0.070000
1470,A0,49,0.490000,2,0,1,0,3,0,0,0,0,12.981,0.000,0.000000,0.000000,0.000000,0.490000,-0.490000
1470,A1,28,0.280000,0,0,4,0,4,0,0,0,0,12.981,0.000,0.000000,0.000000,0.000000,0.280000,-0.280000
1470,A2,25,0.250000,1,0,3,0,4,0,0,0,0,12.981,0.000,0.000000,0.000000,0.000000,0.250000,-0.250000
1470,B0,26,0.260000,2,0,2,0,4,0,0,7,0,12.981,0.000,4.408692,0.000000,4.408692,4.668692,-4.668692
1470,B1,37,0.370000,0,0,0,0,0,0,0,0,0,0.000,0.000,0.000000,0.000000,0.000000,0.370000,-0.370000
1470,B2,40,0.400000,0,0,3,0,3,0,0,8,0,12.981,0.000,5.038505,0.000000,5.038505,5.438505,-5.438505
1470,C0,22,0.220000,1,0,3,0,4,0,0,0,0,12.981,0.000,0.000000,0.000000,0.000000,0.220000,-0.220000
1470,C1,44,0.440000,0,0,0,0,0,0,0,0,0,0.000,0.000,0.000000,0.000000,0.000000,0.440000,-0.440000
1470,C2,7,0.070000,0,0,0,0,0,0,0,0,0,0.000,0.000,0.000000,0.000000,0.000000,0.070000,-0.070000
1475,A0,49,0.490000,3,0,1,0,4,0,0,0,0,12.981,0.000,0.000000,0.000000,0.000000,0.490000,-0.490000
1475,A1,30,0.300000,0,0,4,0,4,0,0,0,0,12.981,0.000,0.000000,0.000000,0.000000,0.300000,-0.300000
1475,A2,25,0.250000,1,0,3,0,4,0,0,0,0,12.981,0.000,0.000000,0.000000,0.000000,0.250000,-0.250000
1475,B0,26,0.260000,3,0,2,0,5,0,0,8,0,12.981,0.000,5.038505,0.000000,5.038505,5.298505,-5.298505
1475,B1,30,0.300000,0,0,0,0,0,0,0,0,0,0.000,0.000,0.000000,0.000000,0.000000,0.300000,-0.300000
1475,B2,40,0.400000,0,0,3,0,3,0,0,8,0,12.981,0.000,5.038505,0.000000,5.038505,5.438505,-5.438505
1475,C0,25,0.250000,2,0,3,0,5,0,0,0,0,12.981,0.000,0.000000,0.000000,0.000000,0.250000,-0.250000
1475,C1,48,0.480000,0,0,0,0,0,0,0,0,0,0.000,0.000,0.000000,0.000000,0.000000,0.480000,-0.480000
1475,C2,7,0.070000,0,0,0,0,0,0,0,0,0,0.000,0.000,0.000000,0.000000,0.000000,0.070000,-0.070000
1480,A0,49,0.490000,0,0,0,0,0,0,4,0,0,0.000,0.000,0.000000,0.000000,0.000000,0.490000,-0.490000
1480,A1,31,0.310000,0,0,0,0,0,0,4,0,0,0.000,0.000,0.000000,0.000000,0.000000,0.310000,-0.310000
1480,A2,25,0.250000,0,0,0,0,0,0,4,0,0,0.000,0.000,0.000000,0.000000,0.000000,0.250000,-0.250000
1480,B0,26,0.260000,0,0,0,0,0,0,5,0,0,0.000,0.000,0.000000,0.000000,0.000000,0.260000,-0.260000
1480,B1,27,0.270000,0,0,0,0,0,0,0,0,0,0.000,0.000,0.000000,0.000000,0.000000,0.270000,-0.270000
1480,B2,40,0.400000,0,0,0,0,0,0,3,0,0,0.000,0.000,0.000000,0.000000,0.000000,0.400000,-0.400000
1480,C0,25,0.250000,0,0,0,0,0,0,5,0,0,0.000,0.000,0.000000,0.000000,0.000000,0.250000,-0.250000
1480,C1,48,0.480000,0,0,0,0,0,0,0,0,0,0.000,0.000,0.000000,0.000000,0.000000,0.480000,-0.480000
1480,C2,8,0.080000,0,0,0,0,0,0,1,0,0,0.000,0.000,0.000000,0.000000,0.000000,0.080000,-0.080000
1485,A0,49,0.490000,0,0,0,0,0,0,5,0,0,0.000,0.000,0.000000,0.000000,0.000000,0.490000,-0.490000
1485,A1,33,0.330000,0,0,0,0,0,0,7,0,0,0.000,0.000,0.000000,0.000000,0.000000,0.330000,-0.330000
1485,A2,25,0.250000,0,0,0,0,0,0,6,0,0,0.000,0.000,0.000000,0.000000,0.000000,0.250000,-0.250000
1485,B0,26,0.260000,0,0,0,0,0,0,6,0,0,0.000,0.000,0.000000,0.000000,0.000000,0.260000,-0.260000
1485,B1,25,0.250000,0,0,0,0,0,0,0,0,0,0.000,0.000,0.000000,0.000000,0.000000,0.250000,-0.250000
1485,B2,42,0.420000,0,0,0,0,0,0,5,0,0,0.000,0.000,0.000000,0.000000,0.000000,0.420000,-0.420000
1485,C0,25,0.250000,0,0,0,0,0,0,7,0,0,0.000,0.000,0.000000,0.000000,0.000000,0.250000,-0.250000
1485,C1,48,0.480000,0,0,0,0,0,0,0,0,0,0.000,0.000,0.000000,0.000000,0.000000,0.480000,-0.480000
1485,C2,9,0.090000,0,0,0,0,0,0,1,0,0,0.000,0.000,0.000000,0.000000,0.000000,0.090000,-0.090000
1490,A0,25,0.250000,0,0,0,0,0,0,0,0,0,0.000,0.000,0.000000,0.000000,0.000000,0.250000,-0.250000
1490,A1,25,0.250000,0,0,0,0,0,0,0,0,0,0.000,0.000,0.000000,0.000000,0.000000,0.250000,-0.250000
1490,A2,49,0.490000,0,1,0,0,0,1,0,0,0,0.000,12.981,0.000000,0.000000,0.000000,0.490000,-0.490000
1490,B0,25,0.250000,0,0,0,0,0,0,0,0,0,0.000,0.000,0.000000,0.000000,0.000000,0.250000,-0.250000
1490,B1,42,0.420000,0,0,0,0,0,0,0,0,0,0.000,0.000,0.000000,0.000000,0.000000,0.420000,-0.420000
1490,B2,22,0.220000,0,2,0,0,0,2,0,0,7,0.000,12.981,0.000000,4.408692,4.408692,4.628692,-4.628692
1490,C0,49,0.490000,0,2,0,0,0,2,0,0,0,0.000,12.981,0.000000,0.000000,0.000000,0.490000,-0.490000
1490,C1,24,0.240000,0,0,0,0,0,0,0,0,0,0.000,0.000,0.000000,0.000000,0.000000,0.240000,-0.240000
1490,C2,5,0.050000,0,0,0,0,0,0,0,0,0,0.000,0.000,0.000000,0.000000,0.000000,0.050000,-0.050000
1495,A0,25,0.250000,0,0,0,2,0,2,0,0,0,0.000,12.981,0.000000,0.000000,0.000000,0.250000,-0.250000
1495,A1,25,0.250000,0,0,0,0,0,0,0,0,0,0.000,0.000,0.000000,0.000000,0.000000,0.250000,-0.250000
1495,A2,49,0.490000,0,2,0,0,0,2,0,0,0,0.000,12.981,0.000000,0.000000,0.000000,0.490000,-0.490000
1495,B0,27,0.270000,0,0,0,0,0,0,0,0,0,0.000,0.000,0.000000,0.000000,0.000000,0.270000,-0.270000
1495,B1,45,0.450000,0,0,0,0,0,0,0,0,0,0.000,0.000,0.000000,0.000000,0.000000,0.450000,-0.450000
1495,B2,25,0.250000,0,2,0,0,0,2,0,0,12,0.000,12.981,0.000000,7.557757,7.557757,7.807757,-7.807757
1495,C0,49,0.490000,0,2,0,0,0,2,0,0,0,0.000,12.981,0.000000,0.000000,0.000000,0.490000,-0.490000
1495,C1,24,0.240000,0,1,0,0,0,1,0,0,13,0.000,12.981,0.000000,8.187570,8.187570,8.427570,-8.427570
1495,C2,5,0.050000,0,0,0,0,0,0,0,0,0,0.000,0.000,0.000000,0.000000,0.000000,0.050000,-0.050000
1500,A0,25,0.250000,0,1,0,1,0,2,0,0,0,0.000,12.981,0.000000,0.000000,0.000000,0.250000,-0.250000
1500,A1,25,0.250000,0,0,0,0,0,0,0,0,0,0.000,0.000,0.000000,0.000000,0.000000,0.250000,-0.250000
1500,A2,49,0.490000,0,2,0,0,0,2,0,0,0,0.000,12.981,0.000000,0.000000,0.000000,0.490000,-0.490000
1500,B0,27,0.270000,0,0,0,0,0,0,0,0,0,0.000,0.000,0.000000,0.000000,0.000000,0.270000,-0.270000
1500,B1,47,0.470000,0,0,0,0,0,0,0,0,0,0.000,0.000,0.000000,0.000000,0.000000,0.470000,-0.470000
1500,B2,25,0.250000,0,4,0,0,0,4,0,0,16,0.000,12.981,0.000000,10.077009,10.077009,10.327009,-10.327009
1500,C0,49,0.490000,0,2,0,2,0,4,0,0,0,0.000,12.981,0.000000,0.000000,0.000000,0.490000,-0.490000
1500,C1,24,0.240000,0,2,0,0,0,2,0,0,15,0.000,12.981,0.000000,9.447196,9.447196,9.687196,-9.687196
1500,C2,5,0.050000,0,0,0,0,0,0,0,0,0,0.000,0.000,0.000000,0.000000,0.000000,0.050000,-0.050000
1505,A0,25,0.250000,0,1,0,1,0,2,0,0,0,0.000,12.981,0.000000,0.000000,0.000000,0.250000,-0.250000
1505,A1,25,0.250000,0,0,0,0,0,0,0,0,0,0.000,0.000,0.000000,0.000000,0.000000,0.250000,-0.250000
1505,A2,49,0.490000,0,2,0,0,0,2,0,0,0,0.000,12.981,0.000000,0.000000,0.000000,0.490000,-0.490000
1505,B0,27,0.270000,0,0,0,0,0,0,0,0,0,0.000,0.000,0.000000,0.000000,0.000000,0.270000,-0.270000
1505,B1,49,0.490000,0,0,0,0,0,0,0,0,0,0.000,0.000,0.000000,0.000000,0.000000,0.490000,-0.490000
1505,B2,25,0.250000,0,4,0,0,0,4,0,0,19,0.000,12.981,0.000000,11.966449,11.966449,12.216449,-12.216449
1505,C0,49,0.490000,0,2,0,2,0,4,0,0,0,0.000,12.981,0.000000,0.000000,0.000000,0.490000,-0.490000
1505,C1,24,0.240000,0,2,0,0,0,2,0,0,20,0.000,12.981,0.000000,12.596262,12.596262,12.836262,-12.836262
1505,C2,7,0.070000,0,0,0,1,0,1,0,0,0,0.000,12.981,0.000000,0.000000,0.000000,0.070000,-0.070000
1510,A0,25,0.250000,0,1,0,1,0,2,0,0,0,0.000,12.981,0.000000,0.000000,0.000000,0.250000,-0.250000
1510,A1,25,0.250000,0,1,0,0,0,1,0,0,13,0.000,12.981,0.000000,8.187570,8.187570,8.437570,-8.437570
1510,A2,49,0.490000,0,2,0,0,0,2,0,0,0,0.000,12.981,0.000000,0.000000,0.000000,0.490000,-0.490000
1510,B0,29,0.290000,0,0,0,0,0,0,0,0,0,0.000,0.000,0.000000,0.000000,0.000000,0.290000,-0.290000
1510,B1,49,0.490000,0,0,0,0,0,0,0,0,0,0.000,0.000,0.000000,0.000000,0.000000,0.490000,-0.490000
1510,B2,25,0.250000,0,4,0,0,0,4,0,0,18,0.000,12.981,0.000000,11.336636,11.336636,11.586636,-11.586636
1510,C0,49,0.490000,0,2,0,2,0,4,0,0,0,0.000,12.981,0.000000,0.000000,0.000000,0.490000,-0.490000
1510,C1,24,0.240000,0,2,0,0,0,2,0,0,20,0.000,12.981,0.000000,12.596262,12.596262,12.836262,-12.836262
1510,C2,7,0.070000,0,0,0,3,0,3,0,0,2,0.000,12.981,0.000000,1.259626,1.259626,1.329626,-1.329626
1515,A0,25,0.250000,0,1,0,1,0,2,0,0,0,0.000,12.981,0.000000,0.000000,0.000000,0.250000,-0.250000
1515,A1,25,0.250000,0,1,0,1,0,2,0,0,12,0.000,12.981,0.000000,7.557757,7.557757,7.807757,-7.807757
1515,A2,49,0.490000,0,2,0,0,0,2,0,0,2,0.000,12.981,0.000000,1.259626,1.259626,1.749626,-1.749626
1515,B0,29,0.290000,0,0,0,0,0,0,0,0,0,0.000,0.000,0.000000,0.000000,0.000000,0.290000,-0.290000
1515,B1,49,0.490000,0,0,0,0,0,0,0,0,0,0.000,0.000,0.000000,0.000000,0.000000,0.490000,-0.490000
1515,B2,25,0.250000,0,5,0,1,0,6,0,0,15,0.000,12.981,0.000000,9.447196,9.447196,9.697196,-9.697196
1515,C0,49,0.490000,0,2,0,2,0,4,0,0,0,0.000,12.981,0.000000,0.000000,0.000000,0.490000,-0.490000
1515,C1,24,0.240000,0,4,0,1,0,5,0,0,20,0.000,12.981,0.000000,12.596262,12.596262,12.836262,-12.836262
1515,C2,9,0.090000,0,0,0,3,0,3,0,0,2,0.000,12.981,0.000000,1.259626,1.259626,1.349626,-1.349626
1520,A0,26,0.260000,0,2,0,1,0,3,0,0,0,0.000,12.981,0.000000,0.000000,0.000000,0.260000,-0.260000
1520,A1,21,0.210000,0,1,0,1,0,2,0,0,11,0.000,12.981,0.000000,6.927944,6.927944,7.137944,-7.137944
1520,A2,46,0.460000,0,3,0,0,0,3,0,0,5,0.000,12.981,0.000000,3.149065,3.149065,3.609065,-3.609065
1520,B0,29,0.290000,0,0,0,0,0,0,0,0,0,0.000,0.000,0.000000,0.000000,0.000000,0.290000,-0.290000
1520,B1,49,0.490000,0,0,0,0,0,0,0,0,0,0.000,0.000,0.000000,0.000000,0.000000,0.490000,-0.490000
1520,B2,25,0.250000,0,7,0,1,0,8,0,0,11,0.000,12.981,0.000000,6.927944,6.927944,7.177944,-7.177944
1520,C0,49,0.490000,0,2,0,2,0,4,0,0,0,0.000,12.981,0.000000,0.000000,0.000000,0.490000,-0.490000
1520,C1,24,0.240000,0,5,0,2,0,7,0,0,19,0.000,12.981,0.000000,11.966449,11.966449,12.206449,-12.206449
1520,C2,11,0.110000,0,0,0,5,0,5,0,0,1,0.000,12.981,0.000000,0.629813,0.629813,0.739813,-0.739813
1525,A0,30,0.300000,0,0,0,0,0,0,3,0,0,0.000,0.000,0.000000,0.000000,0.000000,0.300000,-0.300000
1525,A1,18,0.180000,0,0,0,0,0,0,2,0,0,0.000,0.000,0.000000,0.000000,0.000000,0.180000,-0.180000
1525,A2,42,0.420000,0,0,0,0,0,0,3,0,0,0.000,0.000,0.000000,0.000000,0.000000,0.420000,-0.420000
1525,B0,29,0.290000,0,0,0,0,0,0,0,0,0,0.000,0.000,0.000000,0.000000,0.000000,0.290000,-0.290000
1525,B1,49,0.490000,0,0,0,0,0,0,1,0,0,0.000,0.000,0.000000,0.000000,0.000000,0.490000,-0.490000
1525,B2,25,0.250000,0,0,0,0,0,0,8,0,0,0.000,0.000,0.000000,0.000000,0.000000,0.250000,-0.250000
1525,C0,49,0.490000,0,0,0,0,0,0,4,0,0,0.000,0.000,0.000000,0.000000,0.000000,0.490000,-0.490000
1525,C1,24,0.240000,0,0,0,0,0,0,7,0,0,0.000,0.000,0.000000,0.000000,0.000000,0.240000,-0.240000
1525,C2,11,0.110000,0,0,0,0,0,0,7,0,0,0.000,0.000,0.000000,0.000000,0.000000,0.110000,-0.110000
1530,A0,30,0.300000,0,0,0,0,0,0,3,0,0,0.000,0.000,0.000000,0.000000,0.000000,0.300000,-0.300000
1530,A1,17,0.170000,0,0,0,0,0,0,3,0,0,0.000,0.000,0.000000,0.000000,0.000000,0.170000,-0.170000
1530,A2,41,0.410000,0,0,0,0,0,0,3,0,0,0.000,0.000,0.000000,0.000000,0.000000,0.410000,-0.410000
1530,B0,29,0.290000,0,0,0,0,0,0,0,0,0,0.000,0.000,0.000000,0.000000,0.000000,0.290000,-0.290000
1530,B1,49,0.490000,0,0,0,0,0,0,1,0,0,0.000,0.000,0.000000,0.000000,0.000000,0.490000,-0.490000
1530,B2,25,0.250000,0,0,0,0,0,0,8,0,0,0.000,0.000,0.000000,0.000000,0.000000,0.250000,-0.250000
1530,C0,49,0.490000,0,0,0,0,0,0,4,0,0,0.000,0.000,0.000000,0.000000,0.000000,0.490000,-0.490000
1530,C1,24,0.240000,0,0,0,0,0,0,8,0,0,0.000,0.000,0.000000,0.000000,0.000000,0.240000,-0.240000
1530,C2,12,0.120000,0,0,0,0,0,0,12,0,0,0.000,0.000,0.000000,0.000000,0.000000,0.120000,-0.120000
1535,A0,49,0.490000,0,0,0,0,0,0,0,0,0,0.000,0.000,0.000000,0.000000,0.000000,0.490000,-0.490000
1535,A1,27,0.270000,0,0,2,0,2,0,0,8,0,12.981,0.000,5.038505,0.000000,5.038505,5.308505,-5.308505
1535,A2,17,0.170000,0,0,0,0,0,0,0,0,0,0.000,0.000,0.000000,0.000000,0.000000,0.170000,-0.170000
1535,B0,26,0.260000,0,0,0,0,0,0,0,0,0,0.000,0.000,0.000000,0.000000,0.000000,0.260000,-0.260000
1535,B1,8,0.080000,0,0,0,0,0,0,0,0,0,0.000,0.000,0.000000,0.000000,0.000000,0.080000,-0.080000
1535,B2,40,0.400000,0,0,0,0,0,0,0,0,0,0.000,0.000,0.000000,0.000000,0.000000,0.400000,-0.400000
1535,C0,25,0.250000,0,0,0,0,0,0,0,0,0,0.000,0.000,0.000000,0.000000,0.000000,0.250000,-0.250000
1535,C1,37,0.370000,0,0,0,0,0,0,0,0,0,0.000,0.000,0.000000,0.000000,0.000000,0.370000,-0.370000
1535,C2,15,0.150000,0,0,2,0,2,0,0,3,0,12.981,0.000,1.889439,0.000000,1.889439,2.039439,-2.039439
1540,A0,49,0.490000,1,0,0,0,1,0,0,1,0,12.981,0.000,0.629813,0.000000,0.629813,1.119813,-1.119813
1540,A1,31,0.310000,1,0,3,0,4,0,0,9,0,12.981,0.000,5.668318,0.000000,5.668318,5.978318,-5.978318
1540,A2,16,0.160000,0,0,0,0,0,0,0,0,0,0.000,0.000,0.000000,0.000000,0.000000,0.160000,-0.160000
1540,B0,26,0.260000,2,0,0,0,2,0,0,0,0,12.981,0.000,0.000000,0.000000,0.000000,0.260000,-0.260000
1540,B1,12,0.120000,0,0,0,0,0,0,0,0,0,0.000,0.000,0.000000,0.000000,0.000000,0.120000,-0.120000
1540,B2,41,0.410000,0,0,0,0,0,0,0,0,0,0.000,0.000,0.000000,0.000000,0.000000,0.410000,-0.410000
1540,C0,25,0.250000,0,0,0,0,0,0,0,0,0,0.000,0.000,0.000000,0.000000,0.000000,0.250000,-0.250000
1540,C1,41,0.410000,0,0,0,0,0,0,0,0,0,0.000,0.000,0.000000,0.000000,0.000000,0.410000,-0.410000
1540,C2,15,0.150000,0,0,4,0,4,0,0,1,0,12.981,0.000,0.629813,0.000000,0.629813,0.779813,-0.779813
1545,A0,49,0.490000,2,0,0,0,2,0,0,0,0,12.981,0.000,0.000000,0.000000,0.000000,0.490000,-0.490000
1545,A1,34,0.340000,1,0,3,0,4,0,0,7,0,12.981,0.000,4.408692,0.000000,4.408692,4.748692,-4.748692
1545,A2,20,0.200000,0,0,0,0,0,0,0,0,0,0.000,0.000,0.000000,0.000000,0.000000,0.200000,-0.200000
1545,B0,26,0.260000,2,0,0,0,2,0,0,1,0,12.981,0.000,0.629813,0.000000,0.629813,0.889813,-0.889813
1545,B1,17,0.170000,0,0,0,0,0,0,0,0,0,0.000,0.000,0.000000,0.000000,0.000000,0.170000,-0.170000
1545,B2,41,0.410000,0,0,0,0,0,0,0,0,0,0.000,0.000,0.000000,0.000000,0.000000,0.410000,-0.410000
1545,C0,25,0.250000,1,0,0,0,1,0,0,0,0,12.981,0.000,0.000000,0.000000,0.000000,0.250000,-0.250000
1545,C1,43,0.430000,0,0,0,0,0,0,0,0,0,0.000,0.000,0.000000,0.000000,0.000000,0.430000,-0.430000
1545,C2,16,0.160000,0,0,4,0,4,0,0,0,0,12.981,0.000,0.000000,0.000000,0.000000,0.160000,-0.160000
1550,A0,49,0.490000,2,0,0,0,2,0,0,0,0,12.981,0.000,0.000000,0.000000,0.000000,0.490000,-0.490000
1550,A1,36,0.360000,1,0,3,0,4,0,0,4,0,12.981,0.000,2.519252,0.000000,2.519252,2.879252,-2.879252
1550,A2,22,0.220000,0,0,0,0,0,0,0,0,0,0.000,0.000,0.000000,0.000000,0.000000,0.220000,-0.220000
1550,B0,26,0.260000,2,0,0,0,2,0,0,1,0,12.981,0.000,0.629813,0.000000,0.629813,0.889813,-0.889813
1550,B1,25,0.250000,0,0,0,0,0,0,0,0,0,0.000,0.000,0.000000,0.000000,0.000000,0.250000,-0.250000
1550,B2,41,0.410000,0,0,0,0,0,0,0,0,0,0.000,0.000,0.000000,0.000000,0.000000,0.410000,-0.410000
1550,C0,25,0.250000,4,0,2,0,6,0,0,0,0,12.981,0.000,0.000000,0.000000,0.000000,0.250000,-0.250000
1550,C1,43,0.430000,0,0,0,0,0,0,0,0,0,0.000,0.000,0.000000,0.000000,0.000000,0.430000,-0.430000
1550,C2,17,0.170000,0,0,4,0,4,0,0,0,0,12.981,0.000,0.000000,0.000000,0.000000,0.170000,-0.170000
1555,A0,49,0.490000,3,0,0,0,3,0,0,0,0,12.981,0.000,0.000000,0.000000,0.000000,0.490000,-0.490000
1555,A1,36,0.360000,1,0,3,0,4,0,0,1,0,12.981,0.000,0.629813,0.000000,0.629813,0.989813,-0.989813
1555,A2,25,0.250000,0,0,0,0,0,0,0,0,0,0.000,0.000,0.000000,0.000000,0.000000,0.250000,-0.250000
1555,B0,26,0.260000,2,0,0,0,2,0,0,1,0,12.981,0.000,0.629813,0.000000,0.629813,0.889813,-0.889813
1555,B1,30,0.300000,0,0,0,0,0,0,0,0,0,0.000,0.000,0.000000,0.000000,0.000000,0.300000,-0.300000
1555,B2,41,0.410000,0,0,0,0,0,0,0,0,0,0.000,0.000,0.000000,0.000000,0.000000,0.410000,-0.410000
1555,C0,25,0.250000,5,0,3,0,8,0,0,0,0,12.981,0.000,0.000000,0.000000,0.000000,0.250000,-0.250000
1555,C1,43,0.430000,0,0,0,0,0,0,0,0,0,0.000,0.000,0.000000,0.000000,0.000000,0.430000,-0.430000
1555,C2,18,0.180000,0,0,4,0,4,0,0,0,0,12.981,0.000,0.000000,0.000000,0.000000,0.180000,-0.180000
1560,A0,49,0.490000,5,0,0,0,5,0,0,0,0,12.981,0.000,0.000000,0.000000,0.000000,0.490000,-0.490000
1560,A1,37,0.370000,1,0,4,0,5,0,0,4,0,12.981,0.000,2.519252,0.000000,2.519252,2.889252,-2.889252
1560,A2,25,0.250000,0,0,0,0,0,0,0,0,0,0.000,0.000,0.000000,0.000000,0.000000,0.250000,-0.250000
1560,B0,26,0.260000,2,0,0,0,2,0,0,2,0,12.981,0.000,1.259626,0.000000,1.259626,1.519626,-1.519626
1560,B1,33,0.330000,1,0,0,0,1,0,0,25,0,12.981,0.000,15.745327,0.000000,15.745327,16.075327,-16.075327
1560,B2,41,0.410000,1,0,0,0,1,0,0,6,0,12.981,0.000,3.778879,0.000000,3.778879,4.188879,-4.188879
1560,C0,25,0.250000,5,0,4,0,9,0,0,0,0,12.981,0.000,0.000000,0.000000,0.000000,0.250000,-0.250000
1560,C1,44,0.440000,0,0,0,0,0,0,0,0,0,0.000,0.000,0.000000,0.000000,0.000000,0.440000,-0.440000
1560,C2,20,0.200000,0,0,4,0,4,0,0,0,0,12.981,0.000,0.000000,0.000000,0.000000,0.200000,-0.200000
1565,A0,44,0.440000,7,0,0,0,7,0,0,0,0,12.981,0.000,0.000000,0.000000,0.000000,0.440000,-0.440000
1565,A1,39,0.390000,1,0,4,0,5,0,0,6,0,12.981,0.000,3.778879,0.000000,3.778879,4.168879,-4.168879
1565,A2,25,0.250000,0,0,1,0,1,0,0,5,0,12.981,0.000,3.149065,0.000000,3.149065,3.399065,-3.399065
1565,B0,26,0.260000,2,0,1,0,3,0,0,5,0,12.981,0.000,3.149065,0.000000,3.149065,3.409065,-3.409065
1565,B1,34,0.340000,1,0,0,0,1,0,0,23,0,12.981,0.000,14.485701,0.000000,14.485701,14.825701,-14.825701
1565,B2,41,0.410000,1,0,0,0,1,0,0,12,0,12.981,0.000,7.557757,0.000000,7.557757,7.967757,-7.967757
1565,C0,25,0.250000,5,0,5,0,10,0,0,0,0,12.981,0.000,0.000000,0.000000,0.000000,0.250000,-0.250000
1565,C1,44,0.440000,0,0,0,0,0,0,0,0,0,0.000,0.000,0.000000,0.000000,0.000000,0.440000,-0.440000
1565,C2,21,0.210000,0,0,5,0,5,0,0,0,0,12.981,0.000,0.000000,0.000000,0.000000,0.210000,-0.210000
1570,A0,42,0.420000,0,0,0,0,0,0,7,0,0,0.000,0.000,0.000000,0.000000,0.000000,0.420000,-0.420000
1570,A1,42,0.420000,0,0,0,0,0,0,7,0,0,0.000,0.000,0.000000,0.000000,0.000000,0.420000,-0.420000
1570,A2,25,0.250000,0,0,0,0,0,0,1,0,0,0.000,0.000,0.000000,0.000000,0.000000,0.250000,-0.250000
1570,B0,26,0.260000,0,0,0,0,0,0,3,0,0,0.000,0.000,0.000000,0.000000,0.000000,0.260000,-0.260000
1570,B1,34,0.340000,0,0,0,0,0,0,3,0,0,0.000,0.000,0.000000,0.000000,0.000000,0.340000,-0.340000
1570,B2,41,0.410000,0,0,0,0,0,0,1,0,0,0.000,0.000,0.000000,0.000000,0.000000,0.410000,-0.410000
1570,C0,25,0.250000,0,0,0,0,0,0,13,0,0,0.000,0.000,0.000000,0.000000,0.000000,0.250000,-0.250000
1570,C1,44,0.440000,0,0,0,0,0,0,0,0,0,0.000,0.000,0.000000,0.000000,0.000000,0.440000,-0.440000
1570,C2,21,0.210000,0,0,0,0,0,0,5,0,0,0.000,0.000,0.000000,0.000000,0.000000,0.210000,-0.210000
1575,A0,41,0.410000,0,0,0,0,0,0,7,0,0,0.000,0.000,0.000000,0.000000,0.000000,0.410000,-0.410000
1575,A1,45,0.450000,0,0,0,0,0,0,10,0,0,0.000,0.000,0.000000,0.000000,0.000000,0.450000,-0.450000
1575,A2,25,0.250000,0,0,0,0,0,0,1,0,0,0.000,0.000,0.000000,0.000000,0.000000,0.250000,-0.250000
1575,B0,26,0.260000,0,0,0,0,0,0,3,0,0,0.000,0.000,0.000000,0.000000,0.000000,0.260000,-0.260000
1575,B1,34,0.340000,0,0,0,0,0,0,3,0,0,0.000,0.000,0.000000,0.000000,0.000000,0.340000,-0.340000
1575,B2,41,0.410000,0,0,0,0,0,0,3,0,0,0.000,0.000,0.000000,0.000000,0.000000,0.410000,-0.410000
1575,C0,25,0.250000,0,0,0,0,0,0,14,0,0,0.000,0.000,0.000000,0.000000,0.000000,0.250000,-0.250000
1575,C1,44,0.440000,0,0,0,0,0,0,0,0,0,0.000,0.000,0.000000,0.000000,0.000000,0.440000,-0.440000
1575,C2,21,0.210000,0,0,0,0,0,0,6,0,0,0.000,0.000,0.000000,0.000000,0.000000,0.210000,-0.210000
1580,A0,25,0.250000,0,0,0,0,0,0,0,0,0,0.000,0.000,0.000000,0.000000,0.000000,0.250000,-0.250000
1580,A1,13,0.130000,0,1,0,0,0,1,0,0,0,0.000,12.981,0.000000,0.000000,0.000000,0.130000,-0.130000
1580,A2,48,0.480000,0,1,0,0,0,1,0,0,0,0.000,12.981,0.000000,0.000000,0.000000,0.480000,-0.480000
1580,B0,21,0.210000,0,0,0,0,0,0,0,0,0,0.000,0.000,0.000000,0.000000,0.000000,0.210000,-0.210000
1580,B1,23,0.230000,0,2,0,1,0,3,0,0,8,0.000,12.981,0.000000,5.038505,5.038505,5.268505,-5.268505
1580,B2,12,0.120000,0,0,0,0,0,0,0,0,0,0.000,0.000,0.000000,0.000000,0.000000,0.120000,-0.120000
1580,C0,49,0.490000,0,0,0,0,0,0,0,0,0,0.000,0.000,0.000000,0.000000,0.000000,0.490000,-0.490000
1580,C1,24,0.240000,0,0,0,0,0,0,0,0,0,0.000,0.000,0.000000,0.000000,0.000000,0.240000,-0.240000
1580,C2,7,0.070000,0,1,0,0,0,1,0,0,1,0.000,12.981,0.000000,0.629813,0.629813,0.699813,-0.699813
1585,A0,25,0.250000,0,0,0,0,0,0,0,0,0,0.000,0.000,0.000000,0.000000,0.000000,0.250000,-0.250000
1585,A1,16,0.160000,0,2,0,1,0,3,0,0,0,0.000,12.981,0.000000,0.000000,0.000000,0.160000,-0.160000
1585,A2,48,0.480000,0,1,0,0,0,1,0,0,0,0.000,12.981,0.000000,0.000000,0.000000,0.480000,-0.480000
1585,B0,21,0.210000,0,0,0,0,0,0,0,0,0,0.000,0.000,0.000000,0.000000,0.000000,0.210000,-0.210000
1585,B1,29,0.290000,0,2,0,1,0,3,0,0,13,0.000,12.981,0.000000,8.187570,8.187570,8.477570,-8.477570
1585,B2,12,0.120000,0,1,0,1,0,2,0,0,0,0.000,12.981,0.000000,0.000000,0.000000,0.120000,-0.120000
1585,C0,49,0.490000,0,1,0,0,0,1,0,0,0,0.000,12.981,0.000000,0.000000,0.000000,0.490000,-0.490000
1585,C1,24,0.240000,0,1,0,0,0,1,0,0,6,0.000,12.981,0.000000,3.778879,3.778879,4.018879,-4.018879
1585,C2,7,0.070000,0,1,0,0,0,1,0,0,1,0.000,12.981,0.000000,0.629813,0.629813,0.699813,-0.699813
1590,A0,25,0.250000,0,1,0,0,0,1,0,0,26,0.000,12.981,0.000000,16.375140,16.375140,16.625140,-16.625140
1590,A1,19,0.190000,0,2,0,1,0,3,0,0,0,0.000,12.981,0.000000,0.000000,0.000000,0.190000,-0.190000
1590,A2,48,0.480000,0,1,0,0,0,1,0,0,0,0.000,12.981,0.000000,0.000000,0.000000,0.480000,-0.480000
1590,B0,24,0.240000,0,0,0,0,0,0,0,0,0,0.000,0.000,0.000000,0.000000,0.000000,0.240000,-0.240000
1590,B1,32,0.320000,0,3,0,1,0,4,0,0,15,0.000,12.981,0.000000,9.447196,9.447196,9.767196,-9.767196
1590,B2,16,0.160000,0,1,0,0,0,1,0,0,0,0.000,12.981,0.000000,0.000000,0.000000,0.160000,-0.160000
1590,C0,49,0.490000,0,1,0,1,0,2,0,0,0,0.000,12.981,0.000000,0.000000,0.000000,0.490000,-0.490000
1590,C1,24,0.240000,0,1,0,0,0,1,0,0,8,0.000,12.981,0.000000,5.038505,5.038505,5.278505,-5.278505
1590,C2,7,0.070000,0,1,0,0,0,1,0,0,3,0.000,12.981,0.000000,1.889439,1.889439,1.959439,-1.959439
1595,A0,25,0.250000,0,3,0,0,0,3,0,0,29,0.000,12.981,0.000000,18.264579,18.264579,18.514579,-18.514579
1595,A1,23,0.230000,0,3,0,1,0,4,0,0,0,0.000,12.981,0.000000,0.000000,0.000000,0.230000,-0.230000
1595,A2,48,0.480000,0,1,0,0,0,1,0,0,0,0.000,12.981,0.000000,0.000000,0.000000,0.480000,-0.480000
1595,B0,26,0.260000,0,0,0,0,0,0,0,0,0,0.000,0.000,0.000000,0.000000,0.000000,0.260000,-0.260000
1595,B1,35,0.350000,0,3,0,1,0,4,0,0,18,0.000,12.981,0.000000,11.336636,11.336636,11.686636,-11.686636
1595,B2,21,0.210000,0,1,0,0,0,1,0,0,0,0.000,12.981,0.000000,0.000000,0.000000,0.210000,-0.210000
1595,C0,49,0.490000,0,1,0,2,0,3,0,0,0,0.000,12.981,0.000000,0.000000,0.000000,0.490000,-0.490000
1595,C1,24,0.240000,0,2,0,0,0,2,0,0,10,0.000,12.981,0.000000,6.298131,6.298131,6.538131,-6.538131
1595,C2,7,0.070000,0,2,0,0,0,2,0,0,3,0.000,12.981,0.000000,1.889439,1.889439,1.959439,-1.959439
1600,A0,25,0.250000,0,3,0,0,0,3,0,0,32,0.000,12.981,0.000000,20.154019,20.154019,20.404019,-20.404019
1600,A1,25,0.250000,0,3,0,1,0,4,0,0,0,0.000,12.981,0.000000,0.000000,0.000000,0.250000,-0.250000
1600,A2,48,0.480000,0,1,0,0,0,1,0,0,0,0.000,12.981,0.000000,0.000000,0.000000,0.480000,-0.480000
1600,B0,26,0.260000,0,0,0,0,0,0,0,0,0,0.000,0.000,0.000000,0.000000,0.000000,0.260000,-0.260000
1600,B1,39,0.390000,0,3,0,1,0,4,0,0,17,0.000,12.981,0.000000,10.706822,10.706822,11.096822,-11.096822
1600,B2,25,0.250000,0,2,0,0,0,2,0,0,0,0.000,12.981,0.000000,0.000000,0.000000,0.250000,-0.250000
1600,C0,49,0.490000,0,1,0,3,0,4,0,0,0,0.000,12.981,0.000000,0.000000,0.000000,0.490000,-0.490000
1600,C1,24,0.240000,0,3,0,1,0,4,0,0,12,0.000,12.981,0.000000,7.557757,7.557757,7.797757,-7.797757
1600,C2,9,0.090000,0,2,0,0,0,2,0,0,2,0.000,12.981,0.000000,1.259626,1.259626,1.349626,-1.349626
1605,A0,25,0.250000,0,3,0,0,0,3,0,0,25,0.000,12.981,0.000000,15.745327,15.745327,15.995327,-15.995327
1605,A1,25,0.250000,0,3,0,3,0,6,0,0,0,0.000,12.981,0.000000,0.000000,0.000000,0.250000,-0.250000
1605,A2,48,0.480000,0,1,0,0,0,1,0,0,0,0.000,12.981,0.000000,0.000000,0.000000,0.480000,-0.480000
1605,B0,28,0.280000,0,0,0,0,0,0,0,0,0,0.000,0.000,0.000000,0.000000,0.000000,0.280000,-0.280000
1605,B1,40,0.400000,0,3,0,1,0,4,0,0,12,0.000,12.981,0.000000,7.557757,7.557757,7.957757,-7.957757
1605,B2,30,0.300000,0,3,0,0,0,3,0,0,0,0.000,12.981,0.000000,0.000000,0.000000,0.300000,-0.300000
1605,C0,49,0.490000,0,1,0,3,0,4,0,0,0,0.000,12.981,0.000000,0.000000,0.000000,0.490000,-0.490000
1605,C1,24,0.240000,0,5,0,1,0,6,0,0,11,0.000,12.981,0.000000,6.927944,6.927944,7.167944,-7.167944
1605,C2,11,0.110000,0,2,0,0,0,2,0,0,3,0.000,12.981,0.000000,1.889439,1.889439,1.999439,-1.999439
1610,A0,25,0.250000,0,3,0,0,0,3,0,0,22,0.000,12.981,0.000000,13.855888,13.855888,14.105888,-14.105888
1610,A1,25,0.250000,0,4,0,3,0,7,0,0,0,0.000,12.981,0.000000,0.000000,0.000000,0.250000,-0.250000
1610,A2,48,0.480000,0,1,0,0,0,1,0,0,0,0.000,12.981,0.000000,0.000000,0.000000,0.480000,-0.480000
1610,B0,30,0.300000,0,0,0,0,0,0,0,0,0,0.000,0.000,0.000000,0.000000,0.000000,0.300000,-0.300000
1610,B1,40,0.400000,0,3,0,1,0,4,0,0,6,0.000,12.981,0.000000,3.778879,3.778879,4.178879,-4.178879
1610,B2,34,0.340000,0,3,0,0,0,3,0,0,0,0.000,12.981,0.000000,0.000000,0.000000,0.340000,-0.340000
1610,C0,49,0.490000,0,1,0,3,0,4,0,0,0,0.000,12.981,0.000000,0.000000,0.000000,0.490000,-0.490000
1610,C1,24,0.240000,0,5,0,1,0,6,0,0,10,0.000,12.981,0.000000,6.298131,6.298131,6.538131,-6.538131
1610,C2,15,0.150000,0,2,0,0,0,2,0,0,0,0.000,12.981,0.000000,0.000000,0.000000,0.150000,-0.150000
1615,A0,25,0.250000,0,0,0,0,0,0,3,0,0,0.000,0.000,0.000000,0.000000,0.000000,0.250000,-0.250000
1615,A1,25,0.250000,0,0,0,0,0,0,7,0,0,0.000,0.000,0.000000,0.000000,0.000000,0.250000,-0.250000
1615,A2,48,0.480000,0,0,0,0,0,0,1,0,0,0.000,0.000,0.000000,0.000000,0.000000,0.480000,-0.480000
1615,B0,30,0.300000,0,0,0,0,0,0,1,0,0,0.000,0.000,0.000000,0.000000,0.000000,0.300000,-0.300000
1615,B1,40,0.400000,0,0,0,0,0,0,4,0,0,0.000,0.000,0.000000,0.000000,0.000000,0.400000,-0.400000
1615,B2,34,0.340000,0,0,0,0,0,0,3,0,0,0.000,0.000,0.000000,0.000000,0.000000,0.340000,-0.340000
1615,C0,49,0.490000,0,0,0,0,0,0,6,0,0,0.000,0.000,0.000000,0.000000,0.000000,0.490000,-0.490000
1615,C1,24,0.240000,0,0,0,0,0,0,6,0,0,0.000,0.000,0.000000,0.000000,0.000000,0.240000,-0.240000
1615,C2,15,0.150000,0,0,0,0,0,0,3,0,0,0.000,0.000,0.000000,0.000000,0.000000,0.150000,-0.150000
1620,A0,25,0.250000,0,0,0,0,0,0,3,0,0,0.000,0.000,0.000000,0.000000,0.000000,0.250000,-0.250000
1620,A1,25,0.250000,0,0,0,0,0,0,8,0,0,0.000,0.000,0.000000,0.000000,0.000000,0.250000,-0.250000
1620,A2,48,0.480000,0,0,0,0,0,0,1,0,0,0.000,0.000,0.000000,0.000000,0.000000,0.480000,-0.480000
1620,B0,30,0.300000,0,0,0,0,0,0,1,0,0,0.000,0.000,0.000000,0.000000,0.000000,0.300000,-0.300000
1620,B1,40,0.400000,0,0,0,0,0,0,4,0,0,0.000,0.000,0.000000,0.000000,0.000000,0.400000,-0.400000
1620,B2,34,0.340000,0,0,0,0,0,0,4,0,0,0.000,0.000,0.000000,0.000000,0.000000,0.340000,-0.340000
1620,C0,49,0.490000,0,0,0,0,0,0,6,0,0,0.000,0.000,0.000000,0.000000,0.000000,0.490000,-0.490000
1620,C1,24,0.240000,0,0,0,0,0,0,7,0,0,0.000,0.000,0.000000,0.000000,0.000000,0.240000,-0.240000
1620,C2,15,0.150000,0,0,0,0,0,0,3,0,0,0.000,0.000,0.000000,0.000000,0.000000,0.150000,-0.150000
1625,A0,43,0.430000,0,0,4,0,4,0,0,0,0,12.981,0.000,0.000000,0.000000,0.000000,0.430000,-0.430000
1625,A1,46,0.460000,0,0,0,0,0,0,0,0,0,0.000,0.000,0.000000,0.000000,0.000000,0.460000,-0.460000
1625,A2,25,0.250000,0,0,0,0,0,0,0,0,0,0.000,0.000,0.000000,0.000000,0.000000,0.250000,-0.250000
1625,B0,4,0.040000,1,0,0,0,1,0,0,7,0,12.981,0.000,4.408692,0.000000,4.408692,4.448692,-4.448692
1625,B1,30,0.300000,0,0,0,0,0,0,0,0,0,0.000,0.000,0.000000,0.000000,0.000000,0.300000,-0.300000
1625,B2,41,0.410000,1,0,0,0,1,0,0,5,0,12.981,0.000,3.149065,0.000000,3.149065,3.559065,-3.559065
1625,C0,25,0.250000,0,0,0,0,0,0,0,0,0,0.000,0.000,0.000000,0.000000,0.000000,0.250000,-0.250000
1625,C1,46,0.460000,0,0,0,0,0,0,0,0,0,0.000,0.000,0.000000,0.000000,0.000000,0.460000,-0.460000
1625,C2,25,0.250000,0,0,0,0,0,0,0,0,0,0.000,0.000,0.000000,0.000000,0.000000,0.250000,-0.250000
1630,A0,45,0.450000,1,0,4,0,5,0,0,3,0,12.981,0.000,1.889439,0.000000,1.889439,2.339439,-2.339439
1630,A1,46,0.460000,0,0,0,0,0,0,0,0,0,0.000,0.000,0.000000,0.000000,0.000000,0.460000,-0.460000
1630,A2,25,0.250000,0,0,2,0,2,0,0,0,0,12.981,0.000,0.000000,0.000000,0.000000,0.250000,-0.250000
1630,B0,6,0.060000,2,0,0,0,2,0,0,9,0,12.981,0.000,5.668318,0.000000,5.668318,5.728318,-5.728318
1630,B1,30,0.300000,0,0,0,0,0,0,0,0,0,0.000,0.000,0.000000,0.000000,0.000000,0.300000,-0.300000
1630,B2,41,0.410000,1,0,0,0,1,0,0,11,0,12.981,0.000,6.927944,0.000000,6.927944,7.337944,-7.337944
1630,C0,25,0.250000,0,0,1,0,1,0,0,7,0,12.981,0.000,4.408692,0.000000,4.408692,4.658692,-4.658692
1630,C1,48,0.480000,0,0,1,0,1,0,0,0,0,12.981,0.000,0.000000,0.000000,0.000000,0.480000,-0.480000
1630,C2,25,0.250000,0,0,0,0,0,0,0,0,0,0.000,0.000,0.000000,0.000000,0.000000,0.250000,-0.250000
1635,A0,49,0.490000,1,0,4,0,5,0,0,5,0,12.981,0.000,3.149065,0.000000,3.149065,3.639065,-3.639065
1635,A1,47,0.470000,0,0,0,0,0,0,0,0,0,0.000,0.000,0.000000,0.000000,0.000000,0.470000,-0.470000
1635,A2,25,0.250000,0,0,2,0,2,0,0,0,0,12.981,0.000,0.000000,0.000000,0.000000,0.250000,-0.250000
1635,B0,9,0.090000,2,0,0,0,2,0,0,8,0,12.981,0.000,5.038505,0.000000,5.038505,5.128505,-5.128505
1635,B1,30,0.300000,0,0,0,0,0,0,0,0,0,0.000,0.000,0.000000,0.000000,0.000000,0.300000,-0.300000
1635,B2,41,0.410000,1,0,0,0,1,0,0,10,0,12.981,0.000,6.298131,0.000000,6.298131,6.708131,-6.708131
1635,C0,25,0.250000,0,0,3,0,3,0,0,10,0,12.981,0.000,6.298131,0.000000,6.298131,6.548131,-6.548131
1635,C1,48,0.480000,0,0,0,0,0,0,0,0,0,0.000,0.000,0.000000,0.000000,0.000000,0.480000,-0.480000
1635,C2,25,0.250000,0,0,0,0,0,0,0,0,0,0.000,0.000,0.000000,0.000000,0.000000,0.250000,-0.250000
1640,A0,50,0.500000,1,0,4,0,5,0,0,6,0,12.981,0.000,3.778879,0.000000,3.778879,4.278879,-4.278879
1640,A1,47,0.470000,1,0,0,0,1,0,0,0,0,12.981,0.000,0.000000,0.000000,0.000000,0.470000,-0.470000
1640,A2,25,0.250000,1,0,2,0,3,0,0,0,0,12.981,0.000,0.000000,0.000000,0.000000,0.250000,-0.250000
1640,B0,12,0.120000,3,0,0,0,3,0,0,8,0,12.981,0.000,5.038505,0.000000,5.038505,5.158505,-5.158505
1640,B1,30,0.300000,0,0,0,0,0,0,0,0,0,0.000,0.000,0.000000,0.000000,0.000000,0.300000,-0.300000
1640,B2,41,0.410000,1,0,0,0,1,0,0,8,0,12.981,0.000,5.038505,0.000000,5.038505,5.448505,-5.448505
1640,C0,25,0.250000,0,0,4,0,4,0,0,13,0,12.981,0.000,8.187570,0.000000,8.187570,8.437570,-8.437570
1640,C1,48,0.480000,0,0,0,0,0,0,0,0,0,0.000,0.000,0.000000,0.000000,0.000000,0.480000,-0.480000
1640,C2,25,0.250000,0,0,0,0,0,0,0,0,0,0.000,0.000,0.000000,0.000000,0.000000,0.250000,-0.250000
1645,A0,50,0.500000,1,0,4,0,5,0,0,7,0,12.981,0.000,4.408692,0.000000,4.408692,4.908692,-4.908692
1645,A1,47,0.470000,1,0,0,0,1,0,0,0,0,12.981,0.000,0.000000,0.000000,0.000000,0.470000,-0.470000
1645,A2,25,0.250000,2,0,2,0,4,0,0,0,0,12.981,0.000,0.000000,0.000000,0.000000,0.250000,-0.250000
1645,B0,16,0.160000,3,0,0,0,3,0,0,10,0,12.981,0.000,6.298131,0.000000,6.298131,6.458131,-6.458131
1645,B1,30,0.300000,0,0,0,0,0,0,0,0,0,0.000,0.000,0.000000,0.000000,0.000000,0.300000,-0.300000
1645,B2,41,0.410000,1,0,0,0,1,0,0,5,0,12.981,0.000,3.149065,0.000000,3.149065,3.559065,-3.559065
1645,C0,25,0.250000,0,0,4,0,4,0,0,16,0,12.981,0.000,10.077009,0.000000,10.077009,10.327009,-10.327009
1645,C1,48,0.480000,0,0,0,0,0,0,0,0,0,0.000,0.000,0.000000,0.000000,0.000000,0.480000,-0.480000
1645,C2,26,0.260000,0,0,0,0,0,0,0,0,0,0.000,0.000,0.000000,0.000000,0.000000,0.260000,-0.260000
1650,A0,50,0.500000,1,0,4,0,5,0,0,8,0,12.981,0.000,5.038505,0.000000,5.038505,5.538505,-5.538505
1650,A1,46,0.460000,1,0,0,0,1,0,0,0,0,12.981,0.000,0.000000,0.000000,0.000000,0.460000,-0.460000
1650,A2,25,0.250000,3,0,2,0,5,0,0,0,0,12.981,0.000,0.000000,0.000000,0.000000,0.250000,-0.250000
1650,B0,19,0.190000,3,0,0,0,3,0,0,10,0,12.981,0.000,6.298131,0.000000,6.298131,6.488131,-6.488131
1650,B1,30,0.300000,0,0,0,0,0,0,0,0,0,0.000,0.000,0.000000,0.000000,0.000000,0.300000,-0.300000
1650,B2,41,0.410000,1,0,0,0,1,0,0,3,0,12.981,0.000,1.889439,0.000000,1.889439,2.299439,-2.299439
1650,C0,25,0.250000,0,0,5,0,5,0,0,21,0,12.981,0.000,13.226075,0.000000,13.226075,13.476075,-13.476075
1650,C1,48,0.480000,0,0,0,0,0,0,0,0,0,0.000,0.000,0.000000,0.000000,0.000000,0.480000,-0.480000
1650,C2,26,0.260000,0,0,1,0,1,0,0,0,0,12.981,0.000,0.000000,0.000000,0.000000,0.260000,-0.260000
1655,A0,50,0.500000,1,0,5,0,6,0,0,9,0,12.981,0.000,5.668318,0.000000,5.668318,6.168318,-6.168318
1655,A1,42,0.420000,1,0,0,0,1,0,0,0,0,12.981,0.000,0.000000,0.000000,0.000000,0.420000,-0.420000
1655,A2,25,0.250000,4,0,2,0,6,0,0,0,0,12.981,0.000,0.000000,0.000000,0.000000,0.250000,-0.250000
1655,B0,22,0.220000,4,0,1,0,5,0,0,8,0,12.981,0.000,5.038505,0.000000,5.038505,5.258505,-5.258505
1655,B1,31,0.310000,0,0,0,0,0,0,0,0,0,0.000,0.000,0.000000,0.000000,0.000000,0.310000,-0.310000
1655,B2,41,0.410000,1,0,1,0,2,0,0,2,0,12.981,0.000,1.259626,0.000000,1.259626,1.669626,-1.669626
1655,C0,25,0.250000,0,0,5,0,5,0,0,26,0,12.981,0.000,16.375140,0.000000,16.375140,16.625140,-16.625140
1655,C1,48,0.480000,0,0,0,0,0,0,0,0,0,0.000,0.000,0.000000,0.000000,0.000000,0.480000,-0.480000
1655,C2,22,0.220000,0,0,1,0,1,0,0,0,0,12.981,0.000,0.000000,0.000000,0.000000,0.220000,-0.220000
1660,A0,50,0.500000,0,0,0,0,0,0,6,0,0,0.000,0.000,0.000000,0.000000,0.000000,0.500000,-0.500000
1660,A1,41,0.410000,0,0,0,0,0,0,2,0,0,0.000,0.000,0.000000,0.000000,0.000000,0.410000,-0.410000
1660,A2,25,0.250000,0,0,0,0,0,0,7,0,0,0.000,0.000,0.000000,0.000000,0.000000,0.250000,-0.250000
1660,B0,25,0.250000,0,0,0,0,0,0,5,0,0,0.000,0.000,0.000000,0.000000,0.000000,0.250000,-0.250000
1660,B1,33,0.330000,0,0,0,0,0,0,0,0,0,0.000,0.000,0.000000,0.000000,0.000000,0.330000,-0.330000
1660,B2,41,0.410000,0,0,0,0,0,0,2,0,0,0.000,0.000,0.000000,0.000000,0.000000,0.410000,-0.410000
1660,C0,25,0.250000,0,0,0,0,0,0,5,0,0,0.000,0.000,0.000000,0.000000,0.000000,0.250000,-0.250000
1660,C1,48,0.480000,0,0,0,0,0,0,0,0,0,0.000,0.000,0.000000,0.000000,0.000000,0.480000,-0.480000
1660,C2,20,0.200000,0,0,0,0,0,0,3,0,0,0.000,0.000,0.000000,0.000000,0.000000,0.200000,-0.200000
1665,A0,50,0.500000,0,0,0,0,0,0,6,0,0,0.000,0.000,0.000000,0.000000,0.000000,0.500000,-0.500000
1665,A1,39,0.390000,0,0,0,0,0,0,2,0,0,0.000,0.000,0.000000,0.000000,0.000000,0.390000,-0.390000
1665,A2,25,0.250000,0,0,0,0,0,0,7,0,0,0.000,0.000,0.000000,0.000000,0.000000,0.250000,-0.250000
1665,B0,25,0.250000,0,0,0,0,0,0,5,0,0,0.000,0.000,0.000000,0.000000,0.000000,0.250000,-0.250000
1665,B1,33,0.330000,0,0,0,0,0,0,0,0,0,0.000,0.000,0.000000,0.000000,0.000000,0.330000,-0.330000
1665,B2,41,0.410000,0,0,0,0,0,0,3,0,0,0.000,0.000,0.000000,0.000000,0.000000,0.410000,-0.410000
1665,C0,25,0.250000,0,0,0,0,0,0,5,0,0,0.000,0.000,0.000000,0.000000,0.000000,0.250000,-0.250000
1665,C1,48,0.480000,0,0,0,0,0,0,0,0,0,0.000,0.000,0.000000,0.000000,0.000000,0.480000,-0.480000
1665,C2,18,0.180000,0,0,0,0,0,0,6,0,0,0.000,0.000,0.000000,0.000000,0.000000,0.180000,-0.180000
1670,A0,25,0.250000,0,4,0,0,0,4,0,0,0,0.000,12.981,0.000000,0.000000,0.000000,0.250000,-0.250000
1670,A1,25,0.250000,0,1,0,1,0,2,0,0,9,0.000,12.981,0.000000,5.668318,5.668318,5.918318,-5.918318
1670,A2,48,0.480000,0,1,0,0,0,1,0,0,0,0.000,12.981,0.000000,0.000000,0.000000,0.480000,-0.480000
1670,B0,29,0.290000,0,0,0,0,0,0,0,0,0,0.000,0.000,0.000000,0.000000,0.000000,0.290000,-0.290000
1670,B1,36,0.360000,0,0,0,0,0,0,0,0,0,0.000,0.000,0.000000,0.000000,0.000000,0.360000,-0.360000
1670,B2,25,0.250000,0,1,0,0,0,1,0,0,1,0.000,12.981,0.000000,0.629813,0.629813,0.879813,-0.879813
1670,C0,23,0.230000,0,0,0,0,0,0,0,0,0,0.000,0.000,0.000000,0.000000,0.000000,0.230000,-0.230000
1670,C1,17,0.170000,0,0,0,0,0,0,0,0,0,0.000,0.000,0.000000,0.000000,0.000000,0.170000,-0.170000
1670,C2,13,0.130000,0,1,0,0,0,1,0,0,16,0.000,12.981,0.000000,10.077009,10.077009,10.207009,-10.207009
1675,A0,25,0.250000,0,4,0,0,0,4,0,0,0,0.000,12.981,0.000000,0.000000,0.000000,0.250000,-0.250000
1675,A1,25,0.250000,0,2,0,1,0,3,0,0,10,0.000,12.981,0.000000,6.298131,6.298131,6.548131,-6.548131
1675,A2,48,0.480000,0,1,0,0,0,1,0,0,0,0.000,12.981,0.000000,0.000000,0.000000,0.480000,-0.480000
1675,B0,29,0.290000,0,0,0,0,0,0,0,0,0,0.000,0.000,0.000000,0.000000,0.000000,0.290000,-0.290000
1675,B1,36,0.360000,0,0,0,0,0,0,0,0,0,0.000,0.000,0.000000,0.000000,0.000000,0.360000,-0.360000
1675,B2,25,0.250000,0,2,0,0,0,2,0,0,4,0.000,12.981,0.000000,2.519252,2.519252,2.769252,-2.769252
1675,C0,26,0.260000,0,0,0,1,0,1,0,0,0,0.000,12.981,0.000000,0.000000,0.000000,0.260000,-0.260000
1675,C1,15,0.150000,0,0,0,0,0,0,0,0,0,0.000,0.000,0.000000,0.000000,0.000000,0.150000,-0.150000
1675,C2,13,0.130000,0,2,0,0,0,2,0,0,17,0.000,12.981,0.000000,10.706822,10.706822,10.836822,-10.836822
1680,A0,25,0.250000,0,4,0,0,0,4,0,0,0,0.000,12.981,0.000000,0.000000,0.000000,0.250000,-0.250000
1680,A1,25,0.250000,0,2,0,1,0,3,0,0,9,0.000,12.981,0.000000,5.668318,5.668318,5.918318,-5.918318
1680,A2,48,0.480000,0,1,0,1,0,2,0,0,0,0.000,12.981,0.000000,0.000000,0.000000,0.480000,-0.480000
1680,B0,29,0.290000,0,0,0,0,0,0,0,0,0,0.000,0.000,0.000000,0.000000,0.000000,0.290000,-0.290000
1680,B1,36,0.360000,0,0,0,0,0,0,0,0,0,0.000,0.000,0.000000,0.000000,0.000000,0.360000,-0.360000
1680,B2,25,0.250000,0,2,0,0,0,2,0,0,4,0.000,12.981,0.000000,2.519252,2.519252,2.769252,-2.769252
1680,C0,30,0.300000,0,1,0,2,0,3,0,0,0,0.000,12.981,0.000000,0.000000,0.000000,0.300000,-0.300000
1680,C1,15,0.150000,0,0,0,0,0,0,0,0,0,0.000,0.000,0.000000,0.000000,0.000000,0.150000,-0.150000
1680,C2,13,0.130000,0,2,0,0,0,2,0,0,19,0.000,12.981,0.000000,11.966449,11.966449,12.096449,-12.096449
1685,A0,25,0.250000,0,4,0,0,0,4,0,0,0,0.000,12.981,0.000000,0.000000,0.000000,0.250000,-0.250000
1685,A1,25,0.250000,0,2,0,4,0,6,0,0,6,0.000,12.981,0.000000,3.778879,3.778879,4.028879,-4.028879
1685,A2,48,0.480000,0,1,0,1,0,2,0,0,0,0.000,12.981,0.000000,0.000000,0.000000,0.480000,-0.480000
1685,B0,29,0.290000,0,0,0,0,0,0,0,0,0,0.000,0.000,0.000000,0.000000,0.000000,0.290000,-0.290000
1685,B1,36,0.360000,0,1,0,0,0,1,0,0,0,0.000,12.981,0.000000,0.000000,0.000000,0.360000,-0.360000
1685,B2,25,0.250000,0,2,0,1,0,3,0,0,1,0.000,12.981,0.000000,0.629813,0.629813,0.879813,-0.879813
1685,C0,38,0.380000,0,1,0,2,0,3,0,0,0,0.000,12.981,0.000000,0.000000,0.000000,0.380000,-0.380000
1685,C1,19,0.190000,0,0,0,0,0,0,0,0,0,0.000,0.000,0.000000,0.000000,0.000000,0.190000,-0.190000
1685,C2,13,0.130000,0,2,0,0,0,2,0,0,18,0.000,12.981,0.000000,11.336636,11.336636,11.466636,-11.466636
1690,A0,25,0.250000,0,4,0,0,0,4,0,0,0,0.000,12.981,0.000000,0.000000,0.000000,0.250000,-0.250000
1690,A1,25,0.250000,0,2,0,4,0,6,0,0,2,0.000,12.981,0.000000,1.259626,1.259626,1.509626,-1.509626
1690,A2,48,0.480000,0,1,0,1,0,2,0,0,0,0.000,12.981,0.000000,0.000000,0.000000,0.480000,-0.480000
1690,B0,29,0.290000,0,0,0,0,0,0,0,0,0,0.000,0.000,0.000000,0.000000,0.000000,0.290000,-0.290000
1690,B1,36,0.360000,0,2,0,0,0,2,0,0,0,0.000,12.981,0.000000,0.000000,0.000000,0.360000,-0.360000
1690,B2,25,0.250000,0,2,0,1,0,3,0,0,0,0.000,12.981,0.000000,0.000000,0.000000,0.250000,-0.250000
1690,C0,42,0.420000,0,1,0,2,0,3,0,0,0,0.000,12.981,0.000000,0.000000,0.000000,0.420000,-0.420000
1690,C1,23,0.230000,0,0,0,2,0,2,0,0,15,0.000,12.981,0.000000,9.447196,9.447196,9.677196,-9.677196
1690,C2,13,0.130000,0,2,0,0,0,2,0,0,14,0.000,12.981,0.000000,8.817383,8.817383,8.947383,-8.947383
1695,A0,25,0.250000,0,4,0,1,0,5,0,0,0,0.000,12.981,0.000000,0.000000,0.000000,0.250000,-0.250000
1695,A1,25,0.250000,0,3,0,4,0,7,0,0,0,0.000,12.981,0.000000,0.000000,0.000000,0.250000,-0.250000
1695,A2,48,0.480000,0,1,0,1,0,2,0,0,0,0.000,12.981,0.000000,0.000000,0.000000,0.480000,-0.480000
1695,B0,29,0.290000,0,0,0,1,0,1,0,0,0,0.000,12.981,0.000000,0.000000,0.000000,0.290000,-0.290000
1695,B1,36,0.360000,0,3,0,0,0,3,0,0,0,0.000,12.981,0.000000,0.000000,0.000000,0.360000,-0.360000
1695,B2,25,0.250000,0,4,0,1,0,5,0,0,0,0.000,12.981,0.000000,0.000000,0.000000,0.250000,-0.250000
1695,C0,44,0.440000,0,2,0,2,0,4,0,0,0,0.000,12.981,0.000000,0.000000,0.000000,0.440000,-0.440000
1695,C1,24,0.240000,0,0,0,3,0,3,0,0,20,0.000,12.981,0.000000,12.596262,12.596262,12.836262,-12.836262
1695,C2,15,0.150000,0,3,0,0,0,3,0,0,11,0.000,12.981,0.000000,6.927944,6.927944,7.077944,-7.077944
1700,A0,25,0.250000,0,4,0,1,0,5,0,0,0,0.000,12.981,0.000000,0.000000,0.000000,0.250000,-0.250000
1700,A1,25,0.250000,0,3,0,4,0,7,0,0,0,0.000,12.981,0.000000,0.000000,0.000000,0.250000,-0.250000
1700,A2,48,0.480000,0,1,0,1,0,2,0,0,0,0.000,12.981,0.000000,0.000000,0.000000,0.480000,-0.480000
1700,B0,29,0.290000,0,0,0,1,0,1,0,0,0,0.000,12.981,0.000000,0.000000,0.000000,0.290000,-0.290000
1700,B1,36,0.360000,0,3,0,0,0,3,0,0,0,0.000,12.981,0.000000,0.000000,0.000000,0.360000,-0.360000
1700,B2,25,0.250000,0,3,0,1,0,4,0,0,0,0.000,12.981,0.000000,0.000000,0.000000,0.250000,-0.250000
1700,C0,47,0.470000,0,2,0,5,0,7,0,0,0,0.000,12.981,0.000000,0.000000,0.000000,0.470000,-0.470000
1700,C1,24,0.240000,0,1,0,4,0,5,0,0,22,0.000,12.981,0.000000,13.855888,13.855888,14.095888,-14.095888
1700,C2,17,0.170000,0,3,0,2,0,5,0,0,10,0.000,12.981,0.000000,6.298131,6.298131,6.468131,-6.468131
1705,A0,25,0.250000,0,0,0,0,0,0,5,0,0,0.000,0.000,0.000000,0.000000,0.000000,0.250000,-0.250000
1705,A1,25,0.250000,0,0,0,0,0,0,8,0,0,0.000,0.000,0.000000,0.000000,0.000000,0.250000,-0.250000
1705,A2,48,0.480000,0,0,0,0,0,0,2,0,0,0.000,0.000,0.000000,0.000000,0.000000,0.480000,-0.480000
1705,B0,29,0.290000,0,0,0,0,0,0,1,0,0,0.000,0.000,0.000000,0.000000,0.000000,0.290000,-0.290000
1705,B1,36,0.360000,0,0,0,0,0,0,3,0,0,0.000,0.000,0.000000,0.000000,0.000000,0.360000,-0.360000
1705,B2,25,0.250000,0,0,0,0,0,0,5,0,0,0.000,0.000,0.000000,0.000000,0.000000,0.250000,-0.250000
1705,C0,48,0.480000,0,0,0,0,0,0,7,0,0,0.000,0.000,0.000000,0.000000,0.000000,0.480000,-0.480000
1705,C1,24,0.240000,0,0,0,0,0,0,5,0,0,0.000,0.000,0.000000,0.000000,0.000000,0.240000,-0.240000
1705,C2,18,0.180000,0,0,0,0,0,0,5,0,0,0.000,0.000,0.000000,0.000000,0.000000,0.180000,-0.180000
1710,A0,25,0.250000,0,0,0,0,0,0,6,0,0,0.000,0.000,0.000000,0.000000,0.000000,0.250000,-0.250000
1710,A1,25,0.250000,0,0,0,0,0,0,8,0,0,0.000,0.000,0.000000,0.000000,0.000000,0.250000,-0.250000
1710,A2,48,0.480000,0,0,0,0,0,0,2,0,0,0.000,0.000,0.000000,0.000000,0.000000,0.480000,-0.480000
1710,B0,29,0.290000,0,0,0,0,0,0,3,0,0,0.000,0.000,0.000000,0.000000,0.000000,0.290000,-0.290000
1710,B1,36,0.360000,0,0,0,0,0,0,4,0,0,0.000,0.000,0.000000,0.000000,0.000000,0.360000,-0.360000
1710,B2,25,0.250000,0,0,0,0,0,0,6,0,0,0.000,0.000,0.000000,0.000000,0.000000,0.250000,-0.250000
1710,C0,48,0.480000,0,0,0,0,0,0,7,0,0,0.000,0.000,0.000000,0.000000,0.000000,0.480000,-0.480000
1710,C1,24,0.240000,0,0,0,0,0,0,5,0,0,0.000,0.000,0.000000,0.000000,0.000000,0.240000,-0.240000
1710,C2,19,0.190000,0,0,0,0,0,0,7,0,0,0.000,0.000,0.000000,0.000000,0.000000,0.190000,-0.190000
1715,A0,50,0.500000,0,0,6,0,6,0,0,0,0,12.981,0.000,0.000000,0.000000,0.000000,0.500000,-0.500000
1715,A1,47,0.470000,0,0,0,0,0,0,0,0,0,0.000,0.000,0.000000,0.000000,0.000000,0.470000,-0.470000
1715,A2,25,0.250000,0,0,0,0,0,0,0,0,0,0.000,0.000,0.000000,0.000000,0.000000,0.250000,-0.250000
1715,B0,25,0.250000,3,0,0,0,3,0,0,0,0,12.981,0.000,0.000000,0.000000,0.000000,0.250000,-0.250000
1715,B1,27,0.270000,0,0,0,0,0,0,0,0,0,0.000,0.000,0.000000,0.000000,0.000000,0.270000,-0.270000
1715,B2,48,0.480000,0,0,1,0,1,0,0,0,0,12.981,0.000,0.000000,0.000000,0.000000,0.480000,-0.480000
1715,C0,25,0.250000,0,0,0,0,0,0,0,0,0,0.000,0.000,0.000000,0.000000,0.000000,0.250000,-0.250000
1715,C1,31,0.310000,0,0,0,0,0,0,0,0,0,0.000,0.000,0.000000,0.000000,0.000000,0.310000,-0.310000
1715,C2,21,0.210000,0,0,0,0,0,0,0,0,0,0.000,0.000,0.000000,0.000000,0.000000,0.210000,-0.210000
1720,A0,50,0.500000,0,0,6,0,6,0,0,0,0,12.981,0.000,0.000000,0.000000,0.000000,0.500000,-0.500000
1720,A1,47,0.470000,0,0,0,0,0,0,0,0,0,0.000,0.000,0.000000,0.000000,0.000000,0.470000,-0.470000
1720,A2,25,0.250000,0,0,0,0,0,0,0,0,0,0.000,0.000,0.000000,0.000000,0.000000,0.250000,-0.250000
1720,B0,25,0.250000,3,0,0,0,3,0,0,0,0,12.981,0.000,0.000000,0.000000,0.000000,0.250000,-0.250000
1720,B1,30,0.300000,0,0,0,0,0,0,0,0,0,0.000,0.000,0.000000,0.000000,0.000000,0.300000,-0.300000
1720,B2,48,0.480000,0,0,1,0,1,0,0,0,0,12.981,0.000,0.000000,0.000000,0.000000,0.480000,-0.480000
1720,C0,25,0.250000,0,0,0,0,0,0,0,0,0,0.000,0.000,0.000000,0.000000,0.000000,0.250000,-0.250000
1720,C1,37,0.370000,0,0,0,0,0,0,0,0,0,0.000,0.000,0.000000,0.000000,0.000000,0.370000,-0.370000
1720,C2,25,0.250000,0,0,0,0,0,0,0,0,0,0.000,0.000,0.000000,0.000000,0.000000,0.250000,-0.250000
1725,A0,50,0.500000,0,0,6,0,6,0,0,0,0,12.981,0.000,0.000000,0.000000,0.000000,0.500000,-0.500000
1725,A1,47,0.470000,0,0,0,0,0,0,0,0,0,0.000,0.000,0.000000,0.000000,0.000000,0.470000,-0.470000
1725,A2,25,0.250000,0,0,0,0,0,0,0,0,0,0.000,0.000,0.000000,0.000000,0.000000,0.250000,-0.250000
1725,B0,25,0.250000,3,0,0,0,3,0,0,0,0,12.981,0.000,0.000000,0.000000,0.000000,0.250000,-0.250000
1725,B1,32,0.320000,0,0,0,0,0,0,0,0,0,0.000,0.000,0.000000,0.000000,0.000000,0.320000,-0.320000
1725,B2,48,0.480000,0,0,1,0,1,0,0,0,0,12.981,0.000,0.000000,0.000000,0.000000,0.480000,-0.480000
1725,C0,25,0.250000,0,0,0,0,0,0,0,0,0,0.000,0.000,0.000000,0.000000,0.000000,0.250000,-0.250000
1725,C1,44,0.440000,0,0,0,0,0,0,0,0,0,0.000,0.000,0.000000,0.000000,0.000000,0.440000,-0.440000
1725,C2,27,0.270000,0,0,0,0,0,0,0,0,0,0.000,0.000,0.000000,0.000000,0.000000,0.270000,-0.270000
1730,A0,50,0.500000,1,0,6,0,7,0,0,0,0,12.981,0.000,0.000000,0.000000,0.000000,0.500000,-0.500000
1730,A1,47,0.470000,0,0,0,0,0,0,0,0,0,0.000,0.000,0.000000,0.000000,0.000000,0.470000,-0.470000
1730,A2,25,0.250000,0,0,1,0,1,0,0,0,0,12.981,0.000,0.000000,0.000000,0.000000,0.250000,-0.250000
1730,B0,25,0.250000,4,0,0,0,4,0,0,0,0,12.981,0.000,0.000000,0.000000,0.000000,0.250000,-0.250000
1730,B1,32,0.320000,0,0,0,0,0,0,0,0,0,0.000,0.000,0.000000,0.000000,0.000000,0.320000,-0.320000
1730,B2,48,0.480000,0,0,1,0,1,0,0,0,0,12.981,0.000,0.000000,0.000000,0.000000,0.480000,-0.480000
1730,C0,25,0.250000,0,0,0,0,0,0,0,0,0,0.000,0.000,0.000000,0.000000,0.000000,0.250000,-0.250000
1730,C1,48,0.480000,0,0,0,0,0,0,0,0,0,0.000,0.000,0.000000,0.000000,0.000000,0.480000,-0.480000
1730,C2,27,0.270000,0,0,0,0,0,0,0,0,0,0.000,0.000,0.000000,0.000000,0.000000,0.270000,-0.270000
1735,A0,50,0.500000,2,0,6,0,8,0,0,0,0,12.981,0.000,0.000000,0.000000,0.000000,0.500000,-0.500000
1735,A1,47,0.470000,0,0,0,0,0,0,0,0,0,0.000,0.000,0.000000,0.000000,0.000000,0.470000,-0.470000
1735,A2,25,0.250000,0,0,1,0,1,0,0,0,0,12.981,0.000,0.000000,0.000000,0.000000,0.250000,-0.250000
1735,B0,25,0.250000,4,0,0,0,4,0,0,0,0,12.981,0.000,0.000000,0.000000,0.000000,0.250000,-0.250000
1735,B1,32,0.320000,0,0,0,0,0,0,0,0,0,0.000,0.000,0.000000,0.000000,0.000000,0.320000,-0.320000
1735,B2,48,0.480000,0,0,1,0,1,0,0,0,0,12.981,0.000,0.000000,0.000000,0.000000,0.480000,-0.480000
1735,C0,25,0.250000,0,0,0,0,0,0,0,0,0,0.000,0.000,0.000000,0.000000,0.000000,0.250000,-0.250000
1735,C1,48,0.480000,0,0,0,0,0,0,0,0,0,0.000,0.000,0.000000,0.000000,0.000000,0.480000,-0.480000
1735,C2,27,0.270000,0,0,0,0,0,0,0,0,0,0.000,0.000,0.000000,0.000000,0.000000,0.270000,-0.270000
1740,A0,50,0.500000,2,0,6,0,8,0,0,0,0,12.981,0.000,0.000000,0.000000,0.000000,0.500000,-0.500000
1740,A1,47,0.470000,1,0,0,0,1,0,0,0,0,12.981,0.000,0.000000,0.000000,0.000000,0.470000,-0.470000
1740,A2,25,0.250000,1,0,1,0,2,0,0,0,0,12.981,0.000,0.000000,0.000000,0.000000,0.250000,-0.250000
1740,B0,25,0.250000,5,0,1,0,6,0,0,0,0,12.981,0.000,0.000000,0.000000,0.000000,0.250000,-0.250000
1740,B1,32,0.320000,0,0,0,0,0,0,0,0,0,0.000,0.000,0.000000,0.000000,0.000000,0.320000,-0.320000
1740,B2,48,0.480000,0,0,1,0,1,0,0,0,0,12.981,0.000,0.000000,0.000000,0.000000,0.480000,-0.480000
1740,C0,21,0.210000,0,0,0,0,0,0,0,0,0,0.000,0.000,0.000000,0.000000,0.000000,0.210000,-0.210000
1740,C1,48,0.480000,0,0,0,0,0,0,0,0,0,0.000,0.000,0.000000,0.000000,0.000000,0.480000,-0.480000
1740,C2,28,0.280000,0,0,0,0,0,0,0,0,0,0.000,0.000,0.000000,0.000000,0.000000,0.280000,-0.280000
1745,A0,50,0.500000,2,0,6,0,8,0,0,0,0,12.981,0.000,0.000000,0.000000,0.000000,0.500000,-0.500000
1745,A1,47,0.470000,1,0,0,0,1,0,0,0,0,12.981,0.000,0.000000,0.000000,0.000000,0.470000,-0.470000
1745,A2,25,0.250000,1,0,1,0,2,0,0,0,0,12.981,0.000,0.000000,0.000000,0.000000,0.250000,-0.250000
1745,B0,25,0.250000,5,0,1,0,6,0,0,0,0,12.981,0.000,0.000000,0.000000,0.000000,0.250000,-0.250000
1745,B1,32,0.320000,0,0,0,0,0,0,0,0,0,0.000,0.000,0.000000,0.000000,0.000000,0.320000,-0.320000
1745,B2,48,0.480000,0,0,2,0,2,0,0,0,0,12.981,0.000,0.000000,0.000000,0.000000,0.480000,-0.480000
1745,C0,17,0.170000,1,0,0,0,1,0,0,8,0,12.981,0.000,5.038505,0.000000,5.038505,5.208505,-5.208505
1745,C1,48,0.480000,0,0,0,0,0,0,0,0,0,0.000,0.000,0.000000,0.000000,0.000000,0.480000,-0.480000
1745,C2,28,0.280000,0,0,0,0,0,0,0,0,0,0.000,0.000,0.000000,0.000000,0.000000,0.280000,-0.280000
1750,A0,50,0.500000,0,0,0,0,0,0,10,0,0,0.000,0.000,0.000000,0.000000,0.000000,0.500000,-0.500000
1750,A1,47,0.470000,0,0,0,0,0,0,1,0,0,0.000,0.000,0.000000,0.000000,0.000000,0.470000,-0.470000
1750,A2,25,0.250000,0,0,0,0,0,0,5,0,0,0.000,0.000,0.000000,0.000000,0.000000,0.250000,-0.250000
1750,B0,25,0.250000,0,0,0,0,0,0,6,0,0,0.000,0.000,0.000000,0.000000,0.000000,0.250000,-0.250000
1750,B1,32,0.320000,0,0,0,0,0,0,0,0,0,0.000,0.000,0.000000,0.000000,0.000000,0.320000,-0.320000
1750,B2,48,0.480000,0,0,0,0,0,0,2,0,0,0.000,0.000,0.000000,0.000000,0.000000,0.480000,-0.480000
1750,C0,17,0.170000,0,0,0,0,0,0,1,0,0,0.000,0.000,0.000000,0.000000,0.000000,0.170000,-0.170000
1750,C1,48,0.480000,0,0,0,0,0,0,0,0,0,0.000,0.000,0.000000,0.000000,0.000000,0.480000,-0.480000
1750,C2,28,0.280000,0,0,0,0,0,0,1,0,0,0.000,0.000,0.000000,0.000000,0.000000,0.280000,-0.280000
1755,A0,50,0.500000,0,0,0,0,0,0,10,0,0,0.000,0.000,0.000000,0.000000,0.000000,0.500000,-0.500000
1755,A1,47,0.470000,0,0,0,0,0,0,2,0,0,0.000,0.000,0.000000,0.000000,0.000000,0.470000,-0.470000
1755,A2,25,0.250000,0,0,0,0,0,0,4,0,0,0.000,0.000,0.000000,0.000000,0.000000,0.250000,-0.250000
1755,B0,25,0.250000,0,0,0,0,0,0,11,0,0,0.000,0.000,0.000000,0.000000,0.000000,0.250000,-0.250000
1755,B1,32,0.320000,0,0,0,0,0,0,0,0,0,0.000,0.000,0.000000,0.000000,0.000000,0.320000,-0.320000
1755,B2,48,0.480000,0,0,0,0,0,0,3,0,0,0.000,0.000,0.000000,0.000000,0.000000,0.480000,-0.480000
1755,C0,16,0.160000,0,0,0,0,0,0,1,0,0,0.000,0.000,0.000000,0.000000,0.000000,0.160000,-0.160000
1755,C1,48,0.480000,0,0,0,0,0,0,0,0,0,0.000,0.000,0.000000,0.000000,0.000000,0.480000,-0.480000
1755,C2,28,0.280000,0,0,0,0,0,0,1,0,0,0.000,0.000,0.000000,0.000000,0.000000,0.280000,-0.280000
1760,A0,25,0.250000,0,6,0,0,0,6,0,0,0,0.000,12.981,0.000000,0.000000,0.000000,0.250000,-0.250000
1760,A1,25,0.250000,0,0,0,1,0,1,0,0,0,0.000,12.981,0.000000,0.000000,0.000000,0.250000,-0.250000
1760,A2,48,0.480000,0,0,0,2,0,2,0,0,0,0.000,12.981,0.000000,0.000000,0.000000,0.480000,-0.480000
1760,B0,29,0.290000,0,0,0,1,0,1,0,0,0,0.000,12.981,0.000000,0.000000,0.000000,0.290000,-0.290000
1760,B1,36,0.360000,0,0,0,0,0,0,0,0,0,0.000,0.000,0.000000,0.000000,0.000000,0.360000,-0.360000
1760,B2,25,0.250000,0,0,0,1,0,1,0,0,0,0.000,12.981,0.000000,0.000000,0.000000,0.250000,-0.250000
1760,C0,49,0.490000,0,0,0,0,0,0,0,0,0,0.000,0.000,0.000000,0.000000,0.000000,0.490000,-0.490000
1760,C1,10,0.100000,0,0,0,0,0,0,0,0,0,0.000,0.000,0.000000,0.000000,0.000000,0.100000,-0.100000
1760,C2,20,0.200000,0,0,0,0,0,0,0,0,0,0.000,0.000,0.000000,0.000000,0.000000,0.200000,-0.200000
1765,A0,25,0.250000,0,6,0,0,0,6,0,0,0,0.000,12.981,0.000000,0.000000,0.000000,0.250000,-0.250000
1765,A1,25,0.250000,0,0,0,1,0,1,0,0,0,0.000,12.981,0.000000,0.000000,0.000000,0.250000,-0.250000
1765,A2,48,0.480000,0,0,0,3,0,3,0,0,0,0.000,12.981,0.000000,0.000000,0.000000,0.480000,-0.480000
1765,B0,29,0.290000,0,0,0,3,0,3,0,0,0,0.000,12.981,0.000000,0.000000,0.000000,0.290000,-0.290000
1765,B1,36,0.360000,0,0,0,0,0,0,0,0,0,0.000,0.000,0.000000,0.000000,0.000000,0.360000,-0.360000
1765,B2,25,0.250000,0,0,0,1,0,1,0,0,0,0.000,12.981,0.000000,0.000000,0.000000,0.250000,-0.250000
1765,C0,49,0.490000,0,0,0,0,0,0,0,0,0,0.000,0.000,0.000000,0.000000,0.000000,0.490000,-0.490000
1765,C1,13,0.130000,0,1,0,0,0,1,0,0,0,0.000,12.981,0.000000,0.000000,0.000000,0.130000,-0.130000
1765,C2,21,0.210000,0,0,0,0,0,0,0,0,0,0.000,0.000,0.000000,0.000000,0.000000,0.210000,-0.210000
1770,A0,25,0.250000,0,6,0,0,0,6,0,0,0,0.000,12.981,0.000000,0.000000,0.000000,0.250000,-0.250000
1770,A1,25,0.250000,0,0,0,1,0,1,0,0,0,0.000,12.981,0.000000,0.000000,0.000000,0.250000,-0.250000
1770,A2,48,0.480000,0,0,0,2,0,2,0,0,0,0.000,12.981,0.000000,0.000000,0.000000,0.480000,-0.480000
1770,B0,29,0.290000,0,2,0,1,0,3,0,0,0,0.000,12.981,0.000000,0.000000,0.000000,0.290000,-0.290000
1770,B1,36,0.360000,0,0,0,0,0,0,0,0,0,0.000,0.000,0.000000,0.000000,0.000000,0.360000,-0.360000
1770,B2,25,0.250000,0,0,0,1,0,1,0,0,0,0.000,12.981,0.000000,0.000000,0.000000,0.250000,-0.250000
1770,C0,49,0.490000,0,1,0,0,0,1,0,0,7,0.000,12.981,0.000000,4.408692,4.408692,4.898692,-4.898692
1770,C1,16,0.160000,0,1,0,0,0,1,0,0,0,0.000,12.981,0.000000,0.000000,0.000000,0.160000,-0.160000
1770,C2,21,0.210000,0,0,0,0,0,0,0,0,0,0.000,0.000,0.000000,0.000000,0.000000,0.210000,-0.210000
1775,A0,25,0.250000,0,7,0,1,0,8,0,0,0,0.000,12.981,0.000000,0.000000,0.000000,0.250000,-0.250000
1775,A1,25,0.250000,0,0,0,1,0,1,0,0,0,0.000,12.981,0.000000,0.000000,0.000000,0.250000,-0.250000
1775,A2,48,0.480000,0,0,0,2,0,2,0,0,0,0.000,12.981,0.000000,0.000000,0.000000,0.480000,-0.480000
1775,B0,29,0.290000,0,2,0,1,0,3,0,0,0,0.000,12.981,0.000000,0.000000,0.000000,0.290000,-0.290000
1775,B1,36,0.360000,0,0,0,0,0,0,0,0,0,0.000,0.000,0.000000,0.000000,0.000000,0.360000,-0.360000
1775,B2,25,0.250000,0,0,0,1,0,1,0,0,0,0.000,12.981,0.000000,0.000000,0.000000,0.250000,-0.250000
1775,C0,49,0.490000,0,1,0,0,0,1,0,0,3,0.000,12.981,0.000000,1.889439,1.889439,2.379439,-2.379439
1775,C1,19,0.190000,0,1,0,0,0,1,0,0,0,0.000,12.981,0.000000,0.000000,0.000000,0.190000,-0.190000
1775,C2,21,0.210000,0,0,0,0,0,0,0,0,0,0.000,0.000,0.000000,0.000000,0.000000,0.210000,-0.210000
1780,A0,25,0.250000,0,8,0,2,0,10,0,0,0,0.000,12.981,0.000000,0.000000,0.000000,0.250000,-0.250000
1780,A1,25,0.250000,0,0,0,1,0,1,0,0,0,0.000,12.981,0.000000,0.000000,0.000000,0.250000,-0.250000
1780,A2,48,0.480000,0,0,0,2,0,2,0,0,0,0.000,12.981,0.000000,0.000000,0.000000,0.480000,-0.480000
1780,B0,29,0.290000,0,2,0,1,0,3,0,0,0,0.000,12.981,0.000000,0.000000,0.000000,0.290000,-0.290000
1780,B1,36,0.360000,0,2,0,0,0,2,0,0,0,0.000,12.981,0.000000,0.000000,0.000000,0.360000,-0.360000
1780,B2,25,0.250000,0,1,0,1,0,2,0,0,0,0.000,12.981,0.000000,0.000000,0.000000,0.250000,-0.250000
1780,C0,49,0.490000,0,2,0,0,0,2,0,0,0,0.000,12.981,0.000000,0.000000,0.000000,0.490000,-0.490000
1780,C1,21,0.210000,0,1,0,0,0,1,0,0,0,0.000,12.981,0.000000,0.000000,0.000000,0.210000,-0.210000
1780,C2,20,0.200000,0,0,0,0,0,0,0,0,0,0.000,0.000,0.000000,0.000000,0.000000,0.200000,-0.200000
1785,A0,25,0.250000,0,9,0,2,0,11,0,0,0,0.000,12.981,0.000000,0.000000,0.000000,0.250000,-0.250000
1785,A1,25,0.250000,0,1,0,1,0,2,0,0,0,0.000,12.981,0.000000,0.000000,0.000000,0.250000,-0.250000
1785,A2,48,0.480000,0,0,0,2,0,2,0,0,0,0.000,12.981,0.000000,0.000000,0.000000,0.480000,-0.480000
1785,B0,29,0.290000,0,2,0,1,0,3,0,0,0,0.000,12.981,0.000000,0.000000,0.000000,0.290000,-0.290000
1785,B1,36,0.360000,0,2,0,0,0,2,0,0,0,0.000,12.981,0.000000,0.000000,0.000000,0.360000,-0.360000
1785,B2,25,0.250000,0,2,0,1,0,3,0,0,0,0.000,12.981,0.000000,0.000000,0.000000,0.250000,-0.250000
1785,C0,49,0.490000,0,5,0,0,0,5,0,0,0,0.000,12.981,0.000000,0.000000,0.000000,0.490000,-0.490000
1785,C1,21,0.210000,0,1,0,0,0,1,0,0,0,0.000,12.981,0.000000,0.000000,0.000000,0.210000,-0.210000
1785,C2,15,0.150000,0,0,0,0,0,0,0,0,0,0.000,0.000,0.000000,0.000000,0.000000,0.150000,-0.150000
1790,A0,25,0.250000,0,10,0,2,0,12,0,0,0,0.000,12.981,0.000000,0.000000,0.000000,0.250000,-0.250000
1790,A1,25,0.250000,0,1,0,2,0,3,0,0,0,0.000,12.981,0.000000,0.000000,0.000000,0.250000,-0.250000
1790,A2,48,0.480000,0,0,0,2,0,2,0,0,0,0.000,12.981,0.000000,0.000000,0.000000,0.480000,-0.480000
1790,B0,29,0.290000,0,2,0,1,0,3,0,0,0,0.000,12.981,0.000000,0.000000,0.000000,0.290000,-0.290000
1790,B1,36,0.360000,0,2,0,0,0,2,0,0,0,0.000,12.981,0.000000,0.000000,0.000000,0.360000,-0.360000
1790,B2,25,0.250000,0,3,0,1,0,4,0,0,0,0.000,12.981,0.000000,0.000000,0.000000,0.250000,-0.250000
1790,C0,49,0.490000,0,5,0,0,0,5,0,0,0,0.000,12.981,0.000000,0.000000,0.000000,0.490000,-0.490000
1790,C1,21,0.210000,0,3,0,2,0,5,0,0,0,0.000,12.981,0.000000,0.000000,0.000000,0.210000,-0.210000
1790,C2,15,0.150000,0,0,0,0,0,0,0,0,0,0.000,0.000,0.000000,0.000000,0.000000,0.150000,-0.150000
1795,A0,25,0.250000,0,0,0,0,0,0,14,0,0,0.000,0.000,0.000000,0.000000,0.000000,0.250000,-0.250000
1795,A1,25,0.250000,0,0,0,0,0,0,4,0,0,0.000,0.000,0.000000,0.000000,0.000000,0.250000,-0.250000
1795,A2,48,0.480000,0,0,0,0,0,0,2,0,0,0.000,0.000,0.000000,0.000000,0.000000,0.480000,-0.480000
1795,B0,29,0.290000,0,0,0,0,0,0,3,0,0,0.000,0.000,0.000000,0.000000,0.000000,0.290000,-0.290000
1795,B1,36,0.360000,0,0,0,0,0,0,2,0,0,0.000,0.000,0.000000,0.000000,0.000000,0.360000,-0.360000
1795,B2,25,0.250000,0,0,0,0,0,0,5,0,0,0.000,0.000,0.000000,0.000000,0.000000,0.250000,-0.250000
1795,C0,49,0.490000,0,0,0,0,0,0,5,0,0,0.000,0.000,0.000000,0.000000,0.000000,0.490000,-0.490000
1795,C1,21,0.210000,0,0,0,0,0,0,5,0,0,0.000,0.000,0.000000,0.000000,0.000000,0.210000,-0.210000
1795,C2,13,0.130000,0,0,0,0,0,0,2,0,0,0.000,0.000,0.000000,0.000000,0.000000,0.130000,-0.130000
1800,A0,25,0.250000,0,0,0,0,0,0,16,0,0,0.000,0.000,0.000000,0.000000,0.000000,0.250000,-0.250000
1800,A1,25,0.250000,0,0,0,0,0,0,4,0,0,0.000,0.000,0.000000,0.000000,0.000000,0.250000,-0.250000
1800,A2,48,0.480000,0,0,0,0,0,0,2,0,0,0.000,0.000,0.000000,0.000000,0.000000,0.480000,-0.480000
1800,B0,29,0.290000,0,0,0,0,0,0,4,0,0,0.000,0.000,0.000000,0.000000,0.000000,0.290000,-0.290000
1800,B1,36,0.360000,0,0,0,0,0,0,2,0,0,0.000,0.000,0.000000,0.000000,0.000000,0.360000,-0.360000
1800,B2,25,0.250000,0,0,0,0,0,0,7,0,0,0.000,0.000,0.000000,0.000000,0.000000,0.250000,-0.250000
1800,C0,49,0.490000,0,0,0,0,0,0,6,0,0,0.000,0.000,0.000000,0.000000,0.000000,0.490000,-0.490000
1800,C1,21,0.210000,0,0,0,0,0,0,7,0,0,0.000,0.000,0.000000,0.000000,0.000000,0.210000,-0.210000
1800,C2,14,0.140000,0,0,0,0,0,0,3,0,0,0.000,0.000,0.000000,0.000000,0.000000,0.140000,-0.140000
1805,A0,50,0.500000,0,0,14,0,14,0,0,0,0,12.981,0.000,0.000000,0.000000,0.000000,0.500000,-0.500000
1805,A1,47,0.470000,0,0,0,0,0,0,0,0,0,0.000,0.000,0.000000,0.000000,0.000000,0.470000,-0.470000
1805,A2,25,0.250000,0,0,0,0,0,0,0,0,0,0.000,0.000,0.000000,0.000000,0.000000,0.250000,-0.250000
1805,B0,25,0.250000,2,0,0,0,2,0,0,0,0,12.981,0.000,0.000000,0.000000,0.000000,0.250000,-0.250000
1805,B1,32,0.320000,0,0,1,0,1,0,0,0,0,12.981,0.000,0.000000,0.000000,0.000000,0.320000,-0.320000
1805,B2,38,0.380000,0,0,0,0,0,0,0,0,0,0.000,0.000,0.000000,0.000000,0.000000,0.380000,-0.380000
1805,C0,25,0.250000,0,0,0,0,0,0,0,0,0,0.000,0.000,0.000000,0.000000,0.000000,0.250000,-0.250000
1805,C1,48,0.480000,0,0,0,0,0,0,0,0,0,0.000,0.000,0.000000,0.000000,0.000000,0.480000,-0.480000
1805,C2,25,0.250000,1,0,0,0,1,0,0,12,0,12.981,0.000,7.557757,0.000000,7.557757,7.807757,-7.807757
1810,A0,50,0.500000,2,0,15,0,17,0,0,0,0,12.981,0.000,0.000000,0.000000,0.000000,0.500000,-0.500000
1810,A1,47,0.470000,0,0,1,0,1,0,0,0,0,12.981,0.000,0.000000,0.000000,0.000000,0.470000,-0.470000
1810,A2,25,0.250000,0,0,2,0,2,0,0,0,0,12.981,0.000,0.000000,0.000000,0.000000,0.250000,-0.250000
1810,B0,25,0.250000,3,0,0,0,3,0,0,0,0,12.981,0.000,0.000000,0.000000,0.000000,0.250000,-0.250000
1810,B1,32,0.320000,0,0,1,0,1,0,0,0,0,12.981,0.000,0.000000,0.000000,0.000000,0.320000,-0.320000
1810,B2,31,0.310000,0,0,0,0,0,0,0,0,0,0.000,0.000,0.000000,0.000000,0.000000,0.310000,-0.310000
1810,C0,25,0.250000,1,0,0,0,1,0,0,0,0,12.981,0.000,0.000000,0.000000,0.000000,0.250000,-0.250000
1810,C1,48,0.480000,1,0,0,0,1,0,0,0,0,12.981,0.000,0.000000,0.000000,0.000000,0.480000,-0.480000
1810,C2,25,0.250000,1,0,0,0,1,0,0,13,0,12.981,0.000,8.187570,0.000000,8.187570,8.437570,-8.437570
1815,A0,50,0.500000,2,0,16,0,18,0,0,0,0,12.981,0.000,0.000000,0.000000,0.000000,0.500000,-0.500000
1815,A1,44,0.440000,0,0,1,0,1,0,0,0,0,12.981,0.000,0.000000,0.000000,0.000000,0.440000,-0.440000
1815,A2,25,0.250000,0,0,2,0,2,0,0,0,0,12.981,0.000,0.000000,0.000000,0.000000,0.250000,-0.250000
1815,B0,25,0.250000,3,0,1,0,4,0,0,0,0,12.981,0.000,0.000000,0.000000,0.000000,0.250000,-0.250000
1815,B1,32,0.320000,1,0,1,0,2,0,0,0,0,12.981,0.000,0.000000,0.000000,0.000000,0.320000,-0.320000
1815,B2,27,0.270000,0,0,0,0,0,0,0,0,0,0.000,0.000,0.000000,0.000000,0.000000,0.270000,-0.270000
1815,C0,25,0.250000,3,0,0,0,3,0,0,0,0,12.981,0.000,0.000000,0.000000,0.000000,0.250000,-0.250000
1815,C1,48,0.480000,0,0,1,0,1,0,0,0,0,12.981,0.000,0.000000,0.000000,0.000000,0.480000,-0.480000
1815,C2,25,0.250000,1,0,0,0,1,0,0,9,0,12.981,0.000,5.668318,0.000000,5.668318,5.918318,-5.918318
1820,A0,50,0.500000,2,0,16,0,18,0,0,0,0,12.981,0.000,0.000000,0.000000,0.000000,0.500000,-0.500000
1820,A1,41,0.410000,0,0,1,0,1,0,0,0,0,12.981,0.000,0.000000,0.000000,0.000000,0.410000,-0.410000
1820,A2,22,0.220000,0,0,2,0,2,0,0,0,0,12.981,0.000,0.000000,0.000000,0.000000,0.220000,-0.220000
1820,B0,25,0.250000,5,0,1,0,6,0,0,0,0,12.981,0.000,0.000000,0.000000,0.000000,0.250000,-0.250000
1820,B1,32,0.320000,1,0,1,0,2,0,0,0,0,12.981,0.000,0.000000,0.000000,0.000000,0.320000,-0.320000
1820,B2,27,0.270000,0,0,0,0,0,0,0,0,0,0.000,0.000,0.000000,0.000000,0.000000,0.270000,-0.270000
1820,C0,25,0.250000,3,0,0,0,3,0,0,0,0,12.981,0.000,0.000000,0.000000,0.000000,0.250000,-0.250000
1820,C1,48,0.480000,0,0,2,0,2,0,0,0,0,12.981,0.000,0.000000,0.000000,0.000000,0.480000,-0.480000
1820,C2,25,0.250000,1,0,0,0,1,0,0,13,0,12.981,0.000,8.187570,0.000000,8.187570,8.437570,-8.437570
1825,A0,50,0.500000,2,0,16,0,18,0,0,0,0,12.981,0.000,0.000000,0.000000,0.000000,0.500000,-0.500000
1825,A1,41,0.410000,0,0,1,0,1,0,0,0,0,12.981,0.000,0.000000,0.000000,0.000000,0.410000,-0.410000
1825,A2,18,0.180000,0,0,2,0,2,0,0,2,0,12.981,0.000,1.259626,0.000000,1.259626,1.439626,-1.439626
1825,B0,25,0.250000,5,0,1,0,6,0,0,0,0,12.981,0.000,0.000000,0.000000,0.000000,0.250000,-0.250000
1825,B1,32,0.320000,1,0,1,0,2,0,0,0,0,12.981,0.000,0.000000,0.000000,0.000000,0.320000,-0.320000
1825,B2,30,0.300000,0,0,0,0,0,0,0,0,0,0.000,0.000,0.000000,0.000000,0.000000,0.300000,-0.300000
1825,C0,25,0.250000,3,0,0,0,3,0,0,0,0,12.981,0.000,0.000000,0.000000,0.000000,0.250000,-0.250000
1825,C1,48,0.480000,0,0,2,0,2,0,0,0,0,12.981,0.000,0.000000,0.000000,0.000000,0.480000,-0.480000
1825,C2,25,0.250000,1,0,0,0,1,0,0,16,0,12.981,0.000,10.077009,0.000000,10.077009,10.327009,-10.327009
1830,A0,50,0.500000,3,0,16,0,19,0,0,0,0,12.981,0.000,0.000000,0.000000,0.000000,0.500000,-0.500000
1830,A1,42,0.420000,0,0,1,0,1,0,0,2,0,12.981,0.000,1.259626,0.000000,1.259626,1.679626,-1.679626
1830,A2,17,0.170000,0,0,3,0,3,0,0,5,0,12.981,0.000,3.149065,0.000000,3.149065,3.319065,-3.319065
1830,B0,25,0.250000,5,0,1,0,6,0,0,0,0,12.981,0.000,0.000000,0.000000,0.000000,0.250000,-0.250000
1830,B1,32,0.320000,1,0,1,0,2,0,0,0,0,12.981,0.000,0.000000,0.000000,0.000000,0.320000,-0.320000
1830,B2,32,0.320000,1,0,1,0,2,0,0,0,0,12.981,0.000,0.000000,0.000000,0.000000,0.320000,-0.320000
1830,C0,25,0.250000,3,0,0,0,3,0,0,0,0,12.981,0.000,0.000000,0.000000,0.000000,0.250000,-0.250000
1830,C1,48,0.480000,0,0,2,0,2,0,0,0,0,12.981,0.000,0.000000,0.000000,0.000000,0.480000,-0.480000
1830,C2,25,0.250000,1,0,1,0,2,0,0,15,0,12.981,0.000,9.447196,0.000000,9.447196,9.697196,-9.697196
1835,A0,50,0.500000,3,0,16,0,19,0,0,0,0,12.981,0.000,0.000000,0.000000,0.000000,0.500000,-0.500000
1835,A1,40,0.400000,0,0,1,0,1,0,0,2,0,12.981,0.000,1.259626,0.000000,1.259626,1.659626,-1.659626
1835,A2,16,0.160000,0,0,3,0,3,0,0,8,0,12.981,0.000,5.038505,0.000000,5.038505,5.198505,-5.198505
1835,B0,25,0.250000,6,0,1,0,7,0,0,0,0,12.981,0.000,0.000000,0.000000,0.000000,0.250000,-0.250000
1835,B1,32,0.320000,1,0,1,0,2,0,0,0,0,12.981,0.000,0.000000,0.000000,0.000000,0.320000,-0.320000
1835,B2,40,0.400000,1,0,1,0,2,0,0,0,0,12.981,0.000,0.000000,0.000000,0.000000,0.400000,-0.400000
1835,C0,25,0.250000,3,0,0,0,3,0,0,0,0,12.981,0.000,0.000000,0.000000,0.000000,0.250000,-0.250000
1835,C1,48,0.480000,0,0,2,0,2,0,0,0,0,12.981,0.000,0.000000,0.000000,0.000000,0.480000,-0.480000
1835,C2,25,0.250000,1,0,1,0,2,0,0,13,0,12.981,0.000,8.187570,0.000000,8.187570,8.437570,-8.437570
1840,A0,50,0.500000,0,0,0,0,0,0,21,0,0,0.000,0.000,0.000000,0.000000,0.000000,0.500000,-0.500000
1840,A1,39,0.390000,0,0,0,0,0,0,2,0,0,0.000,0.000,0.000000,0.000000,0.000000,0.390000,-0.390000
1840,A2,15,0.150000,0,0,0,0,0,0,4,0,0,0.000,0.000,0.000000,0.000000,0.000000,0.150000,-0.150000
1840,B0,25,0.250000,0,0,0,0,0,0,7,0,0,0.000,0.000,0.000000,0.000000,0.000000,0.250000,-0.250000
1840,B1,32,0.320000,0,0,0,0,0,0,2,0,0,0.000,0.000,0.000000,0.000000,0.000000,0.320000,-0.320000
1840,B2,44,0.440000,0,0,0,0,0,0,3,0,0,0.000,0.000,0.000000,0.000000,0.000000,0.440000,-0.440000
1840,C0,25,0.250000,0,0,0,0,0,0,3,0,0,0.000,0.000,0.000000,0.000000,0.000000,0.250000,-0.250000
1840,C1,48,0.480000,0,0,0,0,0,0,2,0,0,0.000,0.000,0.000000,0.000000,0.000000,0.480000,-0.480000
1840,C2,25,0.250000,0,0,0,0,0,0,2,0,0,0.000,0.000,0.000000,0.000000,0.000000,0.250000,-0.250000
1845,A0,50,0.500000,0,0,0,0,0,0,22,0,0,0.000,0.000,0.000000,0.000000,0.000000,0.500000,-0.500000
1845,A1,42,0.420000,0,0,0,0,0,0,3,0,0,0.000,0.000,0.000000,0.000000,0.000000,0.420000,-0.420000
1845,A2,14,0.140000,0,0,0,0,0,0,5,0,0,0.000,0.000,0.000000,0.000000,0.000000,0.140000,-0.140000
1845,B0,25,0.250000,0,0,0,0,0,0,9,0,0,0.000,0.000,0.000000,0.000000,0.000000,0.250000,-0.250000
1845,B1,32,0.320000,0,0,0,0,0,0,2,0,0,0.000,0.000,0.000000,0.000000,0.000000,0.320000,-0.320000
1845,B2,47,0.470000,0,0,0,0,0,0,4,0,0,0.000,0.000,0.000000,0.000000,0.000000,0.470000,-0.470000
1845,C0,25,0.250000,0,0,0,0,0,0,3,0,0,0.000,0.000,0.000000,0.000000,0.000000,0.250000,-0.250000
1845,C1,48,0.480000,0,0,0,0,0,0,2,0,0,0.000,0.000,0.000000,0.000000,0.000000,0.480000,-0.480000
1845,C2,25,0.250000,0,0,0,0,0,0,2,0,0,0.000,0.000,0.000000,0.000000,0.000000,0.250000,-0.250000
1850,A0,25,0.250000,0,13,0,0,0,13,0,0,0,0.000,12.981,0.000000,0.000000,0.000000,0.250000,-0.250000
1850,A1,26,0.260000,0,0,0,1,0,1,0,0,6,0.000,12.981,0.000000,3.778879,3.778879,4.038879,-4.038879
1850,A2,27,0.270000,0,0,0,1,0,1,0,0,6,0.000,12.981,0.000000,3.778879,3.778879,4.048879,-4.048879
1850,B0,29,0.290000,0,1,0,2,0,3,0,0,0,0.000,12.981,0.000000,0.000000,0.000000,0.290000,-0.290000
1850,B1,20,0.200000,0,0,0,0,0,0,0,0,0,0.000,0.000,0.000000,0.000000,0.000000,0.200000,-0.200000
1850,B2,25,0.250000,0,1,0,0,0,1,0,0,4,0.000,12.981,0.000000,2.519252,2.519252,2.769252,-2.769252
1850,C0,49,0.490000,0,0,0,0,0,0,0,0,0,0.000,0.000,0.000000,0.000000,0.000000,0.490000,-0.490000
1850,C1,23,0.230000,0,1,0,0,0,1,0,0,0,0.000,12.981,0.000000,0.000000,0.000000,0.230000,-0.230000
1850,C2,17,0.170000,0,0,0,0,0,0,0,0,0,0.000,0.000,0.000000,0.000000,0.000000,0.170000,-0.170000
1855,A0,25,0.250000,0,14,0,0,0,14,0,0,0,0.000,12.981,0.000000,0.000000,0.000000,0.250000,-0.250000
1855,A1,26,0.260000,0,0,0,3,0,3,0,0,6,0.000,12.981,0.000000,3.778879,3.778879,4.038879,-4.038879
1855,A2,31,0.310000,0,0,0,1,0,1,0,0,2,0.000,12.981,0.000000,1.259626,1.259626,1.569626,-1.569626
1855,B0,29,0.290000,0,2,0,2,0,4,0,0,0,0.000,12.981,0.000000,0.000000,0.000000,0.290000,-0.290000
1855,B1,23,0.230000,0,0,0,0,0,0,0,0,0,0.000,0.000,0.000000,0.000000,0.000000,0.230000,-0.230000
1855,B2,25,0.250000,0,1,0,0,0,1,0,0,8,0.000,12.981,0.000000,5.038505,5.038505,5.288505,-5.288505
1855,C0,49,0.490000,0,1,0,0,0,1,0,0,0,0.000,12.981,0.000000,0.000000,0.000000,0.490000,-0.490000
1855,C1,23,0.230000,0,1,0,0,0,1,0,0,0,0.000,12.981,0.000000,0.000000,0.000000,0.230000,-0.230000
1855,C2,20,0.200000,0,0,0,0,0,0,0,0,0,0.000,0.000,0.000000,0.000000,0.000000,0.200000,-0.200000
1860,A0,26,0.260000,0,14,0,0,0,14,0,0,0,0.000,12.981,0.000000,0.000000,0.000000,0.260000,-0.260000
1860,A1,26,0.260000,0,0,0,3,0,3,0,0,6,0.000,12.981,0.000000,3.778879,3.778879,4.038879,-4.038879
1860,A2,33,0.330000,0,0,0,2,0,2,0,0,2,0.000,12.981,0.000000,1.259626,1.259626,1.589626,-1.589626
1860,B0,29,0.290000,0,3,0,2,0,5,0,0,0,0.000,12.981,0.000000,0.000000,0.000000,0.290000,-0.290000
1860,B1,25,0.250000,0,0,0,0,0,0,0,0,0,0.000,0.000,0.000000,0.000000,0.000000,0.250000,-0.250000
1860,B2,25,0.250000,0,2,0,0,0,2,0,0,11,0.000,12.981,0.000000,6.927944,6.927944,7.177944,-7.177944
1860,C0,49,0.490000,0,1,0,0,0,1,0,0,0,0.000,12.981,0.000000,0.000000,0.000000,0.490000,-0.490000
1860,C1,23,0.230000,0,1,0,0,0,1,0,0,0,0.000,12.981,0.000000,0.000000,0.000000,0.230000,-0.230000
1860,C2,22,0.220000,0,0,0,0,0,0,0,0,0,0.000,0.000,0.000000,0.000000,0.000000,0.220000,-0.220000
1865,A0,26,0.260000,0,14,0,0,0,14,0,0,0,0.000,12.981,0.000000,0.000000,0.000000,0.260000,-0.260000
1865,A1,22,0.220000,0,0,0,3,0,3,0,0,6,0.000,12.981,0.000000,3.778879,3.778879,3.998879,-3.998879
1865,A2,38,0.380000,0,0,0,2,0,2,0,0,2,0.000,12.981,0.000000,1.259626,1.259626,1.639626,-1.639626
1865,B0,29,0.290000,0,4,0,2,0,6,0,0,0,0.000,12.981,0.000000,0.000000,0.000000,0.290000,-0.290000
1865,B1,25,0.250000,0,0,0,0,0,0,0,0,0,0.000,0.000,0.000000,0.000000,0.000000,0.250000,-0.250000
1865,B2,25,0.250000,0,3,0,0,0,3,0,0,13,0.000,12.981,0.000000,8.187570,8.187570,8.437570,-8.437570
1865,C0,49,0.490000,0,1,0,0,0,1,0,0,0,0.000,12.981,0.000000,0.000000,0.000000,0.490000,-0.490000
1865,C1,23,0.230000,0,1,0,1,0,2,0,0,0,0.000,12.981,0.000000,0.000000,0.000000,0.230000,-0.230000
1865,C2,22,0.220000,0,0,0,0,0,0,0,0,0,0.000,0.000,0.000000,0.000000,0.000000,0.220000,-0.220000
1870,A0,26,0.260000,0,14,0,0,0,14,0,0,0,0.000,12.981,0.000000,0.000000,0.000000,0.260000,-0.260000
1870,A1,19,0.190000,0,0,0,3,0,3,0,0,9,0.000,12.981,0.000000,5.668318,5.668318,5.858318,-5.858318
1870,A2,44,0.440000,0,0,0,2,0,2,0,0,2,0.000,12.981,0.000000,1.259626,1.259626,1.699626,-1.699626
1870,B0,29,0.290000,0,4,0,2,0,6,0,0,0,0.000,12.981,0.000000,0.000000,0.000000,0.290000,-0.290000
1870,B1,28,0.280000,0,0,0,0,0,0,0,0,0,0.000,0.000,0.000000,0.000000,0.000000,0.280000,-0.280000
1870,B2,25,0.250000,0,3,0,0,0,3,0,0,17,0.000,12.981,0.000000,10.706822,10.706822,10.956822,-10.956822
1870,C0,49,0.490000,0,1,0,0,0,1,0,0,0,0.000,12.981,0.000000,0.000000,0.000000,0.490000,-0.490000
1870,C1,23,0.230000,0,1,0,2,0,3,0,0,0,0.000,12.981,0.000000,0.000000,0.000000,0.230000,-0.230000
1870,C2,22,0.220000,0,1,0,0,0,1,0,0,0,0.000,12.981,0.000000,0.000000,0.000000,0.220000,-0.220000
1875,A0,26,0.260000,0,14,0,0,0,14,0,0,0,0.000,12.981,0.000000,0.000000,0.000000,0.260000,-0.260000
1875,A1,19,0.190000,0,0,0,3,0,3,0,0,9,0.000,12.981,0.000000,5.668318,5.668318,5.858318,-5.858318
1875,A2,46,0.460000,0,0,0,2,0,2,0,0,1,0.000,12.981,0.000000,0.629813,0.629813,1.089813,-1.089813
1875,B0,29,0.290000,0,5,0,2,0,7,0,0,0,0.000,12.981,0.000000,0.000000,0.000000,0.290000,-0.290000
1875,B1,31,0.310000,0,0,0,0,0,0,0,0,0,0.000,0.000,0.000000,0.000000,0.000000,0.310000,-0.310000
1875,B2,21,0.210000,0,3,0,0,0,3,0,0,17,0.000,12.981,0.000000,10.706822,10.706822,10.916822,-10.916822
1875,C0,49,0.490000,0,1,0,0,0,1,0,0,0,0.000,12.981,0.000000,0.000000,0.000000,0.490000,-0.490000
1875,C1,23,0.230000,0,2,0,2,0,4,0,0,0,0.000,12.981,0.000000,0.000000,0.000000,0.230000,-0.230000
1875,C2,22,0.220000,0,1,0,1,0,2,0,0,2,0.000,12.981,0.000000,1.259626,1.259626,1.479626,-1.479626
1880,A0,26,0.260000,0,15,0,0,0,15,0,0,0,0.000,12.981,0.000000,0.000000,0.000000,0.260000,-0.260000
1880,A1,17,0.170000,0,0,0,3,0,3,0,0,6,0.000,12.981,0.000000,3.778879,3.778879,3.948879,-3.948879
1880,A2,48,0.480000,0,0,0,2,0,2,0,0,0,0.000,12.981,0.000000,0.000000,0.000000,0.480000,-0.480000
1880,B0,29,0.290000,0,5,0,2,0,7,0,0,0,0.000,12.981,0.000000,0.000000,0.000000,0.290000,-0.290000
1880,B1,34,0.340000,0,1,0,0,0,1,0,0,0,0.000,12.981,0.000000,0.000000,0.000000,0.340000,-0.340000
1880,B2,18,0.180000,0,3,0,0,0,3,0,0,18,0.000,12.981,0.000000,11.336636,11.336636,11.516636,-11.516636
1880,C0,49,0.490000,0,1,0,0,0,1,0,0,0,0.000,12.981,0.000000,0.000000,0.000000,0.490000,-0.490000
1880,C1,23,0.230000,0,2,0,2,0,4,0,0,0,0.000,12.981,0.000000,0.000000,0.000000,0.230000,-0.230000
1880,C2,22,0.220000,0,1,0,2,0,3,0,0,6,0.000,12.981,0.000000,3.778879,3.778879,3.998879,-3.998879
1885,A0,26,0.260000,0,0,0,0,0,0,15,0,0,0.000,0.000,0.000000,0.000000,0.000000,0.260000,-0.260000
1885,A1,17,0.170000,0,0,0,0,0,0,3,0,0,0.000,0.000,0.000000,0.000000,0.000000,0.170000,-0.170000
1885,A2,48,0.480000,0,0,0,0,0,0,2,0,0,0.000,0.000,0.000000,0.000000,0.000000,0.480000,-0.480000
1885,B0,29,0.290000,0,0,0,0,0,0,7,0,0,0.000,0.000,0.000000,0.000000,0.000000,0.290000,-0.290000
1885,B1,34,0.340000,0,0,0,0,0,0,2,0,0,0.000,0.000,0.000000,0.000000,0.000000,0.340000,-0.340000
1885,B2,17,0.170000,0,0,0,0,0,0,3,0,0,0.000,0.000,0.000000,0.000000,0.000000,0.170000,-0.170000
1885,C0,49,0.490000,0,0,0,0,0,0,1,0,0,0.000,0.000,0.000000,0.000000,0.000000,0.490000,-0.490000
1885,C1,23,0.230000,0,0,0,0,0,0,5,0,0,0.000,0.000,0.000000,0.000000,0.000000,0.230000,-0.230000
1885,C2,22,0.220000,0,0,0,0,0,0,4,0,0,0.000,0.000,0.000000,0.000000,0.000000,0.220000,-0.220000
1890,A0,26,0.260000,0,0,0,0,0,0,15,0,0,0.000,0.000,0.000000,0.000000,0.000000,0.260000,-0.260000
1890,A1,17,0.170000,0,0,0,0,0,0,3,0,0,0.000,0.000,0.000000,0.000000,0.000000,0.170000,-0.170000
1890,A2,48,0.480000,0,0,0,0,0,0,3,0,0,0.000,0.000,0.000000,0.000000,0.000000,0.480000,-0.480000
1890,B0,29,0.290000,0,0,0,0,0,0,8,0,0,0.000,0.000,0.000000,0.000000,0.000000,0.290000,-0.290000
1890,B1,34,0.340000,0,0,0,0,0,0,3,0,0,0.000,0.000,0.000000,0.000000,0.000000,0.340000,-0.340000
1890,B2,16,0.160000,0,0,0,0,0,0,3,0,0,0.000,0.000,0.000000,0.000000,0.000000,0.160000,-0.160000
1890,C0,49,0.490000,0,0,0,0,0,0,1,0,0,0.000,0.000,0.000000,0.000000,0.000000,0.490000,-0.490000
1890,C1,23,0.230000,0,0,0,0,0,0,6,0,0,0.000,0.000,0.000000,0.000000,0.000000,0.230000,-0.230000
1890,C2,22,0.220000,0,0,0,0,0,0,4,0,0,0.000,0.000,0.000000,0.000000,0.000000,0.220000,-0.220000
1895,A0,40,0.400000,0,0,0,0,0,0,0,0,0,0.000,0.000,0.000000,0.000000,0.000000,0.400000,-0.400000
1895,A1,47,0.470000,0,0,0,0,0,0,0,0,0,0.000,0.000,0.000000,0.000000,0.000000,0.470000,-0.470000
1895,A2,25,0.250000,0,0,0,0,0,0,0,0,0,0.000,0.000,0.000000,0.000000,0.000000,0.250000,-0.250000
1895,B0,25,0.250000,2,0,1,0,3,0,0,1,0,12.981,0.000,0.629813,0.000000,0.629813,0.879813,-0.879813
1895,B1,32,0.320000,0,0,0,0,0,0,0,0,0,0.000,0.000,0.000000,0.000000,0.000000,0.320000,-0.320000
1895,B2,26,0.260000,0,0,0,0,0,0,0,0,0,0.000,0.000,0.000000,0.000000,0.000000,0.260000,-0.260000
1895,C0,25,0.250000,0,0,0,0,0,0,0,0,0,0.000,0.000,0.000000,0.000000,0.000000,0.250000,-0.250000
1895,C1,48,0.480000,0,0,0,0,0,0,0,0,0,0.000,0.000,0.000000,0.000000,0.000000,0.480000,-0.480000
1895,C2,15,0.150000,0,0,0,0,0,0,0,0,0,0.000,0.000,0.000000,0.000000,0.000000,0.150000,-0.150000
1900,A0,38,0.380000,0,0,1,0,1,0,0,1,0,12.981,0.000,0.629813,0.000000,0.629813,1.009813,-1.009813
1900,A1,47,0.470000,0,0,0,0,0,0,0,0,0,0.000,0.000,0.000000,0.000000,0.000000,0.470000,-0.470000
1900,A2,25,0.250000,0,0,0,0,0,0,0,0,0,0.000,0.000,0.000000,0.000000,0.000000,0.250000,-0.250000
1900,B0,25,0.250000,2,0,1,0,3,0,0,4,0,12.981,0.000,2.519252,0.000000,2.519252,2.769252,-2.769252
1900,B1,29,0.290000,2,0,0,0,2,0,0,6,0,12.981,0.000,3.778879,0.000000,3.778879,4.068879,-4.068879
1900,B2,29,0.290000,0,0,0,0,0,0,0,0,0,0.000,0.000,0.000000,0.000000,0.000000,0.290000,-0.290000
1900,C0,25,0.250000,0,0,0,0,0,0,0,0,0,0.000,0.000,0.000000,0.000000,0.000000,0.250000,-0.250000
1900,C1,48,0.480000,0,0,1,0,1,0,0,0,0,12.981,0.000,0.000000,0.000000,0.000000,0.480000,-0.480000
1900,C2,14,0.140000,0,0,0,0,0,0,0,0,0,0.000,0.000,0.000000,0.000000,0.000000,0.140000,-0.140000
1905,A0,36,0.360000,3,0,1,0,4,0,0,1,0,12.981,0.000,0.629813,0.000000,0.629813,0.989813,-0.989813
1905,A1,47,0.470000,0,0,0,0,0,0,0,0,0,0.000,0.000,0.000000,0.000000,0.000000,0.470000,-0.470000
1905,A2,26,0.260000,0,0,0,0,0,0,0,0,0,0.000,0.000,0.000000,0.000000,0.000000,0.260000,-0.260000
1905,B0,25,0.250000,2,0,2,0,4,0,0,6,0,12.981,0.000,3.778879,0.000000,3.778879,4.028879,-4.028879
1905,B1,25,0.250000,2,0,0,0,2,0,0,8,0,12.981,0.000,5.038505,0.000000,5.038505,5.288505,-5.288505
1905,B2,32,0.320000,0,0,0,0,0,0,0,0,0,0.000,0.000,0.000000,0.000000,0.000000,0.320000,-0.320000
1905,C0,25,0.250000,0,0,0,0,0,0,0,0,0,0.000,0.000,0.000000,0.000000,0.000000,0.250000,-0.250000
1905,C1,48,0.480000,1,0,0,0,1,0,0,0,0,12.981,0.000,0.000000,0.000000,0.000000,0.480000,-0.480000
1905,C2,17,0.170000,0,0,0,0,0,0,0,0,0,0.000,0.000,0.000000,0.000000,0.000000,0.170000,-0.170000
1910,A0,34,0.340000,4,0,1,0,5,0,0,1,0,12.981,0.000,0.629813,0.000000,0.629813,0.969813,-0.969813
1910,A1,47,0.470000,0,0,0,0,0,0,0,0,0,0.000,0.000,0.000000,0.000000,0.000000,0.470000,-0.470000
1910,A2,27,0.270000,0,0,0,0,0,0,0,0,0,0.000,0.000,0.000000,0.000000,0.000000,0.270000,-0.270000
1910,B0,25,0.250000,2,0,2,0,4,0,0,5,0,12.981,0.000,3.149065,0.000000,3.149065,3.399065,-3.399065
1910,B1,25,0.250000,2,0,0,0,2,0,0,10,0,12.981,0.000,6.298131,0.000000,6.298131,6.548131,-6.548131
1910,B2,36,0.360000,1,0,0,0,1,0,0,3,0,12.981,0.000,1.889439,0.000000,1.889439,2.249439,-2.249439
1910,C0,25,0.250000,0,0,0,0,0,0,0,0,0,0.000,0.000,0.000000,0.000000,0.000000,0.250000,-0.250000
1910,C1,48,0.480000,1,0,0,0,1,0,0,0,0,12.981,0.000,0.000000,0.000000,0.000000,0.480000,-0.480000
1910,C2,21,0.210000,0,0,0,0,0,0,0,0,0,0.000,0.000,0.000000,0.000000,0.000000,0.210000,-0.210000
1915,A0,34,0.340000,3,0,3,0,6,0,0,0,0,12.981,0.000,0.000000,0.000000,0.000000,0.340000,-0.340000
1915,A1,47,0.470000,0,0,0,0,0,0,0,0,0,0.000,0.000,0.000000,0.000000,0.000000,0.470000,-0.470000
1915,A2,27,0.270000,0,0,0,0,0,0,0,0,0,0.000,0.000,0.000000,0.000000,0.000000,0.270000,-0.270000
1915,B0,25,0.250000,3,0,2,0,5,0,0,3,0,12.981,0.000,1.889439,0.000000,1.889439,2.139439,-2.139439
1915,B1,23,0.230000,2,0,0,0,2,0,0,11,0,12.981,0.000,6.927944,0.000000,6.927944,7.157944,-7.157944
1915,B2,39,0.390000,1,0,0,0,1,0,0,0,0,12.981,0.000,0.000000,0.000000,0.000000,0.390000,-0.390000
1915,C0,25,0.250000,0,0,0,0,0,0,0,0,0,0.000,0.000,0.000000,0.000000,0.000000,0.250000,-0.250000
1915,C1,48,0.480000,1,0,0,0,1,0,0,0,0,12.981,0.000,0.000000,0.000000,0.000000,0.480000,-0.480000
1915,C2,25,0.250000,0,0,0,0,0,0,0,0,0,0.000,0.000,0.000000,0.000000,0.000000,0.250000,-0.250000
1920,A0,38,0.380000,3,0,3,0,6,0,0,0,0,12.981,0.000,0.000000,0.000000,0.000000,0.380000,-0.380000
1920,A1,47,0.470000,0,0,0,0,0,0,0,0,0,0.000,0.000,0.000000,0.000000,0.000000,0.470000,-0.470000
1920,A2,27,0.270000,0,0,0,0,0,0,0,0,0,0.000,0.000,0.000000,0.000000,0.000000,0.270000,-0.270000
1920,B0,24,0.240000,3,0,2,0,5,0,0,0,0,12.981,0.000,0.000000,0.000000,0.000000,0.240000,-0.240000
1920,B1,23,0.230000,3,0,0,0,3,0,0,8,0,12.981,0.000,5.038505,0.000000,5.038505,5.268505,-5.268505
1920,B2,41,0.410000,1,0,0,0,1,0,0,1,0,12.981,0.000,0.629813,0.000000,0.629813,1.039813,-1.039813
1920,C0,25,0.250000,2,0,2,0,4,0,0,0,0,12.981,0.000,0.000000,0.000000,0.000000,0.250000,-0.250000
1920,C1,48,0.480000,1,0,0,0,1,0,0,0,0,12.981,0.000,0.000000,0.000000,0.000000,0.480000,-0.480000
1920,C2,25,0.250000,1,0,0,0,1,0,0,0,0,12.981,0.000,0.000000,0.000000,0.000000,0.250000,-0.250000
1925,A0,42,0.420000,4,0,3,0,7,0,0,0,0,12.981,0.000,0.000000,0.000000,0.000000,0.420000,-0.420000
1925,A1,47,0.470000,0,0,0,0,0,0,0,0,0,0.000,0.000,0.000000,0.000000,0.000000,0.470000,-0.470000
1925,A2,27,0.270000,0,0,0,0,0,0,0,0,0,0.000,0.000,0.000000,0.000000,0.000000,0.270000,-0.270000
1925,B0,24,0.240000,3,0,2,0,5,0,0,0,0,12.981,0.000,0.000000,0.000000,0.000000,0.240000,-0.240000
1925,B1,23,0.230000,3,0,0,0,3,0,0,6,0,12.981,0.000,3.778879,0.000000,3.778879,4.008879,-4.008879
1925,B2,41,0.410000,1,0,0,0,1,0,0,4,0,12.981,0.000,2.519252,0.000000,2.519252,2.929252,-2.929252
1925,C0,25,0.250000,3,0,2,0,5,0,0,0,0,12.981,0.000,0.000000,0.000000,0.000000,0.250000,-0.250000
1925,C1,48,0.480000,1,0,0,0,1,0,0,1,0,12.981,0.000,0.629813,0.000000,0.629813,1.109813,-1.109813
1925,C2,25,0.250000,3,0,0,0,3,0,0,0,0,12.981,0.000,0.000000,0.000000,0.000000,0.250000,-0.250000
1930,A0,48,0.480000,0,0,0,0,0,0,7,0,0,0.000,0.000,0.000000,0.000000,0.000000,0.480000,-0.480000
1930,A1,47,0.470000,0,0,0,0,0,0,2,0,0,0.000,0.000,0.000000,0.000000,0.000000,0.470000,-0.470000
1930,A2,27,0.270000,0,0,0,0,0,0,0,0,0,0.000,0.000,0.000000,0.000000,0.000000,0.270000,-0.270000
1930,B0,24,0.240000,0,0,0,0,0,0,4,0,0,0.000,0.000,0.000000,0.000000,0.000000,0.240000,-0.240000
1930,B1,26,0.260000,0,0,0,0,0,0,3,0,0,0.000,0.000,0.000000,0.000000,0.000000,0.260000,-0.260000
1930,B2,41,0.410000,0,0,0,0,0,0,2,0,0,0.000,0.000,0.000000,0.000000,0.000000,0.410000,-0.410000
1930,C0,25,0.250000,0,0,0,0,0,0,8,0,0,0.000,0.000,0.000000,0.000000,0.000000,0.250000,-0.250000
1930,C1,48,0.480000,0,0,0,0,0,0,2,0,0,0.000,0.000,0.000000,0.000000,0.000000,0.480000,-0.480000
1930,C2,25,0.250000,0,0,0,0,0,0,4,0,0,0.000,0.000,0.000000,0.000000,0.000000,0.250000,-0.250000
1935,A0,49,0.490000,0,0,0,0,0,0,7,0,0,0.000,0.000,0.000000,0.000000,0.000000,0.490000,-0.490000
1935,A1,47,0.470000,0,0,0,0,0,0,2,0,0,0.000,0.000,0.000000,0.000000,0.000000,0.470000,-0.470000
1935,A2,27,0.270000,0,0,0,0,0,0,2,0,0,0.000,0.000,0.000000,0.000000,0.000000,0.270000,-0.270000
1935,B0,24,0.240000,0,0,0,0,0,0,4,0,0,0.000,0.000,0.000000,0.000000,0.000000,0.240000,-0.240000
1935,B1,30,0.300000,0,0,0,0,0,0,3,0,0,0.000,0.000,0.000000,0.000000,0.000000,0.300000,-0.300000
1935,B2,41,0.410000,0,0,0,0,0,0,2,0,0,0.000,0.000,0.000000,0.000000,0.000000,0.410000,-0.410000
1935,C0,25,0.250000,0,0,0,0,0,0,9,0,0,0.000,0.000,0.000000,0.000000,0.000000,0.250000,-0.250000
1935,C1,48,0.480000,0,0,0,0,0,0,2,0,0,0.000,0.000,0.000000,0.000000,0.000000,0.480000,-0.480000
1935,C2,25,0.250000,0,0,0,0,0,0,6,0,0,0.000,0.000,0.000000,0.000000,0.000000,0.250000,-0.250000
1940,A0,18,0.180000,0,0,0,0,0,0,0,0,0,0.000,0.000,0.000000,0.000000,0.000000,0.180000,-0.180000
1940,A1,24,0.240000,0,0,0,0,0,0,0,0,0,0.000,0.000,0.000000,0.000000,0.000000,0.240000,-0.240000
1940,A2,48,0.480000,0,0,0,1,0,1,0,0,2,0.000,12.981,0.000000,1.259626,1.259626,1.739626,-1.739626
1940,B0,19,0.190000,0,0,0,0,0,0,0,0,0,0.000,0.000,0.000000,0.000000,0.000000,0.190000,-0.190000
1940,B1,32,0.320000,0,0,0,0,0,0,0,0,0,0.000,0.000,0.000000,0.000000,0.000000,0.320000,-0.320000
1940,B2,8,0.080000,0,0,0,0,0,0,0,0,0,0.000,0.000,0.000000,0.000000,0.000000,0.080000,-0.080000
1940,C0,49,0.490000,0,0,0,3,0,3,0,0,0,0.000,12.981,0.000000,0.000000,0.000000,0.490000,-0.490000
1940,C1,22,0.220000,0,1,0,0,0,1,0,0,0,0.000,12.981,0.000000,0.000000,0.000000,0.220000,-0.220000
1940,C2,25,0.250000,0,2,0,0,0,2,0,0,1,0.000,12.981,0.000000,0.629813,0.629813,0.879813,-0.879813
1945,A0,17,0.170000,0,0,0,1,0,1,0,0,7,0.000,12.981,0.000000,4.408692,4.408692,4.578692,-4.578692
1945,A1,24,0.240000,0,0,0,0,0,0,0,0,0,0.000,0.000,0.000000,0.000000,0.000000,0.240000,-0.240000
1945,A2,48,0.480000,0,0,0,1,0,1,0,0,3,0.000,12.981,0.000000,1.889439,1.889439,2.369439,-2.369439
1945,B0,22,0.220000,0,0,0,0,0,0,0,0,0,0.000,0.000,0.000000,0.000000,0.000000,0.220000,-0.220000
1945,B1,32,0.320000,0,0,0,0,0,0,0,0,0,0.000,0.000,0.000000,0.000000,0.000000,0.320000,-0.320000
1945,B2,9,0.090000,0,0,0,0,0,0,0,0,0,0.000,0.000,0.000000,0.000000,0.000000,0.090000,-0.090000
1945,C0,49,0.490000,0,2,0,3,0,5,0,0,0,0.000,12.981,0.000000,0.000000,0.000000,0.490000,-0.490000
1945,C1,22,0.220000,0,1,0,1,0,2,0,0,0,0.000,12.981,0.000000,0.000000,0.000000,0.220000,-0.220000
1945,C2,25,0.250000,0,2,0,0,0,2,0,0,1,0.000,12.981,0.000000,0.629813,0.629813,0.879813,-0.879813
1950,A0,15,0.150000,0,1,0,0,0,1,0,0,9,0.000,12.981,0.000000,5.668318,5.668318,5.818318,-5.818318
1950,A1,24,0.240000,0,0,0,0,0,0,0,0,0,0.000,0.000,0.000000,0.000000,0.000000,0.240000,-0.240000
1950,A2,48,0.480000,0,0,0,1,0,1,0,0,4,0.000,12.981,0.000000,2.519252,2.519252,2.999252,-2.999252
1950,B0,25,0.250000,0,0,0,0,0,0,0,0,0,0.000,0.000,0.000000,0.000000,0.000000,0.250000,-0.250000
1950,B1,32,0.320000,0,0,0,0,0,0,0,0,0,0.000,0.000,0.000000,0.000000,0.000000,0.320000,-0.320000
1950,B2,10,0.100000,0,0,0,0,0,0,0,0,0,0.000,0.000,0.000000,0.000000,0.000000,0.100000,-0.100000
1950,C0,49,0.490000,0,2,0,3,0,5,0,0,0,0.000,12.981,0.000000,0.000000,0.000000,0.490000,-0.490000
1950,C1,22,0.220000,0,1,0,1,0,2,0,0,0,0.000,12.981,0.000000,0.000000,0.000000,0.220000,-0.220000
1950,C2,25,0.250000,0,2,0,0,0,2,0,0,0,0.000,12.981,0.000000,0.000000,0.000000,0.250000,-0.250000
1955,A0,14,0.140000,0,1,0,0,0,1,0,0,10,0.000,12.981,0.000000,6.298131,6.298131,6.438131,-6.438131
1955,A1,24,0.240000,0,0,0,1,0,1,0,0,0,0.000,12.981,0.000000,0.000000,0.000000,0.240000,-0.240000
1955,A2,48,0.480000,0,0,0,1,0,1,0,0,5,0.000,12.981,0.000000,3.149065,3.149065,3.629065,-3.629065
1955,B0,24,0.240000,0,0,0,0,0,0,0,0,0,0.000,0.000,0.000000,0.000000,0.000000,0.240000,-0.240000
1955,B1,32,0.320000,0,1,0,0,0,1,0,0,0,0.000,12.981,0.000000,0.000000,0.000000,0.320000,-0.320000
1955,B2,14,0.140000,0,0,0,0,0,0,0,0,0,0.000,0.000,0.000000,0.000000,0.000000,0.140000,-0.140000
1955,C0,45,0.450000,0,2,0,3,0,5,0,0,0,0.000,12.981,0.000000,0.000000,0.000000,0.450000,-0.450000
1955,C1,22,0.220000,0,1,0,1,0,2,0,0,0,0.000,12.981,0.000000,0.000000,0.000000,0.220000,-0.220000
1955,C2,25,0.250000,0,2,0,0,0,2,0,0,0,0.000,12.981,0.000000,0.000000,0.000000,0.250000,-0.250000
1960,A0,15,0.150000,0,1,0,0,0,1,0,0,9,0.000,12.981,0.000000,5.668318,5.668318,5.818318,-5.818318
1960,A1,25,0.250000,0,0,0,2,0,2,0,0,4,0.000,12.981,0.000000,2.519252,2.519252,2.769252,-2.769252
1960,A2,48,0.480000,0,0,0,1,0,1,0,0,6,0.000,12.981,0.000000,3.778879,3.778879,4.258879,-4.258879
1960,B0,27,0.270000,0,0,0,0,0,0,0,0,0,0.000,0.000,0.000000,0.000000,0.000000,0.270000,-0.270000
1960,B1,32,0.320000,0,1,0,0,0,1,0,0,0,0.000,12.981,0.000000,0.000000,0.000000,0.320000,-0.320000
1960,B2,16,0.160000,0,0,0,0,0,0,0,0,0,0.000,0.000,0.000000,0.000000,0.000000,0.160000,-0.160000
1960,C0,42,0.420000,0,3,0,3,0,6,0,0,0,0.000,12.981,0.000000,0.000000,0.000000,0.420000,-0.420000
1960,C1,22,0.220000,0,1,0,1,0,2,0,0,0,0.000,12.981,0.000000,0.000000,0.000000,0.220000,-0.220000
1960,C2,25,0.250000,0,3,0,0,0,3,0,0,0,0.000,12.981,0.000000,0.000000,0.000000,0.250000,-0.250000
1965,A0,18,0.180000,0,2,0,0,0,2,0,0,8,0.000,12.981,0.000000,5.038505,5.038505,5.218505,-5.218505
1965,A1,26,0.260000,0,0,0,2,0,2,0,0,7,0.000,12.981,0.000000,4.408692,4.408692,4.668692,-4.668692
1965,A2,48,0.480000,0,0,0,1,0,1,0,0,4,0.000,12.981,0.000000,2.519252,2.519252,2.999252,-2.999252
1965,B0,30,0.300000,0,0,0,2,0,2,0,0,1,0.000,12.981,0.000000,0.629813,0.629813,0.929813,-0.929813
1965,B1,32,0.320000,0,1,0,0,0,1,0,0,1,0.000,12.981,0.000000,0.629813,0.629813,0.949813,-0.949813
1965,B2,19,0.190000,0,0,0,0,0,0,0,0,0,0.000,0.000,0.000000,0.000000,0.000000,0.190000,-0.190000
1965,C0,42,0.420000,0,2,0,3,0,5,0,0,0,0.000,12.981,0.000000,0.000000,0.000000,0.420000,-0.420000
1965,C1,22,0.220000,0,2,0,1,0,3,0,0,0,0.000,12.981,0.000000,0.000000,0.000000,0.220000,-0.220000
1965,C2,25,0.250000,0,4,0,1,0,5,0,0,0,0.000,12.981,0.000000,0.000000,0.000000,0.250000,-0.250000
1970,A0,22,0.220000,0,2,0,1,0,3,0,0,6,0.000,12.981,0.000000,3.778879,3.778879,3.998879,-3.998879
1970,A1,26,0.260000,0,0,0,2,0,2,0,0,8,0.000,12.981,0.000000,5.038505,5.038505,5.298505,-5.298505
1970,A2,48,0.480000,0,0,0,1,0,1,0,0,3,0.000,12.981,0.000000,1.889439,1.889439,2.369439,-2.369439
1970,B0,34,0.340000,0,0,0,2,0,2,0,0,5,0.000,12.981,0.000000,3.149065,3.149065,3.489065,-3.489065
1970,B1,32,0.320000,0,1,0,0,0,1,0,0,3,0.000,12.981,0.000000,1.889439,1.889439,2.209439,-2.209439
1970,B2,24,0.240000,0,0,0,0,0,0,0,0,0,0.000,0.000,0.000000,0.000000,0.000000,0.240000,-0.240000
1970,C0,40,0.400000,0,4,0,3,0,7,0,0,0,0.000,12.981,0.000000,0.000000,0.000000,0.400000,-0.400000
1970,C1,22,0.220000,0,3,0,1,0,4,0,0,0,0.000,12.981,0.000000,0.000000,0.000000,0.220000,-0.220000
1970,C2,25,0.250000,0,6,0,1,0,7,0,0,0,0.000,12.981,0.000000,0.000000,0.000000,0.250000,-0.250000
1975,A0,25,0.250000,0,0,0,0,0,0,4,0,0,0.000,0.000,0.000000,0.000000,0.000000,0.250000,-0.250000
1975,A1,26,0.260000,0,0,0,0,0,0,3,0,0,0.000,0.000,0.000000,0.000000,0.000000,0.260000,-0.260000
1975,A2,48,0.480000,0,0,0,0,0,0,1,0,0,0.000,0.000,0.000000,0.000000,0.000000,0.480000,-0.480000
1975,B0,34,0.340000,0,0,0,0,0,0,2,0,0,0.000,0.000,0.000000,0.000000,0.000000,0.340000,-0.340000
1975,B1,32,0.320000,0,0,0,0,0,0,2,0,0,0.000,0.000,0.000000,0.000000,0.000000,0.320000,-0.320000
1975,B2,25,0.250000,0,0,0,0,0,0,0,0,0,0.000,0.000,0.000000,0.000000,0.000000,0.250000,-0.250000
1975,C0,40,0.400000,0,0,0,0,0,0,7,0,0,0.000,0.000,0.000000,0.000000,0.000000,0.400000,-0.400000
1975,C1,22,0.220000,0,0,0,0,0,0,4,0,0,0.000,0.000,0.000000,0.000000,0.000000,0.220000,-0.220000
1975,C2,25,0.250000,0,0,0,0,0,0,7,0,0,0.000,0.000,0.000000,0.000000,0.000000,0.250000,-0.250000
1980,A0,26,0.260000,0,0,0,0,0,0,4,0,0,0.000,0.000,0.000000,0.000000,0.000000,0.260000,-0.260000
1980,A1,26,0.260000,0,0,0,0,0,0,3,0,0,0.000,0.000,0.000000,0.000000,0.000000,0.260000,-0.260000
1980,A2,48,0.480000,0,0,0,0,0,0,1,0,0,0.000,0.000,0.000000,0.000000,0.000000,0.480000,-0.480000
1980,B0,34,0.340000,0,0,0,0,0,0,2,0,0,0.000,0.000,0.000000,0.000000,0.000000,0.340000,-0.340000
1980,B1,32,0.320000,0,0,0,0,0,0,3,0,0,0.000,0.000,0.000000,0.000000,0.000000,0.320000,-0.320000
1980,B2,25,0.250000,0,0,0,0,0,0,0,0,0,0.000,0.000,0.000000,0.000000,0.000000,0.250000,-0.250000
1980,C0,41,0.410000,0,0,0,0,0,0,7,0,0,0.000,0.000,0.000000,0.000000,0.000000,0.410000,-0.410000
1980,C1,22,0.220000,0,0,0,0,0,0,4,0,0,0.000,0.000,0.000000,0.000000,0.000000,0.220000,-0.220000
1980,C2,25,0.250000,0,0,0,0,0,0,9,0,0,0.000,0.000,0.000000,0.000000,0.000000,0.250000,-0.250000
1985,A0,48,0.480000,0,0,0,0,0,0,0,0,0,0.000,0.000,0.000000,0.000000,0.000000,0.480000,-0.480000
1985,A1,24,0.240000,0,0,1,0,1,0,0,0,0,12.981,0.000,0.000000,0.000000,0.000000,0.240000,-0.240000
1985,A2,25,0.250000,0,0,0,0,0,0,0,0,0,0.000,0.000,0.000000,0.000000,0.000000,0.250000,-0.250000
1985,B0,13,0.130000,0,0,0,0,0,0,0,0,0,0.000,0.000,0.000000,0.000000,0.000000,0.130000,-0.130000
1985,B1,37,0.370000,0,0,0,0,0,0,0,0,0,0.000,0.000,0.000000,0.000000,0.000000,0.370000,-0.370000
1985,B2,31,0.310000,0,0,0,0,0,0,0,0,0,0.000,0.000,0.000000,0.000000,0.000000,0.310000,-0.310000
1985,C0,25,0.250000,0,0,3,0,3,0,0,9,0,12.981,0.000,5.668318,0.000000,5.668318,5.918318,-5.918318
1985,C1,48,0.480000,0,0,0,0,0,0,0,0,0,0.000,0.000,0.000000,0.000000,0.000000,0.480000,-0.480000
1985,C2,25,0.250000,1,0,0,0,1,0,0,0,0,12.981,0.000,0.000000,0.000000,0.000000,0.250000,-0.250000
1990,A0,48,0.480000,0,0,0,0,0,0,0,0,0,0.000,0.000,0.000000,0.000000,0.000000,0.480000,-0.480000
1990,A1,27,0.270000,0,0,1,0,1,0,0,0,0,12.981,0.000,0.000000,0.000000,0.000000,0.270000,-0.270000
1990,A2,25,0.250000,0,0,0,0,0,0,0,0,0,0.000,0.000,0.000000,0.000000,0.000000,0.250000,-0.250000
1990,B0,10,0.100000,0,0,0,0,0,0,0,0,0,0.000,0.000,0.000000,0.000000,0.000000,0.100000,-0.100000
1990,B1,38,0.380000,0,0,0,0,0,0,0,0,0,0.000,0.000,0.000000,0.000000,0.000000,0.380000,-0.380000
1990,B2,31,0.310000,0,0,0,0,0,0,0,0,0,0.000,0.000,0.000000,0.000000,0.000000,0.310000,-0.310000
1990,C0,25,0.250000,0,0,3,0,3,0,0,9,0,12.981,0.000,5.668318,0.000000,5.668318,5.918318,-5.918318
1990,C1,48,0.480000,0,0,0,0,0,0,0,0,0,0.000,0.000,0.000000,0.000000,0.000000,0.480000,-0.480000
1990,C2,25,0.250000,1,0,0,0,1,0,0,0,0,12.981,0.000,0.000000,0.000000,0.000000,0.250000,-0.250000
1995,A0,48,0.480000,0,0,0,0,0,0,0,0,0,0.000,0.000,0.000000,0.000000,0.000000,0.480000,-0.480000
1995,A1,30,0.300000,0,0,2,0,2,0,0,0,0,12.981,0.000,0.000000,0.000000,0.000000,0.300000,-0.300000
1995,A2,25,0.250000,0,0,0,0,0,0,0,0,0,0.000,0.000,0.000000,0.000000,0.000000,0.250000,-0.250000
1995,B0,15,0.150000,1,0,0,0,1,0,0,0,0,12.981,0.000,0.000000,0.000000,0.000000,0.150000,-0.150000
1995,B1,38,0.380000,0,0,0,0,0,0,0,0,0,0.000,0.000,0.000000,0.000000,0.000000,0.380000,-0.380000
1995,B2,31,0.310000,0,0,0,0,0,0,0,0,0,0.000,0.000,0.000000,0.000000,0.000000,0.310000,-0.310000
1995,C0,25,0.250000,0,0,3,0,3,0,0,13,0,12.981,0.000,8.187570,0.000000,8.187570,8.437570,-8.437570
1995,C1,42,0.420000,0,0,0,0,0,0,0,0,0,0.000,0.000,0.000000,0.000000,0.000000,0.420000,-0.420000
1995,C2,25,0.250000,1,0,1,0,2,0,0,0,0,12.981,0.000,0.000000,0.000000,0.000000,0.250000,-0.250000
2000,A0,48,0.480000,0,0,0,0,0,0,0,0,0,0.000,0.000,0.000000,0.000000,0.000000,0.480000,-0.480000
2000,A1,33,0.330000,1,0,2,0,3,0,0,0,0,12.981,0.000,0.000000,0.000000,0.000000,0.330000,-0.330000
2000,A2,25,0.250000,0,0,0,0,0,0,0,0,0,0.000,0.000,0.000000,0.000000,0.000000,0.250000,-0.250000
2000,B0,18,0.180000,1,0,0,0,1,0,0,0,0,12.981,0.000,0.000000,0.000000,0.000000,0.180000,-0.180000
2000,B1,38,0.380000,0,0,1,0,1,0,0,0,0,12.981,0.000,0.000000,0.000000,0.000000,0.380000,-0.380000
2000,B2,31,0.310000,0,0,0,0,0,0,0,0,0,0.000,0.000,0.000000,0.000000,0.000000,0.310000,-0.310000
2000,C0,25,0.250000,0,0,3,0,3,0,0,19,0,12.981,0.000,11.966449,0.000000,11.966449,12.216449,-12.216449
2000,C1,36,0.360000,0,0,0,0,0,0,0,0,0,0.000,0.000,0.000000,0.000000,0.000000,0.360000,-0.360000
2000,C2,25,0.250000,1,0,2,0,3,0,0,0,0,12.981,0.000,0.000000,0.000000,0.000000,0.250000,-0.250000
2005,A0,48,0.480000,0,0,0,0,0,0,0,0,0,0.000,0.000,0.000000,0.000000,0.000000,0.480000,-0.480000
2005,A1,37,0.370000,1,0,2,0,3,0,0,0,0,12.981,0.000,0.000000,0.000000,0.000000,0.370000,-0.370000
2005,A2,25,0.250000,0,0,0,0,0,0,0,0,0,0.000,0.000,0.000000,0.000000,0.000000,0.250000,-0.250000
2005,B0,21,0.210000,2,0,0,0,2,0,0,0,0,12.981,0.000,0.000000,0.000000,0.000000,0.210000,-0.210000
2005,B1,38,0.380000,0,0,1,0,1,0,0,0,0,12.981,0.000,0.000000,0.000000,0.000000,0.380000,-0.380000
2005,B2,31,0.310000,0,0,2,0,2,0,0,10,0,12.981,0.000,6.298131,0.000000,6.298131,6.608131,-6.608131
2005,C0,25,0.250000,1,0,3,0,4,0,0,21,0,12.981,0.000,13.226075,0.000000,13.226075,13.476075,-13.476075
2005,C1,34,0.340000,0,0,0,0,0,0,0,0,0,0.000,0.000,0.000000,0.000000,0.000000,0.340000,-0.340000
2005,C2,25,0.250000,1,0,2,0,3,0,0,0,0,12.981,0.000,0.000000,0.000000,0.000000,0.250000,-0.250000
2010,A0,48,0.480000,1,0,0,0,1,0,0,16,0,12.981,0.000,10.077009,0.000000,10.077009,10.557009,-10.557009
2010,A1,40,0.400000,1,0,2,0,3,0,0,0,0,12.981,0.000,0.000000,0.000000,0.000000,0.400000,-0.400000
2010,A2,25,0.250000,0,0,0,0,0,0,0,0,0,0.000,0.000,0.000000,0.000000,0.000000,0.250000,-0.250000
2010,B0,25,0.250000,5,0,1,0,6,0,0,0,0,12.981,0.000,0.000000,0.000000,0.000000,0.250000,-0.250000
2010,B1,38,0.380000,0,0,1,0,1,0,0,0,0,12.981,0.000,0.000000,0.000000,0.000000,0.380000,-0.380000
2010,B2,31,0.310000,0,0,3,0,3,0,0,9,0,12.981,0.000,5.668318,0.000000,5.668318,5.978318,-5.978318
2010,C0,25,0.250000,1,0,3,0,4,0,0,21,0,12.981,0.000,13.226075,0.000000,13.226075,13.476075,-13.476075
2010,C1,30,0.300000,0,0,0,0,0,0,0,0,0,0.000,0.000,0.000000,0.000000,0.000000,0.300000,-0.300000
2010,C2,26,0.260000,3,0,2,0,5,0,0,0,0,12.981,0.000,0.000000,0.000000,0.000000,0.260000,-0.260000
2015,A0,48,0.480000,1,0,0,0,1,0,0,12,0,12.981,0.000,7.557757,0.000000,7.557757,8.037757,-8.037757
2015,A1,44,0.440000,1,0,2,0,3,0,0,0,0,12.981,0.000,0.000000,0.000000,0.000000,0.440000,-0.440000
2015,A2,25,0.250000,0,0,0,0,0,0,0,0,0,0.000,0.000,0.000000,0.000000,0.000000,0.250000,-0.250000
2015,B0,26,0.260000,5,0,2,0,7,0,0,0,0,12.981,0.000,0.000000,0.000000,0.000000,0.260000,-0.260000
2015,B1,33,0.330000,0,0,2,0,2,0,0,0,0,12.981,0.000,0.000000,0.000000,0.000000,0.330000,-0.330000
2015,B2,31,0.310000,0,0,3,0,3,0,0,5,0,12.981,0.000,3.149065,0.000000,3.149065,3.459065,-3.459065
2015,C0,25,0.250000,2,0,4,0,6,0,0,20,0,12.981,0.000,12.596262,0.000000,12.596262,12.846262,-12.846262
2015,C1,31,0.310000,0,0,0,0,0,0,0,0,0,0.000,0.000,0.000000,0.000000,0.000000,0.310000,-0.310000
2015,C2,26,0.260000,3,0,2,0,5,0,0,0,0,12.981,0.000,0.000000,0.000000,0.000000,0.260000,-0.260000
2020,A0,48,0.480000,0,0,0,0,0,0,1,0,0,0.000,0.000,0.000000,0.000000,0.000000,0.480000,-0.480000
2020,A1,46,0.460000,0,0,0,0,0,0,4,0,0,0.000,0.000,0.000000,0.000000,0.000000,0.460000,-0.460000
2020,A2,25,0.250000,0,0,0,0,0,0,0,0,0,0.000,0.000,0.000000,0.000000,0.000000,0.250000,-0.250000
2020,B0,26,0.260000,0,0,0,0,0,0,7,0,0,0.000,0.000,0.000000,0.000000,0.000000,0.260000,-0.260000
2020,B1,31,0.310000,0,0,0,0,0,0,2,0,0,0.000,0.000,0.000000,0.000000,0.000000,0.310000,-0.310000
2020,B2,31,0.310000,0,0,0,0,0,0,5,0,0,0.000,0.000,0.000000,0.000000,0.000000,0.310000,-0.310000
2020,C0,25,0.250000,0,0,0,0,0,0,6,0,0,0.000,0.000,0.000000,0.000000,0.000000,0.250000,-0.250000
2020,C1,29,0.290000,0,0,0,0,0,0,1,0,0,0.000,0.000,0.000000,0.000000,0.000000,0.290000,-0.290000
2020,C2,26,0.260000,0,0,0,0,0,0,5,0,0,0.000,0.000,0.000000,0.000000,0.000000,0.260000,-0.260000
2025,A0,48,0.480000,0,0,0,0,0,0,2,0,0,0.000,0.000,0.000000,0.000000,0.000000,0.480000,-0.480000
2025,A1,47,0.470000,0,0,0,0,0,0,5,0,0,0.000,0.000,0.000000,0.000000,0.000000,0.470000,-0.470000
2025,A2,25,0.250000,0,0,0,0,0,0,3,0,0,0.000,0.000,0.000000,0.000000,0.000000,0.250000,-0.250000
2025,B0,26,0.260000,0,0,0,0,0,0,9,0,0,0.000,0.000,0.000000,0.000000,0.000000,0.260000,-0.260000
2025,B1,30,0.300000,0,0,0,0,0,0,2,0,0,0.000,0.000,0.000000,0.000000,0.000000,0.300000,-0.300000
2025,B2,31,0.310000,0,0,0,0,0,0,7,0,0,0.000,0.000,0.000000,0.000000,0.000000,0.310000,-0.310000
2025,C0,25,0.250000,0,0,0,0,0,0,6,0,0,0.000,0.000,0.000000,0.000000,0.000000,0.250000,-0.250000
2025,C1,35,0.350000,0,0,0,0,0,0,1,0,0,0.000,0.000,0.000000,0.000000,0.000000,0.350000,-0.350000
2025,C2,26,0.260000,0,0,0,0,0,0,5,0,0,0.000,0.000,0.000000,0.000000,0.000000,0.260000,-0.260000
2030,A0,23,0.230000,0,0,0,0,0,0,0,0,0,0.000,0.000,0.000000,0.000000,0.000000,0.230000,-0.230000
2030,A1,24,0.240000,0,0,0,0,0,0,0,0,0,0.000,0.000,0.000000,0.000000,0.000000,0.240000,-0.240000
2030,A2,48,0.480000,0,2,0,0,0,2,0,0,0,0.000,12.981,0.000000,0.000000,0.000000,0.480000,-0.480000
2030,B0,34,0.340000,0,0,0,0,0,0,0,0,0,0.000,0.000,0.000000,0.000000,0.000000,0.340000,-0.340000
2030,B1,32,0.320000,0,0,0,0,0,0,0,0,0,0.000,0.000,0.000000,0.000000,0.000000,0.320000,-0.320000
2030,B2,25,0.250000,0,1,0,0,0,1,0,0,0,0.000,12.981,0.000000,0.000000,0.000000,0.250000,-0.250000
2030,C0,38,0.380000,0,0,0,0,0,0,0,0,0,0.000,0.000,0.000000,0.000000,0.000000,0.380000,-0.380000
2030,C1,18,0.180000,0,0,0,0,0,0,0,0,0,0.000,0.000,0.000000,0.000000,0.000000,0.180000,-0.180000
2030,C2,25,0.250000,0,1,0,1,0,2,0,0,2,0.000,12.981,0.000000,1.259626,1.259626,1.509626,-1.509626
2035,A0,25,0.250000,0,0,0,0,0,0,0,0,0,0.000,0.000,0.000000,0.000000,0.000000,0.250000,-0.250000
2035,A1,24,0.240000,0,0,0,0,0,0,0,0,0,0.000,0.000,0.000000,0.000000,0.000000,0.240000,-0.240000
2035,A2,48,0.480000,0,3,0,0,0,3,0,0,0,0.000,12.981,0.000000,0.000000,0.000000,0.480000,-0.480000
2035,B0,34,0.340000,0,0,0,1,0,1,0,0,0,0.000,12.981,0.000000,0.000000,0.000000,0.340000,-0.340000
2035,B1,32,0.320000,0,0,0,0,0,0,0,0,0,0.000,0.000,0.000000,0.000000,0.000000,0.320000,-0.320000
2035,B2,25,0.250000,0,3,0,0,0,3,0,0,0,0.000,12.981,0.000000,0.000000,0.000000,0.250000,-0.250000
2035,C0,44,0.440000,0,0,0,2,0,2,0,0,2,0.000,12.981,0.000000,1.259626,1.259626,1.699626,-1.699626
2035,C1,16,0.160000,0,0,0,0,0,0,0,0,0,0.000,0.000,0.000000,0.000000,0.000000,0.160000,-0.160000
2035,C2,25,0.250000,0,1,0,1,0,2,0,0,1,0.000,12.981,0.000000,0.629813,0.629813,0.879813,-0.879813
2040,A0,25,0.250000,0,1,0,0,0,1,0,0,0,0.000,12.981,0.000000,0.000000,0.000000,0.250000,-0.250000
2040,A1,24,0.240000,0,0,0,0,0,0,0,0,0,0.000,0.000,0.000000,0.000000,0.000000,0.240000,-0.240000
2040,A2,48,0.480000,0,3,0,0,0,3,0,0,0,0.000,12.981,0.000000,0.000000,0.000000,0.480000,-0.480000
2040,B0,34,0.340000,0,0,0,0,0,0,0,0,0,0.000,0.000,0.000000,0.000000,0.000000,0.340000,-0.340000
2040,B1,32,0.320000,0,0,0,0,0,0,0,0,0,0.000,0.000,0.000000,0.000000,0.000000,0.320000,-0.320000
2040,B2,25,0.250000,0,2,0,0,0,2,0,0,0,0.000,12.981,0.000000,0.000000,0.000000,0.250000,-0.250000
2040,C0,47,0.470000,0,0,0,2,0,2,0,0,2,0.000,12.981,0.000000,1.259626,1.259626,1.729626,-1.729626
2040,C1,16,0.160000,0,0,0,1,0,1,0,0,7,0.000,12.981,0.000000,4.408692,4.408692,4.568692,-4.568692
2040,C2,25,0.250000,0,1,0,1,0,2,0,0,1,0.000,12.981,0.000000,0.629813,0.629813,0.879813,-0.879813
2045,A0,25,0.250000,0,1,0,1,0,2,0,0,0,0.000,12.981,0.000000,0.000000,0.000000,0.250000,-0.250000
2045,A1,24,0.240000,0,0,0,0,0,0,0,0,0,0.000,0.000,0.000000,0.000000,0.000000,0.240000,-0.240000
2045,A2,48,0.480000,0,3,0,0,0,3,0,0,0,0.000,12.981,0.000000,0.000000,0.000000,0.480000,-0.480000
2045,B0,34,0.340000,0,0,0,1,0,1,0,0,0,0.000,12.981,0.000000,0.000000,0.000000,0.340000,-0.340000
2045,B1,32,0.320000,0,2,0,1,0,3,0,0,2,0.000,12.981,0.000000,1.259626,1.259626,1.579626,-1.579626
2045,B2,25,0.250000,0,2,0,0,0,2,0,0,0,0.000,12.981,0.000000,0.000000,0.000000,0.250000,-0.250000
2045,C0,47,0.470000,0,0,0,2,0,2,0,0,3,0.000,12.981,0.000000,1.889439,1.889439,2.359439,-2.359439
2045,C1,16,0.160000,0,0,0,1,0,1,0,0,8,0.000,12.981,0.000000,5.038505,5.038505,5.198505,-5.198505
2045,C2,25,0.250000,0,1,0,1,0,2,0,0,0,0.000,12.981,0.000000,0.000000,0.000000,0.250000,-0.250000
2050,A0,25,0.250000,0,3,0,2,0,5,0,0,0,0.000,12.981,0.000000,0.000000,0.000000,0.250000,-0.250000
2050,A1,24,0.240000,0,1,0,0,0,1,0,0,11,0.000,12.981,0.000000,6.927944,6.927944,7.167944,-7.167944
2050,A2,48,0.480000,0,3,0,0,0,3,0,0,0,0.000,12.981,0.000000,0.000000,0.000000,0.480000,-0.480000
2050,B0,34,0.340000,0,0,0,1,0,1,0,0,0,0.000,12.981,0.000000,0.000000,0.000000,0.340000,-0.340000
2050,B1,32,0.320000,0,2,0,1,0,3,0,0,4,0.000,12.981,0.000000,2.519252,2.519252,2.839252,-2.839252
2050,B2,25,0.250000,0,2,0,0,0,2,0,0,0,0.000,12.981,0.000000,0.000000,0.000000,0.250000,-0.250000
2050,C0,47,0.470000,0,0,0,2,0,2,0,0,5,0.000,12.981,0.000000,3.149065,3.149065,3.619065,-3.619065
2050,C1,18,0.180000,0,0,0,1,0,1,0,0,10,0.000,12.981,0.000000,6.298131,6.298131,6.478131,-6.478131
2050,C2,25,0.250000,0,1,0,2,0,3,0,0,4,0.000,12.981,0.000000,2.519252,2.519252,2.769252,-2.769252
2055,A0,25,0.250000,0,3,0,2,0,5,0,0,0,0.000,12.981,0.000000,0.000000,0.000000,0.250000,-0.250000
2055,A1,24,0.240000,0,1,0,0,0,1,0,0,12,0.000,12.981,0.000000,7.557757,7.557757,7.797757,-7.797757
2055,A2,48,0.480000,0,4,0,0,0,4,0,0,0,0.000,12.981,0.000000,0.000000,0.000000,0.480000,-0.480000
2055,B0,34,0.340000,0,0,0,1,0,1,0,0,0,0.000,12.981,0.000000,0.000000,0.000000,0.340000,-0.340000
2055,B1,32,0.320000,0,2,0,2,0,4,0,0,5,0.000,12.981,0.000000,3.149065,3.149065,3.469065,-3.469065
2055,B2,25,0.250000,0,2,0,0,0,2,0,0,0,0.000,12.981,0.000000,0.000000,0.000000,0.250000,-0.250000
2055,C0,47,0.470000,0,0,0,2,0,2,0,0,6,0.000,12.981,0.000000,3.778879,3.778879,4.248879,-4.248879
2055,C1,21,0.210000,0,0,0,1,0,1,0,0,9,0.000,12.981,0.000000,5.668318,5.668318,5.878318,-5.878318
2055,C2,25,0.250000,0,1,0,2,0,3,0,0,6,0.000,12.981,0.000000,3.778879,3.778879,4.028879,-4.028879
2060,A0,27,0.270000,0,3,0,2,0,5,0,0,0,0.000,12.981,0.000000,0.000000,0.000000,0.270000,-0.270000
2060,A1,24,0.240000,0,1,0,1,0,2,0,0,12,0.000,12.981,0.000000,7.557757,7.557757,7.797757,-7.797757
2060,A2,48,0.480000,0,4,0,0,0,4,0,0,0,0.000,12.981,0.000000,0.000000,0.000000,0.480000,-0.480000
2060,B0,34,0.340000,0,0,0,1,0,1,0,0,0,0.000,12.981,0.000000,0.000000,0.000000,0.340000,-0.340000
2060,B1,32,0.320000,0,2,0,2,0,4,0,0,6,0.000,12.981,0.000000,3.778879,3.778879,4.098879,-4.098879
2060,B2,25,0.250000,0,2,0,0,0,2,0,0,0,0.000,12.981,0.000000,0.000000,0.000000,0.250000,-0.250000
2060,C0,47,0.470000,0,0,0,3,0,3,0,0,7,0.000,12.981,0.000000,4.408692,4.408692,4.878692,-4.878692
2060,C1,24,0.240000,0,1,0,1,0,2,0,0,9,0.000,12.981,0.000000,5.668318,5.668318,5.908318,-5.908318
2060,C2,25,0.250000,0,1,0,2,0,3,0,0,6,0.000,12.981,0.000000,3.778879,3.778879,4.028879,-4.028879
2065,A0,27,0.270000,0,0,0,0,0,0,5,0,0,0.000,0.000,0.000000,0.000000,0.000000,0.270000,-0.270000
2065,A1,24,0.240000,0,0,0,0,0,0,4,0,0,0.000,0.000,0.000000,0.000000,0.000000,0.240000,-0.240000
2065,A2,48,0.480000,0,0,0,0,0,0,4,0,0,0.000,0.000,0.000000,0.000000,0.000000,0.480000,-0.480000
2065,B0,34,0.340000,0,0,0,0,0,0,1,0,0,0.000,0.000,0.000000,0.000000,0.000000,0.340000,-0.340000
2065,B1,32,0.320000,0,0,0,0,0,0,4,0,0,0.000,0.000,0.000000,0.000000,0.000000,0.320000,-0.320000
2065,B2,25,0.250000,0,0,0,0,0,0,3,0,0,0.000,0.000,0.000000,0.000000,0.000000,0.250000,-0.250000
2065,C0,47,0.470000,0,0,0,0,0,0,3,0,0,0.000,0.000,0.000000,0.000000,0.000000,0.470000,-0.470000
2065,C1,24,0.240000,0,0,0,0,0,0,2,0,0,0.000,0.000,0.000000,0.000000,0.000000,0.240000,-0.240000
2065,C2,25,0.250000,0,0,0,0,0,0,8,0,0,0.000,0.000,0.000000,0.000000,0.000000,0.250000,-0.250000
2070,A0,27,0.270000,0,0,0,0,0,0,5,0,0,0.000,0.000,0.000000,0.000000,0.000000,0.270000,-0.270000
2070,A1,24,0.240000,0,0,0,0,0,0,5,0,0,0.000,0.000,0.000000,0.000000,0.000000,0.240000,-0.240000
2070,A2,48,0.480000,0,0,0,0,0,0,4,0,0,0.000,0.000,0.000000,0.000000,0.000000,0.480000,-0.480000
2070,B0,34,0.340000,0,0,0,0,0,0,3,0,0,0.000,0.000,0.000000,0.000000,0.000000,0.340000,-0.340000
2070,B1,32,0.320000,0,0,0,0,0,0,4,0,0,0.000,0.000,0.000000,0.000000,0.000000,0.320000,-0.320000
2070,B2,25,0.250000,0,0,0,0,0,0,3,0,0,0.000,0.000,0.000000,0.000000,0.000000,0.250000,-0.250000
2070,C0,47,0.470000,0,0,0,0,0,0,3,0,0,0.000,0.000,0.000000,0.000000,0.000000,0.470000,-0.470000
2070,C1,24,0.240000,0,0,0,0,0,0,4,0,0,0.000,0.000,0.000000,0.000000,0.000000,0.240000,-0.240000
2070,C2,25,0.250000,0,0,0,0,0,0,8,0,0,0.000,0.000,0.000000,0.000000,0.000000,0.250000,-0.250000
2075,A0,48,0.480000,0,0,0,0,0,0,0,0,0,0.000,0.000,0.000000,0.000000,0.000000,0.480000,-0.480000
2075,A1,27,0.270000,0,0,1,0,1,0,0,0,0,12.981,0.000,0.000000,0.000000,0.000000,0.270000,-0.270000
2075,A2,25,0.250000,0,0,0,0,0,0,0,0,0,0.000,0.000,0.000000,0.000000,0.000000,0.250000,-0.250000
2075,B0,24,0.240000,0,0,0,0,0,0,0,0,0,0.000,0.000,0.000000,0.000000,0.000000,0.240000,-0.240000
2075,B1,30,0.300000,0,0,0,0,0,0,0,0,0,0.000,0.000,0.000000,0.000000,0.000000,0.300000,-0.300000
2075,B2,31,0.310000,1,0,0,0,1,0,0,0,0,12.981,0.000,0.000000,0.000000,0.000000,0.310000,-0.310000
2075,C0,18,0.180000,0,0,0,0,0,0,0,0,0,0.000,0.000,0.000000,0.000000,0.000000,0.180000,-0.180000
2075,C1,37,0.370000,0,0,0,0,0,0,0,0,0,0.000,0.000,0.000000,0.000000,0.000000,0.370000,-0.370000
2075,C2,16,0.160000,0,0,0,0,0,0,0,0,0,0.000,0.000,0.000000,0.000000,0.000000,0.160000,-0.160000
2080,A0,48,0.480000,0,0,0,0,0,0,0,0,0,0.000,0.000,0.000000,0.000000,0.000000,0.480000,-0.480000
2080,A1,30,0.300000,1,0,1,0,2,0,0,0,0,12.981,0.000,0.000000,0.000000,0.000000,0.300000,-0.300000
2080,A2,25,0.250000,2,0,0,0,2,0,0,0,0,12.981,0.000,0.000000,0.000000,0.000000,0.250000,-0.250000
2080,B0,24,0.240000,1,0,0,0,1,0,0,0,0,12.981,0.000,0.000000,0.000000,0.000000,0.240000,-0.240000
2080,B1,29,0.290000,0,0,0,0,0,0,0,0,0,0.000,0.000,0.000000,0.000000,0.000000,0.290000,-0.290000
2080,B2,31,0.310000,2,0,0,0,2,0,0,0,0,12.981,0.000,0.000000,0.000000,0.000000,0.310000,-0.310000
2080,C0,22,0.220000,0,0,0,0,0,0,0,0,0,0.000,0.000,0.000000,0.000000,0.000000,0.220000,-0.220000
2080,C1,41,0.410000,0,0,0,0,0,0,0,0,0,0.000,0.000,0.000000,0.000000,0.000000,0.410000,-0.410000
2080,C2,19,0.190000,0,0,0,0,0,0,0,0,0,0.000,0.000,0.000000,0.000000,0.000000,0.190000,-0.190000
2085,A0,48,0.480000,0,0,0,0,0,0,0,0,0,0.000,0.000,0.000000,0.000000,0.000000,0.480000,-0.480000
2085,A1,32,0.320000,1,0,2,0,3,0,0,0,0,12.981,0.000,0.000000,0.000000,0.000000,0.320000,-0.320000
2085,A2,25,0.250000,0,0,0,0,0,0,0,0,0,0.000,0.000,0.000000,0.000000,0.000000,0.250000,-0.250000
2085,B0,24,0.240000,2,0,0,0,2,0,0,0,0,12.981,0.000,0.000000,0.000000,0.000000,0.240000,-0.240000
2085,B1,33,0.330000,0,0,0,0,0,0,0,0,0,0.000,0.000,0.000000,0.000000,0.000000,0.330000,-0.330000
2085,B2,31,0.310000,2,0,0,0,2,0,0,0,0,12.981,0.000,0.000000,0.000000,0.000000,0.310000,-0.310000
2085,C0,25,0.250000,0,0,2,0,2,0,0,0,0,12.981,0.000,0.000000,0.000000,0.000000,0.250000,-0.250000
2085,C1,43,0.430000,0,0,0,0,0,0,0,0,0,0.000,0.000,0.000000,0.000000,0.000000,0.430000,-0.430000
2085,C2,23,0.230000,0,0,0,0,0,0,0,0,0,0.000,0.000,0.000000,0.000000,0.000000,0.230000,-0.230000
2090,A0,48,0.480000,0,0,0,0,0,0,0,0,0,0.000,0.000,0.000000,0.000000,0.000000,0.480000,-0.480000
2090,A1,36,0.360000,2,0,2,0,4,0,0,0,0,12.981,0.000,0.000000,0.000000,0.000000,0.360000,-0.360000
2090,A2,25,0.250000,0,0,0,0,0,0,0,0,0,0.000,0.000,0.000000,0.000000,0.000000,0.250000,-0.250000
2090,B0,24,0.240000,2,0,0,0,2,0,0,0,0,12.981,0.000,0.000000,0.000000,0.000000,0.240000,-0.240000
2090,B1,37,0.370000,0,0,0,0,0,0,0,0,0,0.000,0.000,0.000000,0.000000,0.000000,0.370000,-0.370000
2090,B2,31,0.310000,2,0,0,0,2,0,0,0,0,12.981,0.000,0.000000,0.000000,0.000000,0.310000,-0.310000
2090,C0,25,0.250000,1,0,2,0,3,0,0,0,0,12.981,0.000,0.000000,0.000000,0.000000,0.250000,-0.250000
2090,C1,43,0.430000,0,0,0,0,0,0,0,0,0,0.000,0.000,0.000000,0.000000,0.000000,0.430000,-0.430000
2090,C2,25,0.250000,0,0,0,0,0,0,0,0,0,0.000,0.000,0.000000,0.000000,0.000000,0.250000,-0.250000
2095,A0,48,0.480000,0,0,0,0,0,0,0,0,0,0.000,0.000,0.000000,0.000000,0.000000,0.480000,-0.480000
2095,A1,40,0.400000,2,0,2,0,4,0,0,0,0,12.981,0.000,0.000000,0.000000,0.000000,0.400000,-0.400000
2095,A2,25,0.250000,1,0,0,0,1,0,0,0,0,12.981,0.000,0.000000,0.000000,0.000000,0.250000,-0.250000
2095,B0,24,0.240000,5,0,0,0,5,0,0,0,0,12.981,0.000,0.000000,0.000000,0.000000,0.240000,-0.240000
2095,B1,39,0.390000,0,0,0,0,0,0,0,0,0,0.000,0.000,0.000000,0.000000,0.000000,0.390000,-0.390000
2095,B2,31,0.310000,3,0,0,0,3,0,0,0,0,12.981,0.000,0.000000,0.000000,0.000000,0.310000,-0.310000
2095,C0,25,0.250000,1,0,2,0,3,0,0,0,0,12.981,0.000,0.000000,0.000000,0.000000,0.250000,-0.250000
2095,C1,43,0.430000,0,0,0,0,0,0,0,0,0,0.000,0.000,0.000000,0.000000,0.000000,0.430000,-0.430000
2095,C2,25,0.250000,0,0,0,0,0,0,0,0,0,0.000,0.000,0.000000,0.000000,0.000000,0.250000,-0.250000
2100,A0,48,0.480000,0,0,0,0,0,0,0,0,0,0.000,0.000,0.000000,0.000000,0.000000,0.480000,-0.480000
2100,A1,43,0.430000,2,0,2,0,4,0,0,0,0,12.981,0.000,0.000000,0.000000,0.000000,0.430000,-0.430000
2100,A2,25,0.250000,1,0,0,0,1,0,0,0,0,12.981,0.000,0.000000,0.000000,0.000000,0.250000,-0.250000
2100,B0,24,0.240000,5,0,1,0,6,0,0,0,0,12.981,0.000,0.000000,0.000000,0.000000,0.240000,-0.240000
2100,B1,41,0.410000,0,0,0,0,0,0,0,0,0,0.000,0.000,0.000000,0.000000,0.000000,0.410000,-0.410000
2100,B2,31,0.310000,4,0,0,0,4,0,0,0,0,12.981,0.000,0.000000,0.000000,0.000000,0.310000,-0.310000
2100,C0,25,0.250000,2,0,2,0,4,0,0,0,0,12.981,0.000,0.000000,0.000000,0.000000,0.250000,-0.250000
2100,C1,43,0.430000,0,0,0,0,0,0,0,0,0,0.000,0.000,0.000000,0.000000,0.000000,0.430000,-0.430000
2100,C2,25,0.250000,0,0,0,0,0,0,0,0,0,0.000,0.000,0.000000,0.000000,0.000000,0.250000,-0.250000
2105,A0,48,0.480000,1,0,0,0,1,0,0,0,0,12.981,0.000,0.000000,0.000000,0.000000,0.480000,-0.480000
2105,A1,43,0.430000,3,0,2,0,5,0,0,0,0,12.981,0.000,0.000000,0.000000,0.000000,0.430000,-0.430000
2105,A2,25,0.250000,2,0,0,0,2,0,0,0,0,12.981,0.000,0.000000,0.000000,0.000000,0.250000,-0.250000
2105,B0,24,0.240000,5,0,1,0,6,0,0,0,0,12.981,0.000,0.000000,0.000000,0.000000,0.240000,-0.240000
2105,B1,41,0.410000,0,0,0,0,0,0,0,0,0,0.000,0.000,0.000000,0.000000,0.000000,0.410000,-0.410000
2105,B2,31,0.310000,4,0,1,0,5,0,0,0,0,12.981,0.000,0.000000,0.000000,0.000000,0.310000,-0.310000
2105,C0,25,0.250000,2,0,2,0,4,0,0,0,0,12.981,0.000,0.000000,0.000000,0.000000,0.250000,-0.250000
2105,C1,43,0.430000,0,0,0,0,0,0,0,0,0,0.000,0.000,0.000000,0.000000,0.000000,0.430000,-0.430000
2105,C2,25,0.250000,0,0,0,0,0,0,0,0,0,0.000,0.000,0.000000,0.000000,0.000000,0.250000,-0.250000
2110,A0,48,0.480000,0,0,0,0,0,0,1,0,0,0.000,0.000,0.000000,0.000000,0.000000,0.480000,-0.480000
2110,A1,43,0.430000,0,0,0,0,0,0,5,0,0,0.000,0.000,0.000000,0.000000,0.000000,0.430000,-0.430000
2110,A2,25,0.250000,0,0,0,0,0,0,2,0,0,0.000,0.000,0.000000,0.000000,0.000000,0.250000,-0.250000
2110,B0,24,0.240000,0,0,0,0,0,0,9,0,0,0.000,0.000,0.000000,0.000000,0.000000,0.240000,-0.240000
2110,B1,41,0.410000,0,0,0,0,0,0,1,0,0,0.000,0.000,0.000000,0.000000,0.000000,0.410000,-0.410000
2110,B2,31,0.310000,0,0,0,0,0,0,5,0,0,0.000,0.000,0.000000,0.000000,0.000000,0.310000,-0.310000
2110,C0,25,0.250000,0,0,0,0,0,0,5,0,0,0.000,0.000,0.000000,0.000000,0.000000,0.250000,-0.250000
2110,C1,43,0.430000,0,0,0,0,0,0,0,0,0,0.000,0.000,0.000000,0.000000,0.000000,0.430000,-0.430000
2110,C2,25,0.250000,0,0,0,0,0,0,0,0,0,0.000,0.000,0.000000,0.000000,0.000000,0.250000,-0.250000
2115,A0,48,0.480000,0,0,0,0,0,0,2,0,0,0.000,0.000,0.000000,0.000000,0.000000,0.480000,-0.480000
2115,A1,43,0.430000,0,0,0,0,0,0,6,0,0,0.000,0.000,0.000000,0.000000,0.000000,0.430000,-0.430000
2115,A2,25,0.250000,0,0,0,0,0,0,2,0,0,0.000,0.000,0.000000,0.000000,0.000000,0.250000,-0.250000
2115,B0,24,0.240000,0,0,0,0,0,0,10,0,0,0.000,0.000,0.000000,0.000000,0.000000,0.240000,-0.240000
2115,B1,41,0.410000,0,0,0,0,0,0,1,0,0,0.000,0.000,0.000000,0.000000,0.000000,0.410000,-0.410000
2115,B2,31,0.310000,0,0,0,0,0,0,6,0,0,0.000,0.000,0.000000,0.000000,0.000000,0.310000,-0.310000
2115,C0,25,0.250000,0,0,0,0,0,0,5,0,0,0.000,0.000,0.000000,0.000000,0.000000,0.250000,-0.250000
2115,C1,43,0.430000,0,0,0,0,0,0,0,0,0,0.000,0.000,0.000000,0.000000,0.000000,0.430000,-0.430000
2115,C2,25,0.250000,0,0,0,0,0,0,1,0,0,0.000,0.000,0.000000,0.000000,0.000000,0.250000,-0.250000
2120,A0,25,0.250000,0,0,0,0,0,0,0,0,0,0.000,0.000,0.000000,0.000000,0.000000,0.250000,-0.250000
2120,A1,24,0.240000,0,0,0,0,0,0,0,0,0,0.000,0.000,0.000000,0.000000,0.000000,0.240000,-0.240000
2120,A2,48,0.480000,0,1,0,0,0,1,0,0,0,0.000,12.981,0.000000,0.000000,0.000000,0.480000,-0.480000
2120,B0,34,0.340000,0,0,0,0,0,0,0,0,0,0.000,0.000,0.000000,0.000000,0.000000,0.340000,-0.340000
2120,B1,32,0.320000,0,0,0,1,0,1,0,0,4,0.000,12.981,0.000000,2.519252,2.519252,2.839252,-2.839252
2120,B2,25,0.250000,0,2,0,0,0,2,0,0,4,0.000,12.981,0.000000,2.519252,2.519252,2.769252,-2.769252
2120,C0,47,0.470000,0,0,0,0,0,0,0,0,0,0.000,0.000,0.000000,0.000000,0.000000,0.470000,-0.470000
2120,C1,24,0.240000,0,0,0,0,0,0,0,0,0,0.000,0.000,0.000000,0.000000,0.000000,0.240000,-0.240000
2120,C2,25,0.250000,0,0,0,0,0,0,0,0,0,0.000,0.000,0.000000,0.000000,0.000000,0.250000,-0.250000
2125,A0,25,0.250000,0,0,0,2,0,2,0,0,0,0.000,12.981,0.000000,0.000000,0.000000,0.250000,-0.250000
2125,A1,24,0.240000,0,0,0,0,0,0,0,0,0,0.000,0.000,0.000000,0.000000,0.000000,0.240000,-0.240000
2125,A2,48,0.480000,0,1,0,0,0,1,0,0,2,0.000,12.981,0.000000,1.259626,1.259626,1.739626,-1.739626
2125,B0,34,0.340000,0,0,0,0,0,0,0,0,0,0.000,0.000,0.000000,0.000000,0.000000,0.340000,-0.340000
2125,B1,32,0.320000,0,0,0,1,0,1,0,0,9,0.000,12.981,0.000000,5.668318,5.668318,5.988318,-5.988318
2125,B2,25,0.250000,0,2,0,0,0,2,0,0,6,0.000,12.981,0.000000,3.778879,3.778879,4.028879,-4.028879
2125,C0,47,0.470000,0,0,0,0,0,0,0,0,0,0.000,0.000,0.000000,0.000000,0.000000,0.470000,-0.470000
2125,C1,24,0.240000,0,1,0,0,0,1,0,0,4,0.000,12.981,0.000000,2.519252,2.519252,2.759252,-2.759252
2125,C2,24,0.240000,0,0,0,1,0,1,0,0,2,0.000,12.981,0.000000,1.259626,1.259626,1.499626,-1.499626
2130,A0,25,0.250000,0,1,0,3,0,4,0,0,0,0.000,12.981,0.000000,0.000000,0.000000,0.250000,-0.250000
2130,A1,24,0.240000,0,0,0,0,0,0,0,0,0,0.000,0.000,0.000000,0.000000,0.000000,0.240000,-0.240000
2130,A2,48,0.480000,0,1,0,0,0,1,0,0,5,0.000,12.981,0.000000,3.149065,3.149065,3.629065,-3.629065
2130,B0,34,0.340000,0,0,0,0,0,0,0,0,0,0.000,0.000,0.000000,0.000000,0.000000,0.340000,-0.340000
2130,B1,32,0.320000,0,0,0,1,0,1,0,0,12,0.000,12.981,0.000000,7.557757,7.557757,7.877757,-7.877757
2130,B2,25,0.250000,0,2,0,0,0,2,0,0,7,0.000,12.981,0.000000,4.408692,4.408692,4.658692,-4.658692
2130,C0,47,0.470000,0,2,0,1,0,3,0,0,0,0.000,12.981,0.000000,0.000000,0.000000,0.470000,-0.470000
2130,C1,24,0.240000,0,1,0,0,0,1,0,0,0,0.000,12.981,0.000000,0.000000,0.000000,0.240000,-0.240000
2130,C2,20,0.200000,0,0,0,1,0,1,0,0,2,0.000,12.981,0.000000,1.259626,1.259626,1.459626,-1.459626
2135,A0,25,0.250000,0,1,0,2,0,3,0,0,0,0.000,12.981,0.000000,0.000000,0.000000,0.250000,-0.250000
2135,A1,24,0.240000,0,0,0,0,0,0,0,0,0,0.000,0.000,0.000000,0.000000,0.000000,0.240000,-0.240000
2135,A2,46,0.460000,0,1,0,0,0,1,0,0,7,0.000,12.981,0.000000,4.408692,4.408692,4.868692,-4.868692
2135,B0,34,0.340000,0,0,0,0,0,0,0,0,0,0.000,0.000,0.000000,0.000000,0.000000,0.340000,-0.340000
2135,B1,32,0.320000,0,0,0,1,0,1,0,0,12,0.000,12.981,0.000000,7.557757,7.557757,7.877757,-7.877757
2135,B2,25,0.250000,0,2,0,0,0,2,0,0,8,0.000,12.981,0.000000,5.038505,5.038505,5.288505,-5.288505
2135,C0,47,0.470000,0,2,0,1,0,3,0,0,0,0.000,12.981,0.000000,0.000000,0.000000,0.470000,-0.470000
2135,C1,24,0.240000,0,1,0,0,0,1,0,0,0,0.000,12.981,0.000000,0.000000,0.000000,0.240000,-0.240000
2135,C2,17,0.170000,0,0,0,1,0,1,0,0,1,0.000,12.981,0.000000,0.629813,0.629813,0.799813,-0.799813
2140,A0,25,0.250000,0,3,0,2,0,5,0,0,0,0.000,12.981,0.000000,0.000000,0.000000,0.250000,-0.250000
2140,A1,24,0.240000,0,1,0,0,0,1,0,0,12,0.000,12.981,0.000000,7.557757,7.557757,7.797757,-7.797757
2140,A2,42,0.420000,0,1,0,0,0,1,0,0,8,0.000,12.981,0.000000,5.038505,5.038505,5.458505,-5.458505
2140,B0,34,0.340000,0,0,0,1,0,1,0,0,0,0.000,12.981,0.000000,0.000000,0.000000,0.340000,-0.340000
2140,B1,32,0.320000,0,0,0,1,0,1,0,0,11,0.000,12.981,0.000000,6.927944,6.927944,7.247944,-7.247944
2140,B2,25,0.250000,0,2,0,0,0,2,0,0,8,0.000,12.981,0.000000,5.038505,5.038505,5.288505,-5.288505
2140,C0,47,0.470000,0,2,0,1,0,3,0,0,0,0.000,12.981,0.000000,0.000000,0.000000,0.470000,-0.470000
2140,C1,24,0.240000,0,3,0,0,0,3,0,0,0,0.000,12.981,0.000000,0.000000,0.000000,0.240000,-0.240000
2140,C2,17,0.170000,0,0,0,1,0,1,0,0,0,0.000,12.981,0.000000,0.000000,0.000000,0.170000,-0.170000
2145,A0,25,0.250000,0,3,0,3,0,6,0,0,0,0.000,12.981,0.000000,0.000000,0.000000,0.250000,-0.250000
2145,A1,24,0.240000,0,1,0,0,0,1,0,0,12,0.000,12.981,0.000000,7.557757,7.557757,7.797757,-7.797757
2145,A2,41,0.410000,0,1,0,0,0,1,0,0,13,0.000,12.981,0.000000,8.187570,8.187570,8.597570,-8.597570
2145,B0,34,0.340000,0,0,0,1,0,1,0,0,0,0.000,12.981,0.000000,0.000000,0.000000,0.340000,-0.340000
2145,B1,29,0.290000,0,0,0,1,0,1,0,0,10,0.000,12.981,0.000000,6.298131,6.298131,6.588131,-6.588131
2145,B2,26,0.260000,0,2,0,0,0,2,0,0,6,0.000,12.981,0.000000,3.778879,3.778879,4.038879,-4.038879
2145,C0,47,0.470000,0,2,0,1,0,3,0,0,0,0.000,12.981,0.000000,0.000000,0.000000,0.470000,-0.470000
2145,C1,24,0.240000,0,4,0,1,0,5,0,0,0,0.000,12.981,0.000000,0.000000,0.000000,0.240000,-0.240000
2145,C2,17,0.170000,0,0,0,1,0,1,0,0,0,0.000,12.981,0.000000,0.000000,0.000000,0.170000,-0.170000
2150,A0,25,0.250000,0,3,0,3,0,6,0,0,0,0.000,12.981,0.000000,0.000000,0.000000,0.250000,-0.250000
2150,A1,24,0.240000,0,1,0,0,0,1,0,0,15,0.000,12.981,0.000000,9.447196,9.447196,9.687196,-9.687196
2150,A2,41,0.410000,0,1,0,0,0,1,0,0,17,0.000,12.981,0.000000,10.706822,10.706822,11.116822,-11.116822
2150,B0,34,0.340000,0,0,0,1,0,1,0,0,0,0.000,12.981,0.000000,0.000000,0.000000,0.340000,-0.340000
2150,B1,26,0.260000,0,1,0,1,0,2,0,0,9,0.000,12.981,0.000000,5.668318,5.668318,5.928318,-5.928318
2150,B2,27,0.270000,0,4,0,0,0,4,0,0,4,0.000,12.981,0.000000,2.519252,2.519252,2.789252,-2.789252
2150,C0,47,0.470000,0,2,0,1,0,3,0,0,0,0.000,12.981,0.000000,0.000000,0.000000,0.470000,-0.470000
2150,C1,24,0.240000,0,5,0,2,0,7,0,0,0,0.000,12.981,0.000000,0.000000,0.000000,0.240000,-0.240000
2150,C2,16,0.160000,0,0,0,1,0,1,0,0,0,0.000,12.981,0.000000,0.000000,0.000000,0.160000,-0.160000
2155,A0,25,0.250000,0,0,0,0,0,0,6,0,0,0.000,0.000,0.000000,0.000000,0.000000,0.250000,-0.250000
2155,A1,24,0.240000,0,0,0,0,0,0,2,0,0,0.000,0.000,0.000000,0.000000,0.000000,0.240000,-0.240000
2155,A2,39,0.390000,0,0,0,0,0,0,1,0,0,0.000,0.000,0.000000,0.000000,0.000000,0.390000,-0.390000
2155,B0,34,0.340000,0,0,0,0,0,0,1,0,0,0.000,0.000,0.000000,0.000000,0.000000,0.340000,-0.340000
2155,B1,25,0.250000,0,0,0,0,0,0,3,0,0,0.000,0.000,0.000000,0.000000,0.000000,0.250000,-0.250000
2155,B2,27,0.270000,0,0,0,0,0,0,3,0,0,0.000,0.000,0.000000,0.000000,0.000000,0.270000,-0.270000
2155,C0,47,0.470000,0,0,0,0,0,0,4,0,0,0.000,0.000,0.000000,0.000000,0.000000,0.470000,-0.470000
2155,C1,24,0.240000,0,0,0,0,0,0,9,0,0,0.000,0.000,0.000000,0.000000,0.000000,0.240000,-0.240000
2155,C2,17,0.170000,0,0,0,0,0,0,2,0,0,0.000,0.000,0.000000,0.000000,0.000000,0.170000,-0.170000
2160,A0,25,0.250000,0,0,0,0,0,0,9,0,0,0.000,0.000,0.000000,0.000000,0.000000,0.250000,-0.250000
2160,A1,24,0.240000,0,0,0,0,0,0,2,0,0,0.000,0.000,0.000000,0.000000,0.000000,0.240000,-0.240000
2160,A2,38,0.380000,0,0,0,0,0,0,1,0,0,0.000,0.000,0.000000,0.000000,0.000000,0.380000,-0.380000
2160,B0,34,0.340000,0,0,0,0,0,0,1,0,0,0.000,0.000,0.000000,0.000000,0.000000,0.340000,-0.340000
2160,B1,29,0.290000,0,0,0,0,0,0,3,0,0,0.000,0.000,0.000000,0.000000,0.000000,0.290000,-0.290000
2160,B2,27,0.270000,0,0,0,0,0,0,5,0,0,0.000,0.000,0.000000,0.000000,0.000000,0.270000,-0.270000
2160,C0,47,0.470000,0,0,0,0,0,0,5,0,0,0.000,0.000,0.000000,0.000000,0.000000,0.470000,-0.470000
2160,C1,24,0.240000,0,0,0,0,0,0,9,0,0,0.000,0.000,0.000000,0.000000,0.000000,0.240000,-0.240000
2160,C2,21,0.210000,0,0,0,0,0,0,3,0,0,0.000,0.000,0.000000,0.000000,0.000000,0.210000,-0.210000
2165,A0,48,0.480000,1,0,0,0,1,0,0,0,0,12.981,0.000,0.000000,0.000000,0.000000,0.480000,-0.480000
2165,A1,25,0.250000,0,0,0,0,0,0,0,0,0,0.000,0.000,0.000000,0.000000,0.000000,0.250000,-0.250000
2165,A2,14,0.140000,0,0,1,0,1,0,0,8,0,12.981,0.000,5.038505,0.000000,5.038505,5.178505,-5.178505
2165,B0,24,0.240000,0,0,0,0,0,0,0,0,0,0.000,0.000,0.000000,0.000000,0.000000,0.240000,-0.240000
2165,B1,44,0.440000,0,0,0,0,0,0,0,0,0,0.000,0.000,0.000000,0.000000,0.000000,0.440000,-0.440000
2165,B2,31,0.310000,1,0,0,0,1,0,0,1,0,12.981,0.000,0.629813,0.000000,0.629813,0.939813,-0.939813
2165,C0,25,0.250000,0,0,1,0,1,0,0,0,0,12.981,0.000,0.000000,0.000000,0.000000,0.250000,-0.250000
2165,C1,47,0.470000,1,0,0,0,1,0,0,0,0,12.981,0.000,0.000000,0.000000,0.000000,0.470000,-0.470000
2165,C2,25,0.250000,0,0,0,0,0,0,0,0,0,0.000,0.000,0.000000,0.000000,0.000000,0.250000,-0.250000
2170,A0,48,0.480000,4,0,0,0,4,0,0,0,0,12.981,0.000,0.000000,0.000000,0.000000,0.480000,-0.480000
2170,A1,29,0.290000,0,0,0,0,0,0,0,0,0,0.000,0.000,0.000000,0.000000,0.000000,0.290000,-0.290000
2170,A2,16,0.160000,0,0,1,0,1,0,0,4,0,12.981,0.000,2.519252,0.000000,2.519252,2.679252,-2.679252
2170,B0,24,0.240000,0,0,0,0,0,0,0,0,0,0.000,0.000,0.000000,0.000000,0.000000,0.240000,-0.240000
2170,B1,44,0.440000,0,0,0,0,0,0,0,0,0,0.000,0.000,0.000000,0.000000,0.000000,0.440000,-0.440000
2170,B2,31,0.310000,1,0,0,0,1,0,0,4,0,12.981,0.000,2.519252,0.000000,2.519252,2.829252,-2.829252
2170,C0,25,0.250000,0,0,2,0,2,0,0,0,0,12.981,0.000,0.000000,0.000000,0.000000,0.250000,-0.250000
2170,C1,47,0.470000,3,0,0,0,3,0,0,0,0,12.981,0.000,0.000000,0.000000,0.000000,0.470000,-0.470000
2170,C2,25,0.250000,0,0,2,0,2,0,0,0,0,12.981,0.000,0.000000,0.000000,0.000000,0.250000,-0.250000
2175,A0,48,0.480000,4,0,1,0,5,0,0,0,0,12.981,0.000,0.000000,0.000000,0.000000,0.480000,-0.480000
2175,A1,31,0.310000,0,0,0,0,0,0,0,0,0,0.000,0.000,0.000000,0.000000,0.000000,0.310000,-0.310000
2175,A2,19,0.190000,0,0,1,0,1,0,0,1,0,12.981,0.000,0.629813,0.000000,0.629813,0.819813,-0.819813
2175,B0,24,0.240000,0,0,0,0,0,0,0,0,0,0.000,0.000,0.000000,0.000000,0.000000,0.240000,-0.240000
2175,B1,44,0.440000,0,0,0,0,0,0,0,0,0,0.000,0.000,0.000000,0.000000,0.000000,0.440000,-0.440000
2175,B2,31,0.310000,1,0,0,0,1,0,0,6,0,12.981,0.000,3.778879,0.000000,3.778879,4.088879,-4.088879
2175,C0,25,0.250000,0,0,3,0,3,0,0,0,0,12.981,0.000,0.000000,0.000000,0.000000,0.250000,-0.250000
2175,C1,47,0.470000,3,0,0,0,3,0,0,0,0,12.981,0.000,0.000000,0.000000,0.000000,0.470000,-0.470000
2175,C2,25,0.250000,0,0,2,0,2,0,0,0,0,12.981,0.000,0.000000,0.000000,0.000000,0.250000,-0.250000
2180,A0,48,0.480000,6,0,1,0,7,0,0,0,0,12.981,0.000,0.000000,0.000000,0.000000,0.480000,-0.480000
2180,A1,33,0.330000,0,0,0,0,0,0,0,0,0,0.000,0.000,0.000000,0.000000,0.000000,0.330000,-0.330000
2180,A2,23,0.230000,0,0,1,0,1,0,0,0,0,12.981,0.000,0.000000,0.000000,0.000000,0.230000,-0.230000
2180,B0,24,0.240000,0,0,0,0,0,0,0,0,0,0.000,0.000,0.000000,0.000000,0.000000,0.240000,-0.240000
2180,B1,44,0.440000,0,0,0,0,0,0,0,0,0,0.000,0.000,0.000000,0.000000,0.000000,0.440000,-0.440000
2180,B2,31,0.310000,1,0,0,0,1,0,0,6,0,12.981,0.000,3.778879,0.000000,3.778879,4.088879,-4.088879
2180,C0,25,0.250000,1,0,3,0,4,0,0,0,0,12.981,0.000,0.000000,0.000000,0.000000,0.250000,-0.250000
2180,C1,47,0.470000,3,0,0,0,3,0,0,0,0,12.981,0.000,0.000000,0.000000,0.000000,0.470000,-0.470000
2180,C2,25,0.250000,0,0,3,0,3,0,0,0,0,12.981,0.000,0.000000,0.000000,0.000000,0.250000,-0.250000
2185,A0,48,0.480000,6,0,1,0,7,0,0,0,0,12.981,0.000,0.000000,0.000000,0.000000,0.480000,-0.480000
2185,A1,40,0.400000,0,0,1,0,1,0,0,8,0,12.981,0.000,5.038505,0.000000,5.038505,5.438505,-5.438505
2185,A2,25,0.250000,0,0,1,0,1,0,0,0,0,12.981,0.000,0.000000,0.000000,0.000000,0.250000,-0.250000
2185,B0,24,0.240000,0,0,0,0,0,0,0,0,0,0.000,0.000,0.000000,0.000000,0.000000,0.240000,-0.240000
2185,B1,44,0.440000,0,0,0,0,0,0,0,0,0,0.000,0.000,0.000000,0.000000,0.000000,0.440000,-0.440000
2185,B2,31,0.310000,1,0,1,0,2,0,0,5,0,12.981,0.000,3.149065,0.000000,3.149065,3.459065,-3.459065
2185,C0,25,0.250000,1,0,4,0,5,0,0,0,0,12.981,0.000,0.000000,0.000000,0.000000,0.250000,-0.250000
2185,C1,47,0.470000,3,0,0,0,3,0,0,0,0,12.981,0.000,0.000000,0.000000,0.000000,0.470000,-0.470000
2185,C2,25,0.250000,0,0,3,0,3,0,0,0,0,12.981,0.000,0.000000,0.000000,0.000000,0.250000,-0.250000
2190,A0,48,0.480000,6,0,1,0,7,0,0,0,0,12.981,0.000,0.000000,0.000000,0.000000,0.480000,-0.480000
2190,A1,44,0.440000,0,0,1,0,1,0,0,7,0,12.981,0.000,4.408692,0.000000,4.408692,4.848692,-4.848692
2190,A2,25,0.250000,0,0,2,0,2,0,0,0,0,12.981,0.000,0.000000,0.000000,0.000000,0.250000,-0.250000
2190,B0,24,0.240000,0,0,0,0,0,0,0,0,0,0.000,0.000,0.000000,0.000000,0.000000,0.240000,-0.240000
2190,B1,44,0.440000,0,0,0,0,0,0,0,0,0,0.000,0.000,0.000000,0.000000,0.000000,0.440000,-0.440000
2190,B2,31,0.310000,1,0,1,0,2,0,0,3,0,12.981,0.000,1.889439,0.000000,1.889439,2.199439,-2.199439
2190,C0,25,0.250000,1,0,5,0,6,0,0,0,0,12.981,0.000,0.000000,0.000000,0.000000,0.250000,-0.250000
2190,C1,47,0.470000,3,0,0,0,3,0,0,0,0,12.981,0.000,0.000000,0.000000,0.000000,0.470000,-0.470000
2190,C2,25,0.250000,0,0,5,0,5,0,0,0,0,12.981,0.000,0.000000,0.000000,0.000000,0.250000,-0.250000
2195,A0,44,0.440000,7,0,2,0,9,0,0,1,0,12.981,0.000,0.629813,0.000000,0.629813,1.069813,-1.069813
2195,A1,46,0.460000,0,0,2,0,2,0,0,8,0,12.981,0.000,5.038505,0.000000,5.038505,5.498505,-5.498505
2195,A2,25,0.250000,0,0,2,0,2,0,0,0,0,12.981,0.000,0.000000,0.000000,0.000000,0.250000,-0.250000
2195,B0,24,0.240000,0,0,1,0,1,0,0,0,0,12.981,0.000,0.000000,0.000000,0.000000,0.240000,-0.240000
2195,B1,44,0.440000,0,0,0,0,0,0,0,0,0,0.000,0.000,0.000000,0.000000,0.000000,0.440000,-0.440000
2195,B2,31,0.310000,1,0,1,0,2,0,0,2,0,12.981,0.000,1.259626,0.000000,1.259626,1.569626,-1.569626
2195,C0,25,0.250000,1,0,5,0,6,0,0,0,0,12.981,0.000,0.000000,0.000000,0.000000,0.250000,-0.250000
2195,C1,47,0.470000,3,0,0,0,3,0,0,0,0,12.981,0.000,0.000000,0.000000,0.000000,0.470000,-0.470000
2195,C2,25,0.250000,0,0,6,0,6,0,0,0,0,12.981,0.000,0.000000,0.000000,0.000000,0.250000,-0.250000
2200,A0,41,0.410000,0,0,0,0,0,0,9,0,0,0.000,0.000,0.000000,0.000000,0.000000,0.410000,-0.410000
2200,A1,46,0.460000,0,0,0,0,0,0,2,0,0,0.000,0.000,0.000000,0.000000,0.000000,0.460000,-0.460000
2200,A2,26,0.260000,0,0,0,0,0,0,2,0,0,0.000,0.000,0.000000,0.000000,0.000000,0.260000,-0.260000
2200,B0,24,0.240000,0,0,0,0,0,0,1,0,0,0.000,0.000,0.000000,0.000000,0.000000,0.240000,-0.240000
2200,B1,44,0.440000,0,0,0,0,0,0,0,0,0,0.000,0.000,0.000000,0.000000,0.000000,0.440000,-0.440000
2200,B2,31,0.310000,0,0,0,0,0,0,2,0,0,0.000,0.000,0.000000,0.000000,0.000000,0.310000,-0.310000
2200,C0,25,0.250000,0,0,0,0,0,0,6,0,0,0.000,0.000,0.000000,0.000000,0.000000,0.250000,-0.250000
2200,C1,47,0.470000,0,0,0,0,0,0,3,0,0,0.000,0.000,0.000000,0.000000,0.000000,0.470000,-0.470000
2200,C2,25,0.250000,0,0,0,0,0,0,8,0,0,0.000,0.000,0.000000,0.000000,0.000000,0.250000,-0.250000
2205,A0,40,0.400000,0,0,0,0,0,0,9,0,0,0.000,0.000,0.000000,0.000000,0.000000,0.400000,-0.400000
2205,A1,46,0.460000,0,0,0,0,0,0,2,0,0,0.000,0.000,0.000000,0.000000,0.000000,0.460000,-0.460000
2205,A2,27,0.270000,0,0,0,0,0,0,3,0,0,0.000,0.000,0.000000,0.000000,0.000000,0.270000,-0.270000
2205,B0,24,0.240000,0,0,0,0,0,0,2,0,0,0.000,0.000,0.000000,0.000000,0.000000,0.240000,-0.240000
2205,B1,42,0.420000,0,0,0,0,0,0,0,0,0,0.000,0.000,0.000000,0.000000,0.000000,0.420000,-0.420000
2205,B2,31,0.310000,0,0,0,0,0,0,3,0,0,0.000,0.000,0.000000,0.000000,0.000000,0.310000,-0.310000
2205,C0,25,0.250000,0,0,0,0,0,0,8,0,0,0.000,0.000,0.000000,0.000000,0.000000,0.250000,-0.250000
2205,C1,47,0.470000,0,0,0,0,0,0,3,0,0,0.000,0.000,0.000000,0.000000,0.000000,0.470000,-0.470000
2205,C2,26,0.260000,0,0,0,0,0,0,10,0,0,0.000,0.000,0.000000,0.000000,0.000000,0.260000,-0.260000
2210,A0,17,0.170000,0,0,0,0,0,0,0,0,0,0.000,0.000,0.000000,0.000000,0.000000,0.170000,-0.170000
2210,A1,24,0.240000,0,0,0,1,0,1,0,0,0,0.000,12.981,0.000000,0.000000,0.000000,0.240000,-0.240000
2210,A2,48,0.480000,0,0,0,0,0,0,0,0,0,0.000,0.000,0.000000,0.000000,0.000000,0.480000,-0.480000
2210,B0,34,0.340000,0,0,0,0,0,0,0,0,0,0.000,0.000,0.000000,0.000000,0.000000,0.340000,-0.340000
2210,B1,19,0.190000,0,0,0,0,0,0,0,0,0,0.000,0.000,0.000000,0.000000,0.000000,0.190000,-0.190000
2210,B2,26,0.260000,0,1,0,1,0,2,0,0,9,0.000,12.981,0.000000,5.668318,5.668318,5.928318,-5.928318
2210,C0,47,0.470000,0,0,0,2,0,2,0,0,0,0.000,12.981,0.000000,0.000000,0.000000,0.470000,-0.470000
2210,C1,24,0.240000,0,0,0,0,0,0,0,0,0,0.000,0.000,0.000000,0.000000,0.000000,0.240000,-0.240000
2210,C2,25,0.250000,0,1,0,0,0,1,0,0,2,0.000,12.981,0.000000,1.259626,1.259626,1.509626,-1.509626
2215,A0,15,0.150000,0,0,0,0,0,0,0,0,0,0.000,0.000,0.000000,0.000000,0.000000,0.150000,-0.150000
2215,A1,24,0.240000,0,0,0,1,0,1,0,0,0,0.000,12.981,0.000000,0.000000,0.000000,0.240000,-0.240000
2215,A2,48,0.480000,0,0,0,0,0,0,0,0,0,0.000,0.000,0.000000,0.000000,0.000000,0.480000,-0.480000
2215,B0,34,0.340000,0,0,0,1,0,1,0,0,4,0.000,12.981,0.000000,2.519252,2.519252,2.859252,-2.859252
2215,B1,21,0.210000,0,1,0,0,0,1,0,0,7,0.000,12.981,0.000000,4.408692,4.408692,4.618692,-4.618692
2215,B2,26,0.260000,0,2,0,1,0,3,0,0,11,0.000,12.981,0.000000,6.927944,6.927944,7.187944,-7.187944
2215,C0,47,0.470000,0,0,0,2,0,2,0,0,0,0.000,12.981,0.000000,0.000000,0.000000,0.470000,-0.470000
2215,C1,24,0.240000,0,0,0,1,0,1,0,0,0,0.000,12.981,0.000000,0.000000,0.000000,0.240000,-0.240000
2215,C2,25,0.250000,0,3,0,0,0,3,0,0,3,0.000,12.981,0.000000,1.889439,1.889439,2.139439,-2.139439
2220,A0,14,0.140000,0,0,0,0,0,0,0,0,0,0.000,0.000,0.000000,0.000000,0.000000,0.140000,-0.140000
2220,A1,24,0.240000,0,0,0,1,0,1,0,0,0,0.000,12.981,0.000000,0.000000,0.000000,0.240000,-0.240000
2220,A2,48,0.480000,0,1,0,0,0,1,0,0,0,0.000,12.981,0.000000,0.000000,0.000000,0.480000,-0.480000
2220,B0,34,0.340000,0,0,0,1,0,1,0,0,6,0.000,12.981,0.000000,3.778879,3.778879,4.118879,-4.118879
2220,B1,24,0.240000,0,1,0,0,0,1,0,0,10,0.000,12.981,0.000000,6.298131,6.298131,6.538131,-6.538131
2220,B2,26,0.260000,0,1,0,1,0,2,0,0,9,0.000,12.981,0.000000,5.668318,5.668318,5.928318,-5.928318
2220,C0,47,0.470000,0,0,0,3,0,3,0,0,0,0.000,12.981,0.000000,0.000000,0.000000,0.470000,-0.470000
2220,C1,24,0.240000,0,0,0,1,0,1,0,0,0,0.000,12.981,0.000000,0.000000,0.000000,0.240000,-0.240000
2220,C2,25,0.250000,0,1,0,0,0,1,0,0,1,0.000,12.981,0.000000,0.629813,0.629813,0.879813,-0.879813
2225,A0,17,0.170000,0,0,0,0,0,0,0,0,0,0.000,0.000,0.000000,0.000000,0.000000,0.170000,-0.170000
2225,A1,24,0.240000,0,2,0,1,0,3,0,0,0,0.000,12.981,0.000000,0.000000,0.000000,0.240000,-0.240000
2225,A2,48,0.480000,0,1,0,0,0,1,0,0,0,0.000,12.981,0.000000,0.000000,0.000000,0.480000,-0.480000
2225,B0,36,0.360000,0,0,0,1,0,1,0,0,5,0.000,12.981,0.000000,3.149065,3.149065,3.509065,-3.509065
2225,B1,24,0.240000,0,1,0,0,0,1,0,0,9,0.000,12.981,0.000000,5.668318,5.668318,5.908318,-5.908318
2225,B2,26,0.260000,0,1,0,1,0,2,0,0,8,0.000,12.981,0.000000,5.038505,5.038505,5.298505,-5.298505
2225,C0,47,0.470000,0,1,0,4,0,5,0,0,1,0.000,12.981,0.000000,0.629813,0.629813,1.099813,-1.099813
2225,C1,24,0.240000,0,0,0,2,0,2,0,0,0,0.000,12.981,0.000000,0.000000,0.000000,0.240000,-0.240000
2225,C2,25,0.250000,0,1,0,0,0,1,0,0,0,0.000,12.981,0.000000,0.000000,0.000000,0.250000,-0.250000
2230,A0,20,0.200000,0,0,0,1,0,1,0,0,14,0.000,12.981,0.000000,8.817383,8.817383,9.017383,-9.017383
2230,A1,24,0.240000,0,2,0,1,0,3,0,0,1,0.000,12.981,0.000000,0.629813,0.629813,0.869813,-0.869813
2230,A2,48,0.480000,0,1,0,1,0,2,0,0,0,0.000,12.981,0.000000,0.000000,0.000000,0.480000,-0.480000
2230,B0,36,0.360000,0,0,0,2,0,2,0,0,3,0.000,12.981,0.000000,1.889439,1.889439,2.249439,-2.249439
2230,B1,24,0.240000,0,1,0,1,0,2,0,0,10,0.000,12.981,0.000000,6.298131,6.298131,6.538131,-6.538131
2230,B2,26,0.260000,0,2,0,1,0,3,0,0,11,0.000,12.981,0.000000,6.927944,6.927944,7.187944,-7.187944
2230,C0,47,0.470000,0,1,0,4,0,5,0,0,3,0.000,12.981,0.000000,1.889439,1.889439,2.359439,-2.359439
2230,C1,24,0.240000,0,0,0,2,0,2,0,0,1,0.000,12.981,0.000000,0.629813,0.629813,0.869813,-0.869813
2230,C2,25,0.250000,0,1,0,0,0,1,0,0,0,0.000,12.981,0.000000,0.000000,0.000000,0.250000,-0.250000
2235,A0,25,0.250000,0,0,0,1,0,1,0,0,11,0.000,12.981,0.000000,6.927944,6.927944,7.177944,-7.177944
2235,A1,24,0.240000,0,2,0,1,0,3,0,0,0,0.000,12.981,0.000000,0.000000,0.000000,0.240000,-0.240000
2235,A2,48,0.480000,0,1,0,1,0,2,0,0,2,0.000,12.981,0.000000,1.259626,1.259626,1.739626,-1.739626
2235,B0,30,0.300000,0,0,0,2,0,2,0,0,0,0.000,12.981,0.000000,0.000000,0.000000,0.300000,-0.300000
2235,B1,24,0.240000,0,1,0,1,0,2,0,0,9,0.000,12.981,0.000000,5.668318,5.668318,5.908318,-5.908318
2235,B2,26,0.260000,0,2,0,1,0,3,0,0,12,0.000,12.981,0.000000,7.557757,7.557757,7.817757,-7.817757
2235,C0,47,0.470000,0,3,0,4,0,7,0,0,6,0.000,12.981,0.000000,3.778879,3.778879,4.248879,-4.248879
2235,C1,24,0.240000,0,0,0,2,0,2,0,0,4,0.000,12.981,0.000000,2.519252,2.519252,2.759252,-2.759252
2235,C2,25,0.250000,0,1,0,1,0,2,0,0,0,0.000,12.981,0.000000,0.000000,0.000000,0.250000,-0.250000
2240,A0,25,0.250000,0,0,0,1,0,1,0,0,10,0.000,12.981,0.000000,6.298131,6.298131,6.548131,-6.548131
2240,A1,24,0.240000,0,2,0,1,0,3,0,0,0,0.000,12.981,0.000000,0.000000,0.000000,0.240000,-0.240000
2240,A2,48,0.480000,0,2,0,1,0,3,0,0,5,0.000,12.981,0.000000,3.149065,3.149065,3.629065,-3.629065
2240,B0,24,0.240000,0,0,0,2,0,2,0,0,0,0.000,12.981,0.000000,0.000000,0.000000,0.240000,-0.240000
2240,B1,24,0.240000,0,2,0,1,0,3,0,0,5,0.000,12.981,0.000000,3.149065,3.149065,3.389065,-3.389065
2240,B2,26,0.260000,0,2,0,1,0,3,0,0,10,0.000,12.981,0.000000,6.298131,6.298131,6.558131,-6.558131
2240,C0,47,0.470000,0,3,0,4,0,7,0,0,6,0.000,12.981,0.000000,3.778879,3.778879,4.248879,-4.248879
2240,C1,24,0.240000,0,0,0,2,0,2,0,0,7,0.000,12.981,0.000000,4.408692,4.408692,4.648692,-4.648692
2240,C2,25,0.250000,0,1,0,1,0,2,0,0,0,0.000,12.981,0.000000,0.000000,0.000000,0.250000,-0.250000
2245,A0,25,0.250000,0,0,0,0,0,0,2,0,0,0.000,0.000,0.000000,0.000000,0.000000,0.250000,-0.250000
2245,A1,24,0.240000,0,0,0,0,0,0,4,0,0,0.000,0.000,0.000000,0.000000,0.000000,0.240000,-0.240000
2245,A2,48,0.480000,0,0,0,0,0,0,4,0,0,0.000,0.000,0.000000,0.000000,0.000000,0.480000,-0.480000
2245,B0,20,0.200000,0,0,0,0,0,0,2,0,0,0.000,0.000,0.000000,0.000000,0.000000,0.200000,-0.200000
2245,B1,24,0.240000,0,0,0,0,0,0,3,0,0,0.000,0.000,0.000000,0.000000,0.000000,0.240000,-0.240000
2245,B2,26,0.260000,0,0,0,0,0,0,4,0,0,0.000,0.000,0.000000,0.000000,0.000000,0.260000,-0.260000
2245,C0,47,0.470000,0,0,0,0,0,0,7,0,0,0.000,0.000,0.000000,0.000000,0.000000,0.470000,-0.470000
2245,C1,24,0.240000,0,0,0,0,0,0,2,0,0,0.000,0.000,0.000000,0.000000,0.000000,0.240000,-0.240000
2245,C2,25,0.250000,0,0,0,0,0,0,4,0,0,0.000,0.000,0.000000,0.000000,0.000000,0.250000,-0.250000
2250,A0,25,0.250000,0,0,0,0,0,0,3,0,0,0.000,0.000,0.000000,0.000000,0.000000,0.250000,-0.250000
2250,A1,24,0.240000,0,0,0,0,0,0,4,0,0,0.000,0.000,0.000000,0.000000,0.000000,0.240000,-0.240000
2250,A2,48,0.480000,0,0,0,0,0,0,4,0,0,0.000,0.000,0.000000,0.000000,0.000000,0.480000,-0.480000
2250,B0,23,0.230000,0,0,0,0,0,0,2,0,0,0.000,0.000,0.000000,0.000000,0.000000,0.230000,-0.230000
2250,B1,24,0.240000,0,0,0,0,0,0,3,0,0,0.000,0.000,0.000000,0.000000,0.000000,0.240000,-0.240000
2250,B2,26,0.260000,0,0,0,0,0,0,5,0,0,0.000,0.000,0.000000,0.000000,0.000000,0.260000,-0.260000
2250,C0,47,0.470000,0,0,0,0,0,0,8,0,0,0.000,0.000,0.000000,0.000000,0.000000,0.470000,-0.470000
2250,C1,24,0.240000,0,0,0,0,0,0,2,0,0,0.000,0.000,0.000000,0.000000,0.000000,0.240000,-0.240000
2250,C2,25,0.250000,0,0,0,0,0,0,4,0,0,0.000,0.000,0.000000,0.000000,0.000000,0.250000,-0.250000
2255,A0,41,0.410000,0,0,0,0,0,0,0,0,0,0.000,0.000,0.000000,0.000000,0.000000,0.410000,-0.410000
2255,A1,47,0.470000,0,0,0,0,0,0,0,0,0,0.000,0.000,0.000000,0.000000,0.000000,0.470000,-0.470000
2255,A2,16,0.160000,2,0,1,0,3,0,0,0,0,12.981,0.000,0.000000,0.000000,0.000000,0.160000,-0.160000
2255,B0,24,0.240000,0,0,0,0,0,0,0,0,0,0.000,0.000,0.000000,0.000000,0.000000,0.240000,-0.240000
2255,B1,44,0.440000,0,0,0,0,0,0,0,0,0,0.000,0.000,0.000000,0.000000,0.000000,0.440000,-0.440000
2255,B2,23,0.230000,1,0,0,0,1,0,0,1,0,12.981,0.000,0.629813,0.000000,0.629813,0.859813,-0.859813
2255,C0,28,0.280000,0,0,1,0,1,0,0,0,0,12.981,0.000,0.000000,0.000000,0.000000,0.280000,-0.280000
2255,C1,30,0.300000,0,0,0,0,0,0,0,0,0,0.000,0.000,0.000000,0.000000,0.000000,0.300000,-0.300000
2255,C2,25,0.250000,0,0,0,0,0,0,0,0,0,0.000,0.000,0.000000,0.000000,0.000000,0.250000,-0.250000
2260,A0,45,0.450000,3,0,0,0,3,0,0,0,0,12.981,0.000,0.000000,0.000000,0.000000,0.450000,-0.450000
2260,A1,47,0.470000,0,0,0,0,0,0,0,0,0,0.000,0.000,0.000000,0.000000,0.000000,0.470000,-0.470000
2260,A2,16,0.160000,3,0,0,0,3,0,0,0,0,12.981,0.000,0.000000,0.000000,0.000000,0.160000,-0.160000
2260,B0,24,0.240000,0,0,0,0,0,0,0,0,0,0.000,0.000,0.000000,0.000000,0.000000,0.240000,-0.240000
2260,B1,44,0.440000,0,0,0,0,0,0,0,0,0,0.000,0.000,0.000000,0.000000,0.000000,0.440000,-0.440000
2260,B2,26,0.260000,1,0,0,0,1,0,0,0,0,12.981,0.000,0.000000,0.000000,0.000000,0.260000,-0.260000
2260,C0,28,0.280000,0,0,1,0,1,0,0,0,0,12.981,0.000,0.000000,0.000000,0.000000,0.280000,-0.280000
2260,C1,32,0.320000,0,0,0,0,0,0,0,0,0,0.000,0.000,0.000000,0.000000,0.000000,0.320000,-0.320000
2260,C2,25,0.250000,0,0,2,0,2,0,0,0,0,12.981,0.000,0.000000,0.000000,0.000000,0.250000,-0.250000
2265,A0,47,0.470000,4,0,0,0,4,0,0,0,0,12.981,0.000,0.000000,0.000000,0.000000,0.470000,-0.470000
2265,A1,47,0.470000,0,0,0,0,0,0,0,0,0,0.000,0.000,0.000000,0.000000,0.000000,0.470000,-0.470000
2265,A2,19,0.190000,3,0,0,0,3,0,0,0,0,12.981,0.000,0.000000,0.000000,0.000000,0.190000,-0.190000
2265,B0,24,0.240000,0,0,0,0,0,0,0,0,0,0.000,0.000,0.000000,0.000000,0.000000,0.240000,-0.240000
2265,B1,44,0.440000,0,0,0,0,0,0,0,0,0,0.000,0.000,0.000000,0.000000,0.000000,0.440000,-0.440000
2265,B2,29,0.290000,1,0,0,0,1,0,0,0,0,12.981,0.000,0.000000,0.000000,0.000000,0.290000,-0.290000
2265,C0,28,0.280000,0,0,1,0,1,0,0,0,0,12.981,0.000,0.000000,0.000000,0.000000,0.280000,-0.280000
2265,C1,36,0.360000,0,0,0,0,0,0,0,0,0,0.000,0.000,0.000000,0.000000,0.000000,0.360000,-0.360000
2265,C2,25,0.250000,0,0,2,0,2,0,0,0,0,12.981,0.000,0.000000,0.000000,0.000000,0.250000,-0.250000
2270,A0,47,0.470000,4,0,0,0,4,0,0,0,0,12.981,0.000,0.000000,0.000000,0.000000,0.470000,-0.470000
2270,A1,47,0.470000,0,0,0,0,0,0,0,0,0,0.000,0.000,0.000000,0.000000,0.000000,0.470000,-0.470000
2270,A2,21,0.210000,3,0,1,0,4,0,0,0,0,12.981,0.000,0.000000,0.000000,0.000000,0.210000,-0.210000
2270,B0,24,0.240000,0,0,0,0,0,0,0,0,0,0.000,0.000,0.000000,0.000000,0.000000,0.240000,-0.240000
2270,B1,44,0.440000,0,0,0,0,0,0,0,0,0,0.000,0.000,0.000000,0.000000,0.000000,0.440000,-0.440000
2270,B2,30,0.300000,1,0,0,0,1,0,0,0,0,12.981,0.000,0.000000,0.000000,0.000000,0.300000,-0.300000
2270,C0,28,0.280000,0,0,1,0,1,0,0,0,0,12.981,0.000,0.000000,0.000000,0.000000,0.280000,-0.280000
2270,C1,39,0.390000,0,0,0,0,0,0,0,0,0,0.000,0.000,0.000000,0.000000,0.000000,0.390000,-0.390000
2270,C2,25,0.250000,1,0,2,0,3,0,0,0,0,12.981,0.000,0.000000,0.000000,0.000000,0.250000,-0.250000
2275,A0,47,0.470000,4,0,0,0,4,0,0,0,0,12.981,0.000,0.000000,0.000000,0.000000,0.470000,-0.470000
2275,A1,47,0.470000,0,0,0,0,0,0,0,0,0,0.000,0.000,0.000000,0.000000,0.000000,0.470000,-0.470000
2275,A2,25,0.250000,5,0,1,0,6,0,0,0,0,12.981,0.000,0.000000,0.000000,0.000000,0.250000,-0.250000
2275,B0,22,0.220000,0,0,0,0,0,0,0,0,0,0.000,0.000,0.000000,0.000000,0.000000,0.220000,-0.220000
2275,B1,44,0.440000,1,0,0,0,1,0,0,8,0,12.981,0.000,5.038505,0.000000,5.038505,5.478505,-5.478505
2275,B2,30,0.300000,1,0,0,0,1,0,0,0,0,12.981,0.000,0.000000,0.000000,0.000000,0.300000,-0.300000
2275,C0,28,0.280000,1,0,2,0,3,0,0,0,0,12.981,0.000,0.000000,0.000000,0.000000,0.280000,-0.280000
2275,C1,41,0.410000,0,0,0,0,0,0,0,0,0,0.000,0.000,0.000000,0.000000,0.000000,0.410000,-0.410000
2275,C2,25,0.250000,1,0,2,0,3,0,0,0,0,12.981,0.000,0.000000,0.000000,0.000000,0.250000,-0.250000
2280,A0,47,0.470000,4,0,1,0,5,0,0,0,0,12.981,0.000,0.000000,0.000000,0.000000,0.470000,-0.470000
2280,A1,47,0.470000,0,0,2,0,2,0,0,0,0,12.981,0.000,0.000000,0.000000,0.000000,0.470000,-0.470000
2280,A2,25,0.250000,5,0,2,0,7,0,0,0,0,12.981,0.000,0.000000,0.000000,0.000000,0.250000,-0.250000
2280,B0,18,0.180000,1,0,0,0,1,0,0,11,0,12.981,0.000,6.927944,0.000000,6.927944,7.107944,-7.107944
2280,B1,44,0.440000,1,0,0,0,1,0,0,4,0,12.981,0.000,2.519252,0.000000,2.519252,2.959252,-2.959252
2280,B2,30,0.300000,1,0,0,0,1,0,0,0,0,12.981,0.000,0.000000,0.000000,0.000000,0.300000,-0.300000
2280,C0,28,0.280000,2,0,2,0,4,0,0,0,0,12.981,0.000,0.000000,0.000000,0.000000,0.280000,-0.280000
2280,C1,45,0.450000,0,0,0,0,0,0,0,0,0,0.000,0.000,0.000000,0.000000,0.000000,0.450000,-0.450000
2280,C2,25,0.250000,1,0,2,0,3,0,0,0,0,12.981,0.000,0.000000,0.000000,0.000000,0.250000,-0.250000
2285,A0,47,0.470000,4,0,1,0,5,0,0,0,0,12.981,0.000,0.000000,0.000000,0.000000,0.470000,-0.470000
2285,A1,47,0.470000,0,0,2,0,2,0,0,0,0,12.981,0.000,0.000000,0.000000,0.000000,0.470000,-0.470000
2285,A2,25,0.250000,5,0,2,0,7,0,0,0,0,12.981,0.000,0.000000,0.000000,0.000000,0.250000,-0.250000
2285,B0,17,0.170000,1,0,0,0,1,0,0,11,0,12.981,0.000,6.927944,0.000000,6.927944,7.097944,-7.097944
2285,B1,44,0.440000,1,0,0,0,1,0,0,1,0,12.981,0.000,0.629813,0.000000,0.629813,1.069813,-1.069813
2285,B2,30,0.300000,1,0,1,0,2,0,0,0,0,12.981,0.000,0.000000,0.000000,0.000000,0.300000,-0.300000
2285,C0,28,0.280000,2,0,2,0,4,0,0,0,0,12.981,0.000,0.000000,0.000000,0.000000,0.280000,-0.280000
2285,C1,47,0.470000,0,0,0,0,0,0,0,0,0,0.000,0.000,0.000000,0.000000,0.000000,0.470000,-0.470000
2285,C2,25,0.250000,1,0,2,0,3,0,0,0,0,12.981,0.000,0.000000,0.000000,0.000000,0.250000,-0.250000
2290,A0,47,0.470000,0,0,0,0,0,0,5,0,0,0.000,0.000,0.000000,0.000000,0.000000,0.470000,-0.470000
2290,A1,47,0.470000,0,0,0,0,0,0,2,0,0,0.000,0.000,0.000000,0.000000,0.000000,0.470000,-0.470000
2290,A2,25,0.250000,0,0,0,0,0,0,7,0,0,0.000,0.000,0.000000,0.000000,0.000000,0.250000,-0.250000
2290,B0,17,0.170000,0,0,0,0,0,0,1,0,0,0.000,0.000,0.000000,0.000000,0.000000,0.170000,-0.170000
2290,B1,44,0.440000,0,0,0,0,0,0,2,0,0,0.000,0.000,0.000000,0.000000,0.000000,0.440000,-0.440000
2290,B2,30,0.300000,0,0,0,0,0,0,3,0,0,0.000,0.000,0.000000,0.000000,0.000000,0.300000,-0.300000
2290,C0,28,0.280000,0,0,0,0,0,0,6,0,0,0.000,0.000,0.000000,0.000000,0.000000,0.280000,-0.280000
2290,C1,47,0.470000,0,0,0,0,0,0,0,0,0,0.000,0.000,0.000000,0.000000,0.000000,0.470000,-0.470000
2290,C2,25,0.250000,0,0,0,0,0,0,4,0,0,0.000,0.000,0.000000,0.000000,0.000000,0.250000,-0.250000
2295,A0,47,0.470000,0,0,0,0,0,0,5,0,0,0.000,0.000,0.000000,0.000000,0.000000,0.470000,-0.470000
2295,A1,47,0.470000,0,0,0,0,0,0,3,0,0,0.000,0.000,0.000000,0.000000,0.000000,0.470000,-0.470000
2295,A2,25,0.250000,0,0,0,0,0,0,7,0,0,0.000,0.000,0.000000,0.000000,0.000000,0.250000,-0.250000
2295,B0,16,0.160000,0,0,0,0,0,0,1,0,0,0.000,0.000,0.000000,0.000000,0.000000,0.160000,-0.160000
2295,B1,44,0.440000,0,0,0,0,0,0,2,0,0,0.000,0.000,0.000000,0.000000,0.000000,0.440000,-0.440000
2295,B2,30,0.300000,0,0,0,0,0,0,3,0,0,0.000,0.000,0.000000,0.000000,0.000000,0.300000,-0.300000
2295,C0,28,0.280000,0,0,0,0,0,0,6,0,0,0.000,0.000,0.000000,0.000000,0.000000,0.280000,-0.280000
2295,C1,47,0.470000,0,0,0,0,0,0,0,0,0,0.000,0.000,0.000000,0.000000,0.000000,0.470000,-0.470000
2295,C2,25,0.250000,0,0,0,0,0,0,4,0,0,0.000,0.000,0.000000,0.000000,0.000000,0.250000,-0.250000
2300,A0,25,0.250000,0,0,0,0,0,0,0,0,0,0.000,0.000,0.000000,0.000000,0.000000,0.250000,-0.250000
2300,A1,24,0.240000,0,0,0,0,0,0,0,0,0,0.000,0.000,0.000000,0.000000,0.000000,0.240000,-0.240000
2300,A2,48,0.480000,0,0,0,1,0,1,0,0,0,0.000,12.981,0.000000,0.000000,0.000000,0.480000,-0.480000
2300,B0,26,0.260000,0,0,0,0,0,0,0,0,0,0.000,0.000,0.000000,0.000000,0.000000,0.260000,-0.260000
2300,B1,34,0.340000,0,1,0,0,0,1,0,0,0,0.000,12.981,0.000000,0.000000,0.000000,0.340000,-0.340000
2300,B2,18,0.180000,0,1,0,1,0,2,0,0,0,0.000,12.981,0.000000,0.000000,0.000000,0.180000,-0.180000
2300,C0,46,0.460000,0,0,0,1,0,1,0,0,2,0.000,12.981,0.000000,1.259626,1.259626,1.719626,-1.719626
2300,C1,25,0.250000,0,0,0,0,0,0,0,0,0,0.000,0.000,0.000000,0.000000,0.000000,0.250000,-0.250000
2300,C2,25,0.250000,0,0,0,0,0,0,0,0,0,0.000,0.000,0.000000,0.000000,0.000000,0.250000,-0.250000
2305,A0,25,0.250000,0,0,0,0,0,0,0,0,0,0.000,0.000,0.000000,0.000000,0.000000,0.250000,-0.250000
2305,A1,24,0.240000,0,0,0,0,0,0,0,0,0,0.000,0.000,0.000000,0.000000,0.000000,0.240000,-0.240000
2305,A2,48,0.480000,0,0,0,3,0,3,0,0,0,0.000,12.981,0.000000,0.000000,0.000000,0.480000,-0.480000
2305,B0,29,0.290000,0,0,0,0,0,0,0,0,0,0.000,0.000,0.000000,0.000000,0.000000,0.290000,-0.290000
2305,B1,34,0.340000,0,1,0,0,0,1,0,0,0,0.000,12.981,0.000000,0.000000,0.000000,0.340000,-0.340000
2305,B2,16,0.160000,0,1,0,1,0,2,0,0,0,0.000,12.981,0.000000,0.000000,0.000000,0.160000,-0.160000
2305,C0,38,0.380000,0,1,0,1,0,2,0,0,3,0.000,12.981,0.000000,1.889439,1.889439,2.269439,-2.269439
2305,C1,22,0.220000,0,0,0,0,0,0,0,0,0,0.000,0.000,0.000000,0.000000,0.000000,0.220000,-0.220000
2305,C2,25,0.250000,0,0,0,1,0,1,0,0,1,0.000,12.981,0.000000,0.629813,0.629813,0.879813,-0.879813
2310,A0,25,0.250000,0,0,0,0,0,0,0,0,0,0.000,0.000,0.000000,0.000000,0.000000,0.250000,-0.250000
2310,A1,24,0.240000,0,0,0,1,0,1,0,0,0,0.000,12.981,0.000000,0.000000,0.000000,0.240000,-0.240000
2310,A2,48,0.480000,0,0,0,3,0,3,0,0,0,0.000,12.981,0.000000,0.000000,0.000000,0.480000,-0.480000
2310,B0,33,0.330000,0,1,0,0,0,1,0,0,3,0.000,12.981,0.000000,1.889439,1.889439,2.219439,-2.219439
2310,B1,34,0.340000,0,1,0,0,0,1,0,0,0,0.000,12.981,0.000000,0.000000,0.000000,0.340000,-0.340000
2310,B2,15,0.150000,0,1,0,1,0,2,0,0,0,0.000,12.981,0.000000,0.000000,0.000000,0.150000,-0.150000
2310,C0,33,0.330000,0,1,0,1,0,2,0,0,5,0.000,12.981,0.000000,3.149065,3.149065,3.479065,-3.479065
2310,C1,24,0.240000,0,0,0,0,0,0,0,0,0,0.000,0.000,0.000000,0.000000,0.000000,0.240000,-0.240000
2310,C2,25,0.250000,0,0,0,1,0,1,0,0,2,0.000,12.981,0.000000,1.259626,1.259626,1.509626,-1.509626
2315,A0,25,0.250000,0,0,0,0,0,0,0,0,0,0.000,0.000,0.000000,0.000000,0.000000,0.250000,-0.250000
2315,A1,24,0.240000,0,0,0,1,0,1,0,0,0,0.000,12.981,0.000000,0.000000,0.000000,0.240000,-0.240000
2315,A2,48,0.480000,0,0,0,3,0,3,0,0,0,0.000,12.981,0.000000,0.000000,0.000000,0.480000,-0.480000
2315,B0,35,0.350000,0,0,0,0,0,0,0,0,0,0.000,0.000,0.000000,0.000000,0.000000,0.350000,-0.350000
2315,B1,34,0.340000,0,1,0,0,0,1,0,0,0,0.000,12.981,0.000000,0.000000,0.000000,0.340000,-0.340000
2315,B2,15,0.150000,0,1,0,1,0,2,0,0,0,0.000,12.981,0.000000,0.000000,0.000000,0.150000,-0.150000
2315,C0,30,0.300000,0,1,0,1,0,2,0,0,7,0.000,12.981,0.000000,4.408692,4.408692,4.708692,-4.708692
2315,C1,24,0.240000,0,1,0,0,0,1,0,0,0,0.000,12.981,0.000000,0.000000,0.000000,0.240000,-0.240000
2315,C2,25,0.250000,0,0,0,1,0,1,0,0,2,0.000,12.981,0.000000,1.259626,1.259626,1.509626,-1.509626
2320,A0,25,0.250000,0,0,0,1,0,1,0,0,10,0.000,12.981,0.000000,6.298131,6.298131,6.548131,-6.548131
2320,A1,24,0.240000,0,0,0,1,0,1,0,0,0,0.000,12.981,0.000000,0.000000,0.000000,0.240000,-0.240000
2320,A2,48,0.480000,0,0,0,3,0,3,0,0,0,0.000,12.981,0.000000,0.000000,0.000000,0.480000,-0.480000
2320,B0,36,0.360000,0,0,0,0,0,0,0,0,0,0.000,0.000,0.000000,0.000000,0.000000,0.360000,-0.360000
2320,B1,34,0.340000,0,1,0,0,0,1,0,0,0,0.000,12.981,0.000000,0.000000,0.000000,0.340000,-0.340000
2320,B2,18,0.180000,0,1,0,1,0,2,0,0,0,0.000,12.981,0.000000,0.000000,0.000000,0.180000,-0.180000
2320,C0,28,0.280000,0,2,0,1,0,3,0,0,7,0.000,12.981,0.000000,4.408692,4.408692,4.688692,-4.688692
2320,C1,26,0.260000,0,1,0,0,0,1,0,0,0,0.000,12.981,0.000000,0.000000,0.000000,0.260000,-0.260000
2320,C2,25,0.250000,0,0,0,2,0,2,0,0,1,0.000,12.981,0.000000,0.629813,0.629813,0.879813,-0.879813
2325,A0,25,0.250000,0,0,0,2,0,2,0,0,8,0.000,12.981,0.000000,5.038505,5.038505,5.288505,-5.288505
2325,A1,24,0.240000,0,0,0,3,0,3,0,0,0,0.000,12.981,0.000000,0.000000,0.000000,0.240000,-0.240000
2325,A2,48,0.480000,0,0,0,3,0,3,0,0,0,0.000,12.981,0.000000,0.000000,0.000000,0.480000,-0.480000
2325,B0,36,0.360000,0,0,0,0,0,0,0,0,0,0.000,0.000,0.000000,0.000000,0.000000,0.360000,-0.360000
2325,B1,34,0.340000,0,2,0,0,0,2,0,0,0,0.000,12.981,0.000000,0.000000,0.000000,0.340000,-0.340000
2325,B2,22,0.220000,0,1,0,1,0,2,0,0,0,0.000,12.981,0.000000,0.000000,0.000000,0.220000,-0.220000
2325,C0,28,0.280000,0,2,0,2,0,4,0,0,7,0.000,12.981,0.000000,4.408692,4.408692,4.688692,-4.688692
2325,C1,25,0.250000,0,1,0,0,0,1,0,0,0,0.000,12.981,0.000000,0.000000,0.000000,0.250000,-0.250000
2325,C2,25,0.250000,0,0,0,3,0,3,0,0,0,0.000,12.981,0.000000,0.000000,0.000000,0.250000,-0.250000
2330,A0,25,0.250000,0,0,0,1,0,1,0,0,7,0.000,12.981,0.000000,4.408692,4.408692,4.658692,-4.658692
2330,A1,24,0.240000,0,0,0,3,0,3,0,0,0,0.000,12.981,0.000000,0.000000,0.000000,0.240000,-0.240000
2330,A2,48,0.480000,0,0,0,3,0,3,0,0,0,0.000,12.981,0.000000,0.000000,0.000000,0.480000,-0.480000
2330,B0,36,0.360000,0,0,0,1,0,1,0,0,4,0.000,12.981,0.000000,2.519252,2.519252,2.879252,-2.879252
2330,B1,34,0.340000,0,2,0,0,0,2,0,0,0,0.000,12.981,0.000000,0.000000,0.000000,0.340000,-0.340000
2330,B2,26,0.260000,0,1,0,1,0,2,0,0,0,0.000,12.981,0.000000,0.000000,0.000000,0.260000,-0.260000
2330,C0,33,0.330000,0,2,0,2,0,4,0,0,9,0.000,12.981,0.000000,5.668318,5.668318,5.998318,-5.998318
2330,C1,21,0.210000,0,1,0,0,0,1,0,0,3,0.000,12.981,0.000000,1.889439,1.889439,2.099439,-2.099439
2330,C2,25,0.250000,0,0,0,4,0,4,0,0,0,0.000,12.981,0.000000,0.000000,0.000000,0.250000,-0.250000
2335,A0,25,0.250000,0,0,0,0,0,0,2,0,0,0.000,0.000,0.000000,0.000000,0.000000,0.250000,-0.250000
2335,A1,24,0.240000,0,0,0,0,0,0,7,0,0,0.000,0.000,0.000000,0.000000,0.000000,0.240000,-0.240000
2335,A2,48,0.480000,0,0,0,0,0,0,3,0,0,0.000,0.000,0.000000,0.000000,0.000000,0.480000,-0.480000
2335,B0,36,0.360000,0,0,0,0,0,0,3,0,0,0.000,0.000,0.000000,0.000000,0.000000,0.360000,-0.360000
2335,B1,34,0.340000,0,0,0,0,0,0,3,0,0,0.000,0.000,0.000000,0.000000,0.000000,0.340000,-0.340000
2335,B2,26,0.260000,0,0,0,0,0,0,3,0,0,0.000,0.000,0.000000,0.000000,0.000000,0.260000,-0.260000
2335,C0,39,0.390000,0,0,0,0,0,0,4,0,0,0.000,0.000,0.000000,0.000000,0.000000,0.390000,-0.390000
2335,C1,20,0.200000,0,0,0,0,0,0,1,0,0,0.000,0.000,0.000000,0.000000,0.000000,0.200000,-0.200000
2335,C2,25,0.250000,0,0,0,0,0,0,4,0,0,0.000,0.000,0.000000,0.000000,0.000000,0.250000,-0.250000
2340,A0,25,0.250000,0,0,0,0,0,0,2,0,0,0.000,0.000,0.000000,0.000000,0.000000,0.250000,-0.250000
2340,A1,24,0.240000,0,0,0,0,0,0,8,0,0,0.000,0.000,0.000000,0.000000,0.000000,0.240000,-0.240000
2340,A2,48,0.480000,0,0,0,0,0,0,3,0,0,0.000,0.000,0.000000,0.000000,0.000000,0.480000,-0.480000
2340,B0,36,0.360000,0,0,0,0,0,0,5,0,0,0.000,0.000,0.000000,0.000000,0.000000,0.360000,-0.360000
2340,B1,34,0.340000,0,0,0,0,0,0,3,0,0,0.000,0.000,0.000000,0.000000,0.000000,0.340000,-0.340000
2340,B2,26,0.260000,0,0,0,0,0,0,5,0,0,0.000,0.000,0.000000,0.000000,0.000000,0.260000,-0.260000
2340,C0,46,0.460000,0,0,0,0,0,0,6,0,0,0.000,0.000,0.000000,0.000000,0.000000,0.460000,-0.460000
2340,C1,18,0.180000,0,0,0,0,0,0,1,0,0,0.000,0.000,0.000000,0.000000,0.000000,0.180000,-0.180000
2340,C2,25,0.250000,0,0,0,0,0,0,4,0,0,0.000,0.000,0.000000,0.000000,0.000000,0.250000,-0.250000
2345,A0,47,0.470000,0,0,1,0,1,0,0,0,0,12.981,0.000,0.000000,0.000000,0.000000,0.470000,-0.470000
2345,A1,47,0.470000,0,0,1,0,1,0,0,0,0,12.981,0.000,0.000000,0.000000,0.000000,0.470000,-0.470000
2345,A2,25,0.250000,0,0,0,0,0,0,0,0,0,0.000,0.000,0.000000,0.000000,0.000000,0.250000,-0.250000
2345,B0,14,0.140000,2,0,0,0,2,0,0,0,0,12.981,0.000,0.000000,0.000000,0.000000,0.140000,-0.140000
2345,B1,44,0.440000,0,0,0,0,0,0,0,0,0,0.000,0.000,0.000000,0.000000,0.000000,0.440000,-0.440000
2345,B2,30,0.300000,1,0,2,0,3,0,0,0,0,12.981,0.000,0.000000,0.000000,0.000000,0.300000,-0.300000
2345,C0,25,0.250000,0,0,0,0,0,0,0,0,0,0.000,0.000,0.000000,0.000000,0.000000,0.250000,-0.250000
2345,C1,39,0.390000,0,0,0,0,0,0,0,0,0,0.000,0.000,0.000000,0.000000,0.000000,0.390000,-0.390000
2345,C2,27,0.270000,0,0,0,0,0,0,0,0,0,0.000,0.000,0.000000,0.000000,0.000000,0.270000,-0.270000
2350,A0,47,0.470000,0,0,2,0,2,0,0,0,0,12.981,0.000,0.000000,0.000000,0.000000,0.470000,-0.470000
2350,A1,47,0.470000,0,0,1,0,1,0,0,0,0,12.981,0.000,0.000000,0.000000,0.000000,0.470000,-0.470000
2350,A2,25,0.250000,0,0,1,0,1,0,0,0,0,12.981,0.000,0.000000,0.000000,0.000000,0.250000,-0.250000
2350,B0,14,0.140000,3,0,0,0,3,0,0,0,0,12.981,0.000,0.000000,0.000000,0.000000,0.140000,-0.140000
2350,B1,44,0.440000,0,0,0,0,0,0,0,0,0,0.000,0.000,0.000000,0.000000,0.000000,0.440000,-0.440000
2350,B2,30,0.300000,2,0,2,0,4,0,0,0,0,12.981,0.000,0.000000,0.000000,0.000000,0.300000,-0.300000
2350,C0,25,0.250000,0,0,0,0,0,0,0,0,0,0.000,0.000,0.000000,0.000000,0.000000,0.250000,-0.250000
2350,C1,38,0.380000,0,0,0,0,0,0,0,0,0,0.000,0.000,0.000000,0.000000,0.000000,0.380000,-0.380000
2350,C2,27,0.270000,0,0,0,0,0,0,0,0,0,0.000,0.000,0.000000,0.000000,0.000000,0.270000,-0.270000
2355,A0,47,0.470000,0,0,2,0,2,0,0,0,0,12.981,0.000,0.000000,0.000000,0.000000,0.470000,-0.470000
2355,A1,47,0.470000,0,0,1,0,1,0,0,0,0,12.981,0.000,0.000000,0.000000,0.000000,0.470000,-0.470000
2355,A2,25,0.250000,0,0,1,0,1,0,0,0,0,12.981,0.000,0.000000,0.000000,0.000000,0.250000,-0.250000
2355,B0,18,0.180000,3,0,0,0,3,0,0,0,0,12.981,0.000,0.000000,0.000000,0.000000,0.180000,-0.180000
2355,B1,44,0.440000,0,0,0,0,0,0,0,0,0,0.000,0.000,0.000000,0.000000,0.000000,0.440000,-0.440000
2355,B2,30,0.300000,2,0,2,0,4,0,0,0,0,12.981,0.000,0.000000,0.000000,0.000000,0.300000,-0.300000
2355,C0,25,0.250000,0,0,0,0,0,0,0,0,0,0.000,0.000,0.000000,0.000000,0.000000,0.250000,-0.250000
2355,C1,39,0.390000,0,0,0,0,0,0,0,0,0,0.000,0.000,0.000000,0.000000,0.000000,0.390000,-0.390000
2355,C2,23,0.230000,0,0,0,0,0,0,0,0,0,0.000,0.000,0.000000,0.000000,0.000000,0.230000,-0.230000
2360,A0,47,0.470000,0,0,2,0,2,0,0,0,0,12.981,0.000,0.000000,0.000000,0.000000,0.470000,-0.470000
2360,A1,47,0.470000,0,0,1,0,1,0,0,0,0,12.981,0.000,0.000000,0.000000,0.000000,0.470000,-0.470000
2360,A2,25,0.250000,0,0,1,0,1,0,0,0,0,12.981,0.000,0.000000,0.000000,0.000000,0.250000,-0.250000
2360,B0,21,0.210000,4,0,1,0,5,0,0,0,0,12.981,0.000,0.000000,0.000000,0.000000,0.210000,-0.210000
2360,B1,44,0.440000,0,0,0,0,0,0,0,0,0,0.000,0.000,0.000000,0.000000,0.000000,0.440000,-0.440000
2360,B2,30,0.300000,2,0,2,0,4,0,0,0,0,12.981,0.000,0.000000,0.000000,0.000000,0.300000,-0.300000
2360,C0,25,0.250000,0,0,0,0,0,0,0,0,0,0.000,0.000,0.000000,0.000000,0.000000,0.250000,-0.250000
2360,C1,43,0.430000,0,0,2,0,2,0,0,4,0,12.981,0.000,2.519252,0.000000,2.519252,2.949252,-2.949252
2360,C2,20,0.200000,0,0,0,0,0,0,0,0,0,0.000,0.000,0.000000,0.000000,0.000000,0.200000,-0.200000
2365,A0,47,0.470000,1,0,2,0,3,0,0,0,0,12.981,0.000,0.000000,0.000000,0.000000,0.470000,-0.470000
2365,A1,47,0.470000,0,0,1,0,1,0,0,0,0,12.981,0.000,0.000000,0.000000,0.000000,0.470000,-0.470000
2365,A2,25,0.250000,0,0,2,0,2,0,0,0,0,12.981,0.000,0.000000,0.000000,0.000000,0.250000,-0.250000
2365,B0,23,0.230000,4,0,1,0,5,0,0,0,0,12.981,0.000,0.000000,0.000000,0.000000,0.230000,-0.230000
2365,B1,44,0.440000,0,0,0,0,0,0,0,0,0,0.000,0.000,0.000000,0.000000,0.000000,0.440000,-0.440000
2365,B2,30,0.300000,2,0,2,0,4,0,0,0,0,12.981,0.000,0.000000,0.000000,0.000000,0.300000,-0.300000
2365,C0,25,0.250000,0,0,0,0,0,0,0,0,0,0.000,0.000,0.000000,0.000000,0.000000,0.250000,-0.250000
2365,C1,46,0.460000,0,0,2,0,2,0,0,0,0,12.981,0.000,0.000000,0.000000,0.000000,0.460000,-0.460000
2365,C2,19,0.190000,2,0,1,0,3,0,0,12,0,12.981,0.000,7.557757,0.000000,7.557757,7.747757,-7.747757
2370,A0,47,0.470000,1,0,2,0,3,0,0,0,0,12.981,0.000,0.000000,0.000000,0.000000,0.470000,-0.470000
2370,A1,47,0.470000,0,0,1,0,1,0,0,0,0,12.981,0.000,0.000000,0.000000,0.000000,0.470000,-0.470000
2370,A2,25,0.250000,0,0,4,0,4,0,0,0,0,12.981,0.000,0.000000,0.000000,0.000000,0.250000,-0.250000
2370,B0,23,0.230000,4,0,1,0,5,0,0,0,0,12.981,0.000,0.000000,0.000000,0.000000,0.230000,-0.230000
2370,B1,44,0.440000,0,0,0,0,0,0,0,0,0,0.000,0.000,0.000000,0.000000,0.000000,0.440000,-0.440000
2370,B2,30,0.300000,2,0,2,0,4,0,0,0,0,12.981,0.000,0.000000,0.000000,0.000000,0.300000,-0.300000
2370,C0,25,0.250000,1,0,0,0,1,0,0,0,0,12.981,0.000,0.000000,0.000000,0.000000,0.250000,-0.250000
2370,C1,47,0.470000,0,0,2,0,2,0,0,0,0,12.981,0.000,0.000000,0.000000,0.000000,0.470000,-0.470000
2370,C2,18,0.180000,2,0,1,0,3,0,0,14,0,12.981,0.000,8.817383,0.000000,8.817383,8.997383,-8.997383
2375,A0,47,0.470000,1,0,2,0,3,0,0,0,0,12.981,0.000,0.000000,0.000000,0.000000,0.470000,-0.470000
2375,A1,47,0.470000,0,0,1,0,1,0,0,0,0,12.981,0.000,0.000000,0.000000,0.000000,0.470000,-0.470000
2375,A2,25,0.250000,0,0,4,0,4,0,0,0,0,12.981,0.000,0.000000,0.000000,0.000000,0.250000,-0.250000
2375,B0,23,0.230000,4,0,2,0,6,0,0,0,0,12.981,0.000,0.000000,0.000000,0.000000,0.230000,-0.230000
2375,B1,44,0.440000,0,0,0,0,0,0,0,0,0,0.000,0.000,0.000000,0.000000,0.000000,0.440000,-0.440000
2375,B2,30,0.300000,2,0,3,0,5,0,0,0,0,12.981,0.000,0.000000,0.000000,0.000000,0.300000,-0.300000
2375,C0,25,0.250000,5,0,0,0,5,0,0,0,0,12.981,0.000,0.000000,0.000000,0.000000,0.250000,-0.250000
2375,C1,47,0.470000,0,0,2,0,2,0,0,0,0,12.981,0.000,0.000000,0.000000,0.000000,0.470000,-0.470000
2375,C2,16,0.160000,2,0,1,0,3,0,0,15,0,12.981,0.000,9.447196,0.000000,9.447196,9.607196,-9.607196
2380,A0,47,0.470000,0,0,0,0,0,0,4,0,0,0.000,0.000,0.000000,0.000000,0.000000,0.470000,-0.470000
2380,A1,47,0.470000,0,0,0,0,0,0,1,0,0,0.000,0.000,0.000000,0.000000,0.000000,0.470000,-0.470000
2380,A2,25,0.250000,0,0,0,0,0,0,4,0,0,0.000,0.000,0.000000,0.000000,0.000000,0.250000,-0.250000
2380,B0,23,0.230000,0,0,0,0,0,0,8,0,0,0.000,0.000,0.000000,0.000000,0.000000,0.230000,-0.230000
2380,B1,44,0.440000,0,0,0,0,0,0,0,0,0,0.000,0.000,0.000000,0.000000,0.000000,0.440000,-0.440000
2380,B2,30,0.300000,0,0,0,0,0,0,5,0,0,0.000,0.000,0.000000,0.000000,0.000000,0.300000,-0.300000
2380,C0,25,0.250000,0,0,0,0,0,0,5,0,0,0.000,0.000,0.000000,0.000000,0.000000,0.250000,-0.250000
2380,C1,47,0.470000,0,0,0,0,0,0,2,0,0,0.000,0.000,0.000000,0.000000,0.000000,0.470000,-0.470000
2380,C2,16,0.160000,0,0,0,0,0,0,3,0,0,0.000,0.000,0.000000,0.000000,0.000000,0.160000,-0.160000
2385,A0,47,0.470000,0,0,0,0,0,0,7,0,0,0.000,0.000,0.000000,0.000000,0.000000,0.470000,-0.470000
2385,A1,47,0.470000,0,0,0,0,0,0,1,0,0,0.000,0.000,0.000000,0.000000,0.000000,0.470000,-0.470000
2385,A2,25,0.250000,0,0,0,0,0,0,5,0,0,0.000,0.000,0.000000,0.000000,0.000000,0.250000,-0.250000
2385,B0,23,0.230000,0,0,0,0,0,0,11,0,0,0.000,0.000,0.000000,0.000000,0.000000,0.230000,-0.230000
2385,B1,44,0.440000,0,0,0,0,0,0,0,0,0,0.000,0.000,0.000000,0.000000,0.000000,0.440000,-0.440000
2385,B2,30,0.300000,0,0,0,0,0,0,5,0,0,0.000,0.000,0.000000,0.000000,0.000000,0.300000,-0.300000
2385,C0,25,0.250000,0,0,0,0,0,0,5,0,0,0.000,0.000,0.000000,0.000000,0.000000,0.250000,-0.250000
2385,C1,47,0.470000,0,0,0,0,0,0,4,0,0,0.000,0.000,0.000000,0.000000,0.000000,0.470000,-0.470000
2385,C2,20,0.200000,0,0,0,0,0,0,3,0,0,0.000,0.000,0.000000,0.000000,0.000000,0.200000,-0.200000
2390,A0,25,0.250000,0,0,0,0,0,0,0,0,0,0.000,0.000,0.000000,0.000000,0.000000,0.250000,-0.250000
2390,A1,24,0.240000,0,0,0,1,0,1,0,0,0,0.000,12.981,0.000000,0.000000,0.000000,0.240000,-0.240000
2390,A2,48,0.480000,0,0,0,0,0,0,0,0,0,0.000,0.000,0.000000,0.000000,0.000000,0.480000,-0.480000
2390,B0,36,0.360000,0,0,0,0,0,0,0,0,0,0.000,0.000,0.000000,0.000000,0.000000,0.360000,-0.360000
2390,B1,33,0.330000,0,0,0,0,0,0,0,0,0,0.000,0.000,0.000000,0.000000,0.000000,0.330000,-0.330000
2390,B2,26,0.260000,0,1,0,2,0,3,0,0,0,0.000,12.981,0.000000,0.000000,0.000000,0.260000,-0.260000
2390,C0,47,0.470000,0,0,0,0,0,0,0,0,0,0.000,0.000,0.000000,0.000000,0.000000,0.470000,-0.470000
2390,C1,27,0.270000,0,2,0,0,0,2,0,0,0,0.000,12.981,0.000000,0.000000,0.000000,0.270000,-0.270000
2390,C2,16,0.160000,0,1,0,0,0,1,0,0,6,0.000,12.981,0.000000,3.778879,3.778879,3.938879,-3.938879
2395,A0,25,0.250000,0,0,0,0,0,0,0,0,0,0.000,0.000,0.000000,0.000000,0.000000,0.250000,-0.250000
2395,A1,24,0.240000,0,0,0,1,0,1,0,0,0,0.000,12.981,0.000000,0.000000,0.000000,0.240000,-0.240000
2395,A2,48,0.480000,0,0,0,0,0,0,0,0,0,0.000,0.000,0.000000,0.000000,0.000000,0.480000,-0.480000
2395,B0,36,0.360000,0,0,0,1,0,1,0,0,0,0.000,12.981,0.000000,0.000000,0.000000,0.360000,-0.360000
2395,B1,33,0.330000,0,0,0,0,0,0,0,0,0,0.000,0.000,0.000000,0.000000,0.000000,0.330000,-0.330000
2395,B2,26,0.260000,0,1,0,5,0,6,0,0,0,0.000,12.981,0.000000,0.000000,0.000000,0.260000,-0.260000
2395,C0,47,0.470000,0,0,0,0,0,0,0,0,0,0.000,0.000,0.000000,0.000000,0.000000,0.470000,-0.470000
2395,C1,27,0.270000,0,2,0,0,0,2,0,0,0,0.000,12.981,0.000000,0.000000,0.000000,0.270000,-0.270000
2395,C2,20,0.200000,0,1,0,0,0,1,0,0,2,0.000,12.981,0.000000,1.259626,1.259626,1.459626,-1.459626
2400,A0,25,0.250000,0,2,0,1,0,3,0,0,0,0.000,12.981,0.000000,0.000000,0.000000,0.250000,-0.250000
2400,A1,24,0.240000,0,0,0,1,0,1,0,0,0,0.000,12.981,0.000000,0.000000,0.000000,0.240000,-0.240000
2400,A2,48,0.480000,0,0,0,0,0,0,0,0,0,0.000,0.000,0.000000,0.000000,0.000000,0.480000,-0.480000
2400,B0,36,0.360000,0,1,0,0,0,1,0,0,0,0.000,12.981,0.000000,0.000000,0.000000,0.360000,-0.360000
2400,B1,33,0.330000,0,0,0,0,0,0,0,0,0,0.000,0.000,0.000000,0.000000,0.000000,0.330000,-0.330000
2400,B2,26,0.260000,0,1,0,3,0,4,0,0,0,0.000,12.981,0.000000,0.000000,0.000000,0.260000,-0.260000
2400,C0,47,0.470000,0,0,0,0,0,0,0,0,0,0.000,0.000,0.000000,0.000000,0.000000,0.470000,-0.470000
2400,C1,27,0.270000,0,3,0,0,0,3,0,0,0,0.000,12.981,0.000000,0.000000,0.000000,0.270000,-0.270000
2400,C2,24,0.240000,0,1,0,0,0,1,0,0,4,0.000,12.981,0.000000,2.519252,2.519252,2.759252,-2.759252
2405,A0,25,0.250000,0,4,0,1,0,5,0,0,0,0.000,12.981,0.000000,0.000000,0.000000,0.250000,-0.250000
2405,A1,24,0.240000,0,0,0,1,0,1,0,0,0,0.000,12.981,0.000000,0.000000,0.000000,0.240000,-0.240000
2405,A2,48,0.480000,0,0,0,0,0,0,0,0,0,0.000,0.000,0.000000,0.000000,0.000000,0.480000,-0.480000
2405,B0,36,0.360000,0,1,0,1,0,2,0,0,0,0.000,12.981,0.000000,0.000000,0.000000,0.360000,-0.360000
2405,B1,33,0.330000,0,1,0,0,0,1,0,0,0,0.000,12.981,0.000000,0.000000,0.000000,0.330000,-0.330000
2405,B2,26,0.260000,0,1,0,3,0,4,0,0,0,0.000,12.981,0.000000,0.000000,0.000000,0.260000,-0.260000
2405,C0,47,0.470000,0,0,0,0,0,0,0,0,0,0.000,0.000,0.000000,0.000000,0.000000,0.470000,-0.470000
2405,C1,27,0.270000,0,3,0,0,0,3,0,0,0,0.000,12.981,0.000000,0.000000,0.000000,0.270000,-0.270000
2405,C2,26,0.260000,0,1,0,0,0,1,0,0,2,0.000,12.981,0.000000,1.259626,1.259626,1.519626,-1.519626
2410,A0,25,0.250000,0,4,0,1,0,5,0,0,0,0.000,12.981,0.000000,0.000000,0.000000,0.250000,-0.250000
2410,A1,24,0.240000,0,0,0,1,0,1,0,0,0,0.000,12.981,0.000000,0.000000,0.000000,0.240000,-0.240000
2410,A2,48,0.480000,0,0,0,0,0,0,0,0,0,0.000,0.000,0.000000,0.000000,0.000000,0.480000,-0.480000
2410,B0,36,0.360000,0,1,0,1,0,2,0,0,0,0.000,12.981,0.000000,0.000000,0.000000,0.360000,-0.360000
2410,B1,33,0.330000,0,1,0,0,0,1,0,0,0,0.000,12.981,0.000000,0.000000,0.000000,0.330000,-0.330000
2410,B2,26,0.260000,0,2,0,3,0,5,0,0,0,0.000,12.981,0.000000,0.000000,0.000000,0.260000,-0.260000
2410,C0,47,0.470000,0,0,0,0,0,0,0,0,0,0.000,0.000,0.000000,0.000000,0.000000,0.470000,-0.470000
2410,C1,27,0.270000,0,3,0,0,0,3,0,0,0,0.000,12.981,0.000000,0.000000,0.000000,0.270000,-0.270000
2410,C2,26,0.260000,0,1,0,0,0,1,0,0,2,0.000,12.981,0.000000,1.259626,1.259626,1.519626,-1.519626
2415,A0,25,0.250000,0,5,0,1,0,6,0,0,0,0.000,12.981,0.000000,0.000000,0.000000,0.250000,-0.250000
2415,A1,24,0.240000,0,0,0,1,0,1,0,0,0,0.000,12.981,0.000000,0.000000,0.000000,0.240000,-0.240000
2415,A2,48,0.480000,0,0,0,0,0,0,0,0,0,0.000,0.000,0.000000,0.000000,0.000000,0.480000,-0.480000
2415,B0,36,0.360000,0,1,0,1,0,2,0,0,0,0.000,12.981,0.000000,0.000000,0.000000,0.360000,-0.360000
2415,B1,33,0.330000,0,1,0,0,0,1,0,0,0,0.000,12.981,0.000000,0.000000,0.000000,0.330000,-0.330000
2415,B2,26,0.260000,0,3,0,3,0,6,0,0,0,0.000,12.981,0.000000,0.000000,0.000000,0.260000,-0.260000
2415,C0,47,0.470000,0,0,0,0,0,0,0,0,0,0.000,0.000,0.000000,0.000000,0.000000,0.470000,-0.470000
2415,C1,27,0.270000,0,3,0,1,0,4,0,0,0,0.000,12.981,0.000000,0.000000,0.000000,0.270000,-0.270000
2415,C2,26,0.260000,0,1,0,0,0,1,0,0,1,0.000,12.981,0.000000,0.629813,0.629813,0.889813,-0.889813
2420,A0,25,0.250000,0,5,0,1,0,6,0,0,0,0.000,12.981,0.000000,0.000000,0.000000,0.250000,-0.250000
2420,A1,24,0.240000,0,0,0,1,0,1,0,0,0,0.000,12.981,0.000000,0.000000,0.000000,0.240000,-0.240000
2420,A2,48,0.480000,0,0,0,0,0,0,0,0,0,0.000,0.000,0.000000,0.000000,0.000000,0.480000,-0.480000
2420,B0,36,0.360000,0,2,0,1,0,3,0,0,0,0.000,12.981,0.000000,0.000000,0.000000,0.360000,-0.360000
2420,B1,33,0.330000,0,1,0,1,0,2,0,0,0,0.000,12.981,0.000000,0.000000,0.000000,0.330000,-0.330000
2420,B2,26,0.260000,0,3,0,3,0,6,0,0,0,0.000,12.981,0.000000,0.000000,0.000000,0.260000,-0.260000
2420,C0,47,0.470000,0,0,0,0,0,0,0,0,0,0.000,0.000,0.000000,0.000000,0.000000,0.470000,-0.470000
2420,C1,27,0.270000,0,3,0,3,0,6,0,0,0,0.000,12.981,0.000000,0.000000,0.000000,0.270000,-0.270000
2420,C2,26,0.260000,0,1,0,0,0,1,0,0,0,0.000,12.981,0.000000,0.000000,0.000000,0.260000,-0.260000
2425,A0,25,0.250000,0,0,0,0,0,0,6,0,0,0.000,0.000,0.000000,0.000000,0.000000,0.250000,-0.250000
2425,A1,24,0.240000,0,0,0,0,0,0,1,0,0,0.000,0.000,0.000000,0.000000,0.000000,0.240000,-0.240000
2425,A2,48,0.480000,0,0,0,0,0,0,1,0,0,0.000,0.000,0.000000,0.000000,0.000000,0.480000,-0.480000
2425,B0,36,0.360000,0,0,0,0,0,0,3,0,0,0.000,0.000,0.000000,0.000000,0.000000,0.360000,-0.360000
2425,B1,33,0.330000,0,0,0,0,0,0,2,0,0,0.000,0.000,0.000000,0.000000,0.000000,0.330000,-0.330000
2425,B2,26,0.260000,0,0,0,0,0,0,8,0,0,0.000,0.000,0.000000,0.000000,0.000000,0.260000,-0.260000
2425,C0,47,0.470000,0,0,0,0,0,0,0,0,0,0.000,0.000,0.000000,0.000000,0.000000,0.470000,-0.470000
2425,C1,27,0.270000,0,0,0,0,0,0,6,0,0,0.000,0.000,0.000000,0.000000,0.000000,0.270000,-0.270000
2425,C2,26,0.260000,0,0,0,0,0,0,2,0,0,0.000,0.000,0.000000,0.000000,0.000000,0.260000,-0.260000
2430,A0,25,0.250000,0,0,0,0,0,0,9,0,0,0.000,0.000,0.000000,0.000000,0.000000,0.250000,-0.250000
2430,A1,24,0.240000,0,0,0,0,0,0,1,0,0,0.000,0.000,0.000000,0.000000,0.000000,0.240000,-0.240000
2430,A2,48,0.480000,0,0,0,0,0,0,1,0,0,0.000,0.000,0.000000,0.000000,0.000000,0.480000,-0.480000
2430,B0,36,0.360000,0,0,0,0,0,0,3,0,0,0.000,0.000,0.000000,0.000000,0.000000,0.360000,-0.360000
2430,B1,33,0.330000,0,0,0,0,0,0,5,0,0,0.000,0.000,0.000000,0.000000,0.000000,0.330000,-0.330000
2430,B2,26,0.260000,0,0,0,0,0,0,9,0,0,0.000,0.000,0.000000,0.000000,0.000000,0.260000,-0.260000
2430,C0,47,0.470000,0,0,0,0,0,0,1,0,0,0.000,0.000,0.000000,0.000000,0.000000,0.470000,-0.470000
2430,C1,27,0.270000,0,0,0,0,0,0,11,0,0,0.000,0.000,0.000000,0.000000,0.000000,0.270000,-0.270000
2430,C2,26,0.260000,0,0,0,0,0,0,4,0,0,0.000,0.000,0.000000,0.000000,0.000000,0.260000,-0.260000
2435,A0,47,0.470000,2,0,1,0,3,0,0,0,0,12.981,0.000,0.000000,0.000000,0.000000,0.470000,-0.470000
2435,A1,47,0.470000,0,0,0,0,0,0,0,0,0,0.000,0.000,0.000000,0.000000,0.000000,0.470000,-0.470000
2435,A2,25,0.250000,0,0,1,0,1,0,0,0,0,12.981,0.000,0.000000,0.000000,0.000000,0.250000,-0.250000
2435,B0,23,0.230000,0,0,0,0,0,0,0,0,0,0.000,0.000,0.000000,0.000000,0.000000,0.230000,-0.230000
2435,B1,42,0.420000,0,0,0,0,0,0,0,0,0,0.000,0.000,0.000000,0.000000,0.000000,0.420000,-0.420000
2435,B2,30,0.300000,5,0,0,0,5,0,0,0,0,12.981,0.000,0.000000,0.000000,0.000000,0.300000,-0.300000
2435,C0,25,0.250000,0,0,0,0,0,0,0,0,0,0.000,0.000,0.000000,0.000000,0.000000,0.250000,-0.250000
2435,C1,47,0.470000,0,0,0,0,0,0,0,0,0,0.000,0.000,0.000000,0.000000,0.000000,0.470000,-0.470000
2435,C2,28,0.280000,0,0,1,0,1,0,0,0,0,12.981,0.000,0.000000,0.000000,0.000000,0.280000,-0.280000
2440,A0,47,0.470000,2,0,3,0,5,0,0,0,0,12.981,0.000,0.000000,0.000000,0.000000,0.470000,-0.470000
2440,A1,47,0.470000,0,0,1,0,1,0,0,0,0,12.981,0.000,0.000000,0.000000,0.000000,0.470000,-0.470000
2440,A2,25,0.250000,0,0,1,0,1,0,0,0,0,12.981,0.000,0.000000,0.000000,0.000000,0.250000,-0.250000
2440,B0,23,0.230000,0,0,0,0,0,0,0,0,0,0.000,0.000,0.000000,0.000000,0.000000,0.230000,-0.230000
2440,B1,38,0.380000,0,0,0,0,0,0,0,0,0,0.000,0.000,0.000000,0.000000,0.000000,0.380000,-0.380000
2440,B2,30,0.300000,5,0,0,0,5,0,0,0,0,12.981,0.000,0.000000,0.000000,0.000000,0.300000,-0.300000
2440,C0,25,0.250000,0,0,0,0,0,0,0,0,0,0.000,0.000,0.000000,0.000000,0.000000,0.250000,-0.250000
2440,C1,47,0.470000,0,0,1,0,1,0,0,0,0,12.981,0.000,0.000000,0.000000,0.000000,0.470000,-0.470000
2440,C2,28,0.280000,0,0,3,0,3,0,0,0,0,12.981,0.000,0.000000,0.000000,0.000000,0.280000,-0.280000
2445,A0,47,0.470000,2,0,2,0,4,0,0,0,0,12.981,0.000,0.000000,0.000000,0.000000,0.470000,-0.470000
2445,A1,47,0.470000,0,0,1,0,1,0,0,1,0,12.981,0.000,0.629813,0.000000,0.629813,1.099813,-1.099813
2445,A2,25,0.250000,0,0,1,0,1,0,0,5,0,12.981,0.000,3.149065,0.000000,3.149065,3.399065,-3.399065
2445,B0,23,0.230000,0,0,1,0,1,0,0,0,0,12.981,0.000,0.000000,0.000000,0.000000,0.230000,-0.230000
2445,B1,38,0.380000,1,0,2,0,3,0,0,0,0,12.981,0.000,0.000000,0.000000,0.000000,0.380000,-0.380000
2445,B2,30,0.300000,5,0,1,0,6,0,0,0,0,12.981,0.000,0.000000,0.000000,0.000000,0.300000,-0.300000
2445,C0,25,0.250000,0,0,0,0,0,0,0,0,0,0.000,0.000,0.000000,0.000000,0.000000,0.250000,-0.250000
2445,C1,47,0.470000,1,0,1,0,2,0,0,0,0,12.981,0.000,0.000000,0.000000,0.000000,0.470000,-0.470000
2445,C2,28,0.280000,0,0,3,0,3,0,0,0,0,12.981,0.000,0.000000,0.000000,0.000000,0.280000,-0.280000
2450,A0,47,0.470000,2,0,3,0,5,0,0,0,0,12.981,0.000,0.000000,0.000000,0.000000,0.470000,-0.470000
2450,A1,47,0.470000,2,0,1,0,3,0,0,2,0,12.981,0.000,1.259626,0.000000,1.259626,1.729626,-1.729626
2450,A2,25,0.250000,0,0,1,0,1,0,0,11,0,12.981,0.000,6.927944,0.000000,6.927944,7.177944,-7.177944
2450,B0,23,0.230000,0,0,1,0,1,0,0,0,0,12.981,0.000,0.000000,0.000000,0.000000,0.230000,-0.230000
2450,B1,36,0.360000,1,0,2,0,3,0,0,0,0,12.981,0.000,0.000000,0.000000,0.000000,0.360000,-0.360000
2450,B2,30,0.300000,5,0,2,0,7,0,0,0,0,12.981,0.000,0.000000,0.000000,0.000000,0.300000,-0.300000
2450,C0,25,0.250000,0,0,0,0,0,0,0,0,0,0.000,0.000,0.000000,0.000000,0.000000,0.250000,-0.250000
2450,C1,47,0.470000,1,0,1,0,2,0,0,0,0,12.981,0.000,0.000000,0.000000,0.000000,0.470000,-0.470000
2450,C2,28,0.280000,0,0,3,0,3,0,0,0,0,12.981,0.000,0.000000,0.000000,0.000000,0.280000,-0.280000
2455,A0,47,0.470000,2,0,3,0,5,0,0,0,0,12.981,0.000,0.000000,0.000000,0.000000,0.470000,-0.470000
2455,A1,43,0.430000,2,0,1,0,3,0,0,2,0,12.981,0.000,1.259626,0.000000,1.259626,1.689626,-1.689626
2455,A2,25,0.250000,0,0,1,0,1,0,0,16,0,12.981,0.000,10.077009,0.000000,10.077009,10.327009,-10.327009
2455,B0,23,0.230000,1,0,1,0,2,0,0,0,0,12.981,0.000,0.000000,0.000000,0.000000,0.230000,-0.230000
2455,B1,35,0.350000,1,0,2,0,3,0,0,0,0,12.981,0.000,0.000000,0.000000,0.000000,0.350000,-0.350000
2455,B2,30,0.300000,5,0,2,0,7,0,0,0,0,12.981,0.000,0.000000,0.000000,0.000000,0.300000,-0.300000
2455,C0,25,0.250000,0,0,1,0,1,0,0,0,0,12.981,0.000,0.000000,0.000000,0.000000,0.250000,-0.250000
2455,C1,47,0.470000,1,0,1,0,2,0,0,0,0,12.981,0.000,0.000000,0.000000,0.000000,0.470000,-0.470000
2455,C2,28,0.280000,0,0,3,0,3,0,0,0,0,12.981,0.000,0.000000,0.000000,0.000000,0.280000,-0.280000
2460,A0,47,0.470000,2,0,3,0,5,0,0,0,0,12.981,0.000,0.000000,0.000000,0.000000,0.470000,-0.470000
2460,A1,37,0.370000,3,0,1,0,4,0,0,1,0,12.981,0.000,0.629813,0.000000,0.629813,0.999813,-0.999813
2460,A2,25,0.250000,0,0,1,0,1,0,0,20,0,12.981,0.000,12.596262,0.000000,12.596262,12.846262,-12.846262
2460,B0,23,0.230000,1,0,1,0,2,0,0,0,0,12.981,0.000,0.000000,0.000000,0.000000,0.230000,-0.230000
2460,B1,38,0.380000,1,0,2,0,3,0,0,0,0,12.981,0.000,0.000000,0.000000,0.000000,0.380000,-0.380000
2460,B2,30,0.300000,5,0,3,0,8,0,0,0,0,12.981,0.000,0.000000,0.000000,0.000000,0.300000,-0.300000
2460,C0,25,0.250000,0,0,1,0,1,0,0,0,0,12.981,0.000,0.000000,0.000000,0.000000,0.250000,-0.250000
2460,C1,47,0.470000,1,0,1,0,2,0,0,0,0,12.981,0.000,0.000000,0.000000,0.000000,0.470000,-0.470000
2460,C2,28,0.280000,0,0,3,0,3,0,0,0,0,12.981,0.000,0.000000,0.000000,0.000000,0.280000,-0.280000
2465,A0,47,0.470000,2,0,3,0,5,0,0,0,0,12.981,0.000,0.000000,0.000000,0.000000,0.470000,-0.470000
2465,A1,34,0.340000,3,0,1,0,4,0,0,0,0,12.981,0.000,0.000000,0.000000,0.000000,0.340000,-0.340000
2465,A2,25,0.250000,0,0,1,0,1,0,0,23,0,12.981,0.000,14.485701,0.000000,14.485701,14.735701,-14.735701
2465,B0,23,0.230000,1,0,3,0,4,0,0,0,0,12.981,0.000,0.000000,0.000000,0.000000,0.230000,-0.230000
2465,B1,41,0.410000,1,0,2,0,3,0,0,0,0,12.981,0.000,0.000000,0.000000,0.000000,0.410000,-0.410000
2465,B2,30,0.300000,5,0,3,0,8,0,0,0,0,12.981,0.000,0.000000,0.000000,0.000000,0.300000,-0.300000
2465,C0,25,0.250000,1,0,1,0,2,0,0,0,0,12.981,0.000,0.000000,0.000000,0.000000,0.250000,-0.250000
2465,C1,47,0.470000,1,0,1,0,2,0,0,0,0,12.981,0.000,0.000000,0.000000,0.000000,0.470000,-0.470000
2465,C2,28,0.280000,0,0,3,0,3,0,0,0,0,12.981,0.000,0.000000,0.000000,0.000000,0.280000,-0.280000
2470,A0,47,0.470000,0,0,0,0,0,0,6,0,0,0.000,0.000,0.000000,0.000000,0.000000,0.470000,-0.470000
2470,A1,34,0.340000,0,0,0,0,0,0,5,0,0,0.000,0.000,0.000000,0.000000,0.000000,0.340000,-0.340000
2470,A2,25,0.250000,0,0,0,0,0,0,1,0,0,0.000,0.000,0.000000,0.000000,0.000000,0.250000,-0.250000
2470,B0,23,0.230000,0,0,0,0,0,0,5,0,0,0.000,0.000,0.000000,0.000000,0.000000,0.230000,-0.230000
2470,B1,43,0.430000,0,0,0,0,0,0,3,0,0,0.000,0.000,0.000000,0.000000,0.000000,0.430000,-0.430000
2470,B2,30,0.300000,0,0,0,0,0,0,9,0,0,0.000,0.000,0.000000,0.000000,0.000000,0.300000,-0.300000
2470,C0,25,0.250000,0,0,0,0,0,0,2,0,0,0.000,0.000,0.000000,0.000000,0.000000,0.250000,-0.250000
2470,C1,47,0.470000,0,0,0,0,0,0,4,0,0,0.000,0.000,0.000000,0.000000,0.000000,0.470000,-0.470000
2470,C2,28,0.280000,0,0,0,0,0,0,3,0,0,0.000,0.000,0.000000,0.000000,0.000000,0.280000,-0.280000
2475,A0,47,0.470000,0,0,0,0,0,0,6,0,0,0.000,0.000,0.000000,0.000000,0.000000,0.470000,-0.470000
2475,A1,30,0.300000,0,0,0,0,0,0,5,0,0,0.000,0.000,0.000000,0.000000,0.000000,0.300000,-0.300000
2475,A2,25,0.250000,0,0,0,0,0,0,2,0,0,0.000,0.000,0.000000,0.000000,0.000000,0.250000,-0.250000
2475,B0,23,0.230000,0,0,0,0,0,0,6,0,0,0.000,0.000,0.000000,0.000000,0.000000,0.230000,-0.230000
2475,B1,43,0.430000,0,0,0,0,0,0,3,0,0,0.000,0.000,0.000000,0.000000,0.000000,0.430000,-0.430000
2475,B2,30,0.300000,0,0,0,0,0,0,10,0,0,0.000,0.000,0.000000,0.000000,0.000000,0.300000,-0.300000
2475,C0,25,0.250000,0,0,0,0,0,0,2,0,0,0.000,0.000,0.000000,0.000000,0.000000,0.250000,-0.250000
2475,C1,47,0.470000,0,0,0,0,0,0,5,0,0,0.000,0.000,0.000000,0.000000,0.000000,0.470000,-0.470000
2475,C2,28,0.280000,0,0,0,0,0,0,3,0,0,0.000,0.000,0.000000,0.000000,0.000000,0.280000,-0.280000
2480,A0,25,0.250000,0,0,0,0,0,0,0,0,0,0.000,0.000,0.000000,0.000000,0.000000,0.250000,-0.250000
2480,A1,17,0.170000,0,0,0,1,0,1,0,0,24,0.000,12.981,0.000000,15.115514,15.115514,15.285514,-15.285514
2480,A2,32,0.320000,0,1,0,0,0,1,0,0,0,0.000,12.981,0.000000,0.000000,0.000000,0.320000,-0.320000
2480,B0,36,0.360000,0,0,0,0,0,0,0,0,0,0.000,0.000,0.000000,0.000000,0.000000,0.360000,-0.360000
2480,B1,33,0.330000,0,0,0,0,0,0,0,0,0,0.000,0.000,0.000000,0.000000,0.000000,0.330000,-0.330000
2480,B2,26,0.260000,0,0,0,6,0,6,0,0,0,0.000,12.981,0.000000,0.000000,0.000000,0.260000,-0.260000
2480,C0,47,0.470000,0,0,0,0,0,0,0,0,0,0.000,0.000,0.000000,0.000000,0.000000,0.470000,-0.470000
2480,C1,27,0.270000,0,2,0,0,0,2,0,0,0,0.000,12.981,0.000000,0.000000,0.000000,0.270000,-0.270000
2480,C2,26,0.260000,0,3,0,0,0,3,0,0,0,0.000,12.981,0.000000,0.000000,0.000000,0.260000,-0.260000
2485,A0,25,0.250000,0,0,0,1,0,1,0,0,0,0.000,12.981,0.000000,0.000000,0.000000,0.250000,-0.250000
2485,A1,16,0.160000,0,0,0,1,0,1,0,0,25,0.000,12.981,0.000000,15.745327,15.745327,15.905327,-15.905327
2485,A2,39,0.390000,0,1,0,0,0,1,0,0,0,0.000,12.981,0.000000,0.000000,0.000000,0.390000,-0.390000
2485,B0,36,0.360000,0,1,0,0,0,1,0,0,0,0.000,12.981,0.000000,0.000000,0.000000,0.360000,-0.360000
2485,B1,31,0.310000,0,0,0,0,0,0,0,0,0,0.000,0.000,0.000000,0.000000,0.000000,0.310000,-0.310000
2485,B2,26,0.260000,0,0,0,6,0,6,0,0,0,0.000,12.981,0.000000,0.000000,0.000000,0.260000,-0.260000
2485,C0,47,0.470000,0,1,0,0,0,1,0,0,0,0.000,12.981,0.000000,0.000000,0.000000,0.470000,-0.470000
2485,C1,27,0.270000,0,2,0,0,0,2,0,0,0,0.000,12.981,0.000000,0.000000,0.000000,0.270000,-0.270000
2485,C2,26,0.260000,0,3,0,0,0,3,0,0,0,0.000,12.981,0.000000,0.000000,0.000000,0.260000,-0.260000
2490,A0,25,0.250000,0,0,0,1,0,1,0,0,0,0.000,12.981,0.000000,0.000000,0.000000,0.250000,-0.250000
2490,A1,14,0.140000,0,0,0,1,0,1,0,0,20,0.000,12.981,0.000000,12.596262,12.596262,12.736262,-12.736262
2490,A2,43,0.430000,0,1,0,0,0,1,0,0,0,0.000,12.981,0.000000,0.000000,0.000000,0.430000,-0.430000
2490,B0,36,0.360000,0,1,0,0,0,1,0,0,0,0.000,12.981,0.000000,0.000000,0.000000,0.360000,-0.360000
2490,B1,28,0.280000,0,1,0,0,0,1,0,0,0,0.000,12.981,0.000000,0.000000,0.000000,0.280000,-0.280000
2490,B2,26,0.260000,0,0,0,6,0,6,0,0,0,0.000,12.981,0.000000,0.000000,0.000000,0.260000,-0.260000
2490,C0,47,0.470000,0,3,0,0,0,3,0,0,0,0.000,12.981,0.000000,0.000000,0.000000,0.470000,-0.470000
2490,C1,27,0.270000,0,3,0,0,0,3,0,0,0,0.000,12.981,0.000000,0.000000,0.000000,0.270000,-0.270000
2490,C2,26,0.260000,0,3,0,0,0,3,0,0,0,0.000,12.981,0.000000,0.000000,0.000000,0.260000,-0.260000
2495,A0,25,0.250000,0,0,0,1,0,1,0,0,0,0.000,12.981,0.000000,0.000000,0.000000,0.250000,-0.250000
2495,A1,13,0.130000,0,0,0,2,0,2,0,0,19,0.000,12.981,0.000000,11.966449,11.966449,12.096449,-12.096449
2495,A2,43,0.430000,0,1,0,0,0,1,0,0,0,0.000,12.981,0.000000,0.000000,0.000000,0.430000,-0.430000
2495,B0,36,0.360000,0,1,0,0,0,1,0,0,0,0.000,12.981,0.000000,0.000000,0.000000,0.360000,-0.360000
2495,B1,27,0.270000,0,1,0,0,0,1,0,0,3,0.000,12.981,0.000000,1.889439,1.889439,2.159439,-2.159439
2495,B2,26,0.260000,0,0,0,6,0,6,0,0,0,0.000,12.981,0.000000,0.000000,0.000000,0.260000,-0.260000
2495,C0,47,0.470000,0,3,0,0,0,3,0,0,0,0.000,12.981,0.000000,0.000000,0.000000,0.470000,-0.470000
2495,C1,27,0.270000,0,4,0,0,0,4,0,0,0,0.000,12.981,0.000000,0.000000,0.000000,0.270000,-0.270000
2495,C2,26,0.260000,0,3,0,0,0,3,0,0,0,0.000,12.981,0.000000,0.000000,0.000000,0.260000,-0.260000
2500,A0,25,0.250000,0,0,0,1,0,1,0,0,0,0.000,12.981,0.000000,0.000000,0.000000,0.250000,-0.250000
2500,A1,15,0.150000,0,0,0,3,0,3,0,0,21,0.000,12.981,0.000000,13.226075,13.226075,13.376075,-13.376075
2500,A2,44,0.440000,0,1,0,0,0,1,0,0,0,0.000,12.981,0.000000,0.000000,0.000000,0.440000,-0.440000
2500,B0,36,0.360000,0,1,0,0,0,1,0,0,0,0.000,12.981,0.000000,0.000000,0.000000,0.360000,-0.360000
2500,B1,25,0.250000,0,2,0,0,0,2,0,0,3,0.000,12.981,0.000000,1.889439,1.889439,2.139439,-2.139439
2500,B2,26,0.260000,0,0,0,6,0,6,0,0,0,0.000,12.981,0.000000,0.000000,0.000000,0.260000,-0.260000
2500,C0,47,0.470000,0,3,0,0,0,3,0,0,0,0.000,12.981,0.000000,0.000000,0.000000,0.470000,-0.470000
2500,C1,27,0.270000,0,5,0,0,0,5,0,0,0,0.000,12.981,0.000000,0.000000,0.000000,0.270000,-0.270000
2500,C2,26,0.260000,0,3,0,0,0,3,0,0,0,0.000,12.981,0.000000,0.000000,0.000000,0.260000,-0.260000
2505,A0,22,0.220000,0,0,0,1,0,1,0,0,0,0.000,12.981,0.000000,0.000000,0.000000,0.220000,-0.220000
2505,A1,19,0.190000,0,0,0,3,0,3,0,0,22,0.000,12.981,0.000000,13.855888,13.855888,14.045888,-14.045888
2505,A2,44,0.440000,0,2,0,0,0,2,0,0,0,0.000,12.981,0.000000,0.000000,0.000000,0.440000,-0.440000
2505,B0,36,0.360000,0,2,0,0,0,2,0,0,0,0.000,12.981,0.000000,0.000000,0.000000,0.360000,-0.360000
2505,B1,27,0.270000,0,2,0,1,0,3,0,0,2,0.000,12.981,0.000000,1.259626,1.259626,1.529626,-1.529626
2505,B2,26,0.260000,0,0,0,5,0,5,0,0,0,0.000,12.981,0.000000,0.000000,0.000000,0.260000,-0.260000
2505,C0,47,0.470000,0,3,0,0,0,3,0,0,0,0.000,12.981,0.000000,0.000000,0.000000,0.470000,-0.470000
2505,C1,27,0.270000,0,6,0,0,0,6,0,0,0,0.000,12.981,0.000000,0.000000,0.000000,0.270000,-0.270000
2505,C2,26,0.260000,0,3,0,0,0,3,0,0,0,0.000,12.981,0.000000,0.000000,0.000000,0.260000,-0.260000
2510,A0,20,0.200000,0,0,0,2,0,2,0,0,0,0.000,12.981,0.000000,0.000000,0.000000,0.200000,-0.200000
2510,A1,22,0.220000,0,0,0,3,0,3,0,0,19,0.000,12.981,0.000000,11.966449,11.966449,12.186449,-12.186449
2510,A2,45,0.450000,0,3,0,0,0,3,0,0,0,0.000,12.981,0.000000,0.000000,0.000000,0.450000,-0.450000
2510,B0,36,0.360000,0,2,0,0,0,2,0,0,0,0.000,12.981,0.000000,0.000000,0.000000,0.360000,-0.360000
2510,B1,28,0.280000,0,2,0,1,0,3,0,0,5,0.000,12.981,0.000000,3.149065,3.149065,3.429065,-3.429065
2510,B2,26,0.260000,0,0,0,5,0,5,0,0,0,0.000,12.981,0.000000,0.000000,0.000000,0.260000,-0.260000
2510,C0,47,0.470000,0,3,0,0,0,3,0,0,0,0.000,12.981,0.000000,0.000000,0.000000,0.470000,-0.470000
2510,C1,27,0.270000,0,7,0,0,0,7,0,0,0,0.000,12.981,0.000000,0.000000,0.000000,0.270000,-0.270000
2510,C2,26,0.260000,0,4,0,0,0,4,0,0,0,0.000,12.981,0.000000,0.000000,0.000000,0.260000,-0.260000
2515,A0,19,0.190000,0,0,0,0,0,0,5,0,0,0.000,0.000,0.000000,0.000000,0.000000,0.190000,-0.190000
2515,A1,23,0.230000,0,0,0,0,0,0,3,0,0,0.000,0.000,0.000000,0.000000,0.000000,0.230000,-0.230000
2515,A2,45,0.450000,0,0,0,0,0,0,4,0,0,0.000,0.000,0.000000,0.000000,0.000000,0.450000,-0.450000
2515,B0,36,0.360000,0,0,0,0,0,0,3,0,0,0.000,0.000,0.000000,0.000000,0.000000,0.360000,-0.360000
2515,B1,28,0.280000,0,0,0,0,0,0,4,0,0,0.000,0.000,0.000000,0.000000,0.000000,0.280000,-0.280000
2515,B2,26,0.260000,0,0,0,0,0,0,6,0,0,0.000,0.000,0.000000,0.000000,0.000000,0.260000,-0.260000
2515,C0,47,0.470000,0,0,0,0,0,0,4,0,0,0.000,0.000,0.000000,0.000000,0.000000,0.470000,-0.470000
2515,C1,27,0.270000,0,0,0,0,0,0,8,0,0,0.000,0.000,0.000000,0.000000,0.000000,0.270000,-0.270000
2515,C2,26,0.260000,0,0,0,0,0,0,5,0,0,0.000,0.000,0.000000,0.000000,0.000000,0.260000,-0.260000
2520,A0,18,0.180000,0,0,0,0,0,0,7,0,0,0.000,0.000,0.000000,0.000000,0.000000,0.180000,-0.180000
2520,A1,23,0.230000,0,0,0,0,0,0,4,0,0,0.000,0.000,0.000000,0.000000,0.000000,0.230000,-0.230000
2520,A2,45,0.450000,0,0,0,0,0,0,6,0,0,0.000,0.000,0.000000,0.000000,0.000000,0.450000,-0.450000
2520,B0,36,0.360000,0,0,0,0,0,0,6,0,0,0.000,0.000,0.000000,0.000000,0.000000,0.360000,-0.360000
2520,B1,31,0.310000,0,0,0,0,0,0,4,0,0,0.000,0.000,0.000000,0.000000,0.000000,0.310000,-0.310000
2520,B2,25,0.250000,0,0,0,0,0,0,8,0,0,0.000,0.000,0.000000,0.000000,0.000000,0.250000,-0.250000
2520,C0,47,0.470000,0,0,0,0,0,0,5,0,0,0.000,0.000,0.000000,0.000000,0.000000,0.470000,-0.470000
2520,C1,27,0.270000,0,0,0,0,0,0,8,0,0,0.000,0.000,0.000000,0.000000,0.000000,0.270000,-0.270000
2520,C2,26,0.260000,0,0,0,0,0,0,5,0,0,0.000,0.000,0.000000,0.000000,0.000000,0.260000,-0.260000
2525,A0,44,0.440000,0,0,2,0,2,0,0,9,0,12.981,0.000,5.668318,0.000000,5.668318,6.108318,-6.108318
2525,A1,29,0.290000,0,0,1,0,1,0,0,0,0,12.981,0.000,0.000000,0.000000,0.000000,0.290000,-0.290000
2525,A2,25,0.250000,0,0,0,0,0,0,0,0,0,0.000,0.000,0.000000,0.000000,0.000000,0.250000,-0.250000
2525,B0,23,0.230000,3,0,1,0,4,0,0,0,0,12.981,0.000,0.000000,0.000000,0.000000,0.230000,-0.230000
2525,B1,38,0.380000,0,0,0,0,0,0,0,0,0,0.000,0.000,0.000000,0.000000,0.000000,0.380000,-0.380000
2525,B2,24,0.240000,5,0,0,0,5,0,0,0,0,12.981,0.000,0.000000,0.000000,0.000000,0.240000,-0.240000
2525,C0,25,0.250000,0,0,0,0,0,0,0,0,0,0.000,0.000,0.000000,0.000000,0.000000,0.250000,-0.250000
2525,C1,47,0.470000,0,0,0,0,0,0,0,0,0,0.000,0.000,0.000000,0.000000,0.000000,0.470000,-0.470000
2525,C2,28,0.280000,1,0,3,0,4,0,0,0,0,12.981,0.000,0.000000,0.000000,0.000000,0.280000,-0.280000
2530,A0,41,0.410000,0,0,2,0,2,0,0,8,0,12.981,0.000,5.038505,0.000000,5.038505,5.448505,-5.448505
2530,A1,34,0.340000,0,0,1,0,1,0,0,0,0,12.981,0.000,0.000000,0.000000,0.000000,0.340000,-0.340000
2530,A2,25,0.250000,1,0,1,0,2,0,0,0,0,12.981,0.000,0.000000,0.000000,0.000000,0.250000,-0.250000
2530,B0,23,0.230000,3,0,1,0,4,0,0,0,0,12.981,0.000,0.000000,0.000000,0.000000,0.230000,-0.230000
2530,B1,39,0.390000,1,0,1,0,2,0,0,0,0,12.981,0.000,0.000000,0.000000,0.000000,0.390000,-0.390000
2530,B2,23,0.230000,5,0,0,0,5,0,0,0,0,12.981,0.000,0.000000,0.000000,0.000000,0.230000,-0.230000
2530,C0,25,0.250000,0,0,0,0,0,0,0,0,0,0.000,0.000,0.000000,0.000000,0.000000,0.250000,-0.250000
2530,C1,47,0.470000,0,0,0,0,0,0,0,0,0,0.000,0.000,0.000000,0.000000,0.000000,0.470000,-0.470000
2530,C2,28,0.280000,1,0,3,0,4,0,0,0,0,12.981,0.000,0.000000,0.000000,0.000000,0.280000,-0.280000
2535,A0,40,0.400000,0,0,2,0,2,0,0,5,0,12.981,0.000,3.149065,0.000000,3.149065,3.549065,-3.549065
2535,A1,40,0.400000,0,0,1,0,1,0,0,0,0,12.981,0.000,0.000000,0.000000,0.000000,0.400000,-0.400000
2535,A2,25,0.250000,0,0,0,0,0,0,0,0,0,0.000,0.000,0.000000,0.000000,0.000000,0.250000,-0.250000
2535,B0,23,0.230000,3,0,2,0,5,0,0,0,0,12.981,0.000,0.000000,0.000000,0.000000,0.230000,-0.230000
2535,B1,42,0.420000,1,0,1,0,2,0,0,0,0,12.981,0.000,0.000000,0.000000,0.000000,0.420000,-0.420000
2535,B2,23,0.230000,5,0,0,0,5,0,0,0,0,12.981,0.000,0.000000,0.000000,0.000000,0.230000,-0.230000
2535,C0,25,0.250000,1,0,0,0,1,0,0,0,0,12.981,0.000,0.000000,0.000000,0.000000,0.250000,-0.250000
2535,C1,47,0.470000,0,0,0,0,0,0,0,0,0,0.000,0.000,0.000000,0.000000,0.000000,0.470000,-0.470000
2535,C2,28,0.280000,1,0,3,0,4,0,0,0,0,12.981,0.000,0.000000,0.000000,0.000000,0.280000,-0.280000
2540,A0,39,0.390000,1,0,2,0,3,0,0,2,0,12.981,0.000,1.259626,0.000000,1.259626,1.649626,-1.649626
2540,A1,46,0.460000,0,0,1,0,1,0,0,0,0,12.981,0.000,0.000000,0.000000,0.000000,0.460000,-0.460000
2540,A2,22,0.220000,0,0,0,0,0,0,0,0,0,0.000,0.000,0.000000,0.000000,0.000000,0.220000,-0.220000
2540,B0,23,0.230000,3,0,2,0,5,0,0,0,0,12.981,0.000,0.000000,0.000000,0.000000,0.230000,-0.230000
2540,B1,45,0.450000,2,0,1,0,3,0,0,0,0,12.981,0.000,0.000000,0.000000,0.000000,0.450000,-0.450000
2540,B2,21,0.210000,5,0,0,0,5,0,0,0,0,12.981,0.000,0.000000,0.000000,0.000000,0.210000,-0.210000
2540,C0,25,0.250000,1,0,1,0,2,0,0,0,0,12.981,0.000,0.000000,0.000000,0.000000,0.250000,-0.250000
2540,C1,47,0.470000,0,0,0,0,0,0,0,0,0,0.000,0.000,0.000000,0.000000,0.000000,0.470000,-0.470000
2540,C2,28,0.280000,1,0,3,0,4,0,0,2,0,12.981,0.000,1.259626,0.000000,1.259626,1.539626,-1.539626
2545,A0,38,0.380000,2,0,2,0,4,0,0,0,0,12.981,0.000,0.000000,0.000000,0.000000,0.380000,-0.380000
2545,A1,46,0.460000,0,0,1,0,1,0,0,0,0,12.981,0.000,0.000000,0.000000,0.000000,0.460000,-0.460000
2545,A2,19,0.190000,0,0,0,0,0,0,0,0,0,0.000,0.000,0.000000,0.000000,0.000000,0.190000,-0.190000
2545,B0,23,0.230000,3,0,3,0,6,0,0,4,0,12.981,0.000,2.519252,0.000000,2.519252,2.749252,-2.749252
2545,B1,48,0.480000,2,0,1,0,3,0,0,0,0,12.981,0.000,0.000000,0.000000,0.000000,0.480000,-0.480000
2545,B2,24,0.240000,6,0,0,0,6,0,0,0,0,12.981,0.000,0.000000,0.000000,0.000000,0.240000,-0.240000
2545,C0,25,0.250000,1,0,1,0,2,0,0,0,0,12.981,0.000,0.000000,0.000000,0.000000,0.250000,-0.250000
2545,C1,46,0.460000,0,0,0,0,0,0,0,0,0,0.000,0.000,0.000000,0.000000,0.000000,0.460000,-0.460000
2545,C2,28,0.280000,2,0,3,0,5,0,0,4,0,12.981,0.000,2.519252,0.000000,2.519252,2.799252,-2.799252
2550,A0,37,0.370000,2,0,2,0,4,0,0,0,0,12.981,0.000,0.000000,0.000000,0.000000,0.370000,-0.370000
2550,A1,46,0.460000,0,0,1,0,1,0,0,0,0,12.981,0.000,0.000000,0.000000,0.000000,0.460000,-0.460000
2550,A2,17,0.170000,0,0,0,0,0,0,0,0,0,0.000,0.000,0.000000,0.000000,0.000000,0.170000,-0.170000
2550,B0,23,0.230000,4,0,3,0,7,0,0,6,0,12.981,0.000,3.778879,0.000000,3.778879,4.008879,-4.008879
2550,B1,48,0.480000,2,0,1,0,3,0,0,0,0,12.981,0.000,0.000000,0.000000,0.000000,0.480000,-0.480000
2550,B2,25,0.250000,6,0,0,0,6,0,0,0,0,12.981,0.000,0.000000,0.000000,0.000000,0.250000,-0.250000
2550,C0,25,0.250000,1,0,2,0,3,0,0,0,0,12.981,0.000,0.000000,0.000000,0.000000,0.250000,-0.250000
2550,C1,42,0.420000,0,0,0,0,0,0,0,0,0,0.000,0.000,0.000000,0.000000,0.000000,0.420000,-0.420000
2550,C2,28,0.280000,4,0,3,0,7,0,0,4,0,12.981,0.000,2.519252,0.000000,2.519252,2.799252,-2.799252
2555,A0,41,0.410000,2,0,2,0,4,0,0,0,0,12.981,0.000,0.000000,0.000000,0.000000,0.410000,-0.410000
2555,A1,46,0.460000,0,0,1,0,1,0,0,0,0,12.981,0.000,0.000000,0.000000,0.000000,0.460000,-0.460000
2555,A2,17,0.170000,0,0,0,0,0,0,0,0,0,0.000,0.000,0.000000,0.000000,0.000000,0.170000,-0.170000
2555,B0,23,0.230000,5,0,3,0,8,0,0,4,0,12.981,0.000,2.519252,0.000000,2.519252,2.749252,-2.749252
2555,B1,48,0.480000,2,0,1,0,3,0,0,0,0,12.981,0.000,0.000000,0.000000,0.000000,0.480000,-0.480000
2555,B2,28,0.280000,7,0,0,0,7,0,0,0,0,12.981,0.000,0.000000,0.000000,0.000000,0.280000,-0.280000
2555,C0,25,0.250000,1,0,2,0,3,0,0,0,0,12.981,0.000,0.000000,0.000000,0.000000,0.250000,-0.250000
2555,C1,39,0.390000,1,0,0,0,1,0,0,0,0,12.981,0.000,0.000000,0.000000,0.000000,0.390000,-0.390000
2555,C2,28,0.280000,4,0,3,0,7,0,0,3,0,12.981,0.000,1.889439,0.000000,1.889439,2.169439,-2.169439
2560,A0,45,0.450000,0,0,0,0,0,0,6,0,0,0.000,0.000,0.000000,0.000000,0.000000,0.450000,-0.450000
2560,A1,46,0.460000,0,0,0,0,0,0,2,0,0,0.000,0.000,0.000000,0.000000,0.000000,0.460000,-0.460000
2560,A2,16,0.160000,0,0,0,0,0,0,1,0,0,0.000,0.000,0.000000,0.000000,0.000000,0.160000,-0.160000
2560,B0,23,0.230000,0,0,0,0,0,0,8,0,0,0.000,0.000,0.000000,0.000000,0.000000,0.230000,-0.230000
2560,B1,48,0.480000,0,0,0,0,0,0,3,0,0,0.000,0.000,0.000000,0.000000,0.000000,0.480000,-0.480000
2560,B2,28,0.280000,0,0,0,0,0,0,7,0,0,0.000,0.000,0.000000,0.000000,0.000000,0.280000,-0.280000
2560,C0,25,0.250000,0,0,0,0,0,0,6,0,0,0.000,0.000,0.000000,0.000000,0.000000,0.250000,-0.250000
2560,C1,38,0.380000,0,0,0,0,0,0,1,0,0,0.000,0.000,0.000000,0.000000,0.000000,0.380000,-0.380000
2560,C2,29,0.290000,0,0,0,0,0,0,9,0,0,0.000,0.000,0.000000,0.000000,0.000000,0.290000,-0.290000
2565,A0,47,0.470000,0,0,0,0,0,0,6,0,0,0.000,0.000,0.000000,0.000000,0.000000,0.470000,-0.470000
2565,A1,46,0.460000,0,0,0,0,0,0,2,0,0,0.000,0.000,0.000000,0.000000,0.000000,0.460000,-0.460000
2565,A2,15,0.150000,0,0,0,0,0,0,2,0,0,0.000,0.000,0.000000,0.000000,0.000000,0.150000,-0.150000
2565,B0,23,0.230000,0,0,0,0,0,0,8,0,0,0.000,0.000,0.000000,0.000000,0.000000,0.230000,-0.230000
2565,B1,48,0.480000,0,0,0,0,0,0,3,0,0,0.000,0.000,0.000000,0.000000,0.000000,0.480000,-0.480000
2565,B2,28,0.280000,0,0,0,0,0,0,7,0,0,0.000,0.000,0.000000,0.000000,0.000000,0.280000,-0.280000
2565,C0,25,0.250000,0,0,0,0,0,0,5,0,0,0.000,0.000,0.000000,0.000000,0.000000,0.250000,-0.250000
2565,C1,39,0.390000,0,0,0,0,0,0,1,0,0,0.000,0.000,0.000000,0.000000,0.000000,0.390000,-0.390000
2565,C2,29,0.290000,0,0,0,0,0,0,9,0,0,0.000,0.000,0.000000,0.000000,0.000000,0.290000,-0.290000
2570,A0,25,0.250000,0,0,0,0,0,0,0,0,0,0.000,0.000,0.000000,0.000000,0.000000,0.250000,-0.250000
2570,A1,23,0.230000,0,0,0,0,0,0,0,0,0,0.000,0.000,0.000000,0.000000,0.000000,0.230000,-0.230000
2570,A2,45,0.450000,0,0,0,1,0,1,0,0,6,0.000,12.981,0.000000,3.778879,3.778879,4.228879,-4.228879
2570,B0,35,0.350000,0,0,0,0,0,0,0,0,0,0.000,0.000,0.000000,0.000000,0.000000,0.350000,-0.350000
2570,B1,33,0.330000,0,0,0,0,0,0,0,0,0,0.000,0.000,0.000000,0.000000,0.000000,0.330000,-0.330000
2570,B2,26,0.260000,0,6,0,2,0,8,0,0,4,0.000,12.981,0.000000,2.519252,2.519252,2.779252,-2.779252
2570,C0,47,0.470000,0,0,0,0,0,0,0,0,0,0.000,0.000,0.000000,0.000000,0.000000,0.470000,-0.470000
2570,C1,22,0.220000,0,2,0,0,0,2,0,0,9,0.000,12.981,0.000000,5.668318,5.668318,5.888318,-5.888318
2570,C2,30,0.300000,0,9,0,0,0,9,0,0,0,0.000,12.981,0.000000,0.000000,0.000000,0.300000,-0.300000
2575,A0,25,0.250000,0,0,0,0,0,0,0,0,0,0.000,0.000,0.000000,0.000000,0.000000,0.250000,-0.250000
2575,A1,23,0.230000,0,0,0,0,0,0,0,0,0,0.000,0.000,0.000000,0.000000,0.000000,0.230000,-0.230000
2575,A2,45,0.450000,0,0,0,1,0,1,0,0,3,0.000,12.981,0.000000,1.889439,1.889439,2.339439,-2.339439
2575,B0,34,0.340000,0,0,0,0,0,0,0,0,0,0.000,0.000,0.000000,0.000000,0.000000,0.340000,-0.340000
2575,B1,33,0.330000,0,0,0,0,0,0,0,0,0,0.000,0.000,0.000000,0.000000,0.000000,0.330000,-0.330000
2575,B2,26,0.260000,0,6,0,2,0,8,0,0,5,0.000,12.981,0.000000,3.149065,3.149065,3.409065,-3.409065
2575,C0,47,0.470000,0,0,0,0,0,0,0,0,0,0.000,0.000,0.000000,0.000000,0.000000,0.470000,-0.470000
2575,C1,22,0.220000,0,2,0,0,0,2,0,0,8,0.000,12.981,0.000000,5.038505,5.038505,5.258505,-5.258505
2575,C2,30,0.300000,0,9,0,0,0,9,0,0,0,0.000,12.981,0.000000,0.000000,0.000000,0.300000,-0.300000
2580,A0,25,0.250000,0,1,0,0,0,1,0,0,0,0.000,12.981,0.000000,0.000000,0.000000,0.250000,-0.250000
2580,A1,23,0.230000,0,0,0,0,0,0,0,0,0,0.000,0.000,0.000000,0.000000,0.000000,0.230000,-0.230000
2580,A2,45,0.450000,0,0,0,1,0,1,0,0,0,0.000,12.981,0.000000,0.000000,0.000000,0.450000,-0.450000
2580,B0,30,0.300000,0,0,0,0,0,0,0,0,0,0.000,0.000,0.000000,0.000000,0.000000,0.300000,-0.300000
2580,B1,33,0.330000,0,0,0,0,0,0,0,0,0,0.000,0.000,0.000000,0.000000,0.000000,0.330000,-0.330000
2580,B2,26,0.260000,0,6,0,2,0,8,0,0,5,0.000,12.981,0.000000,3.149065,3.149065,3.409065,-3.409065
2580,C0,47,0.470000,0,0,0,0,0,0,0,0,0,0.000,0.000,0.000000,0.000000,0.000000,0.470000,-0.470000
2580,C1,22,0.220000,0,3,0,1,0,4,0,0,5,0.000,12.981,0.000000,3.149065,3.149065,3.369065,-3.369065
2580,C2,30,0.300000,0,10,0,0,0,10,0,0,0,0.000,12.981,0.000000,0.000000,0.000000,0.300000,-0.300000
2585,A0,25,0.250000,0,1,0,0,0,1,0,0,0,0.000,12.981,0.000000,0.000000,0.000000,0.250000,-0.250000
2585,A1,23,0.230000,0,0,0,0,0,0,0,0,0,0.000,0.000,0.000000,0.000000,0.000000,0.230000,-0.230000
2585,A2,45,0.450000,0,0,0,1,0,1,0,0,0,0.000,12.981,0.000000,0.000000,0.000000,0.450000,-0.450000
2585,B0,28,0.280000,0,0,0,0,0,0,0,0,0,0.000,0.000,0.000000,0.000000,0.000000,0.280000,-0.280000
2585,B1,33,0.330000,0,0,0,0,0,0,0,0,0,0.000,0.000,0.000000,0.000000,0.000000,0.330000,-0.330000
2585,B2,26,0.260000,0,6,0,2,0,8,0,0,7,0.000,12.981,0.000000,4.408692,4.408692,4.668692,-4.668692
2585,C0,47,0.470000,0,0,0,0,0,0,0,0,0,0.000,0.000,0.000000,0.000000,0.000000,0.470000,-0.470000
2585,C1,22,0.220000,0,3,0,1,0,4,0,0,1,0.000,12.981,0.000000,0.629813,0.629813,0.849813,-0.849813
2585,C2,30,0.300000,0,10,0,0,0,10,0,0,0,0.000,12.981,0.000000,0.000000,0.000000,0.300000,-0.300000
2590,A0,25,0.250000,0,1,0,1,0,2,0,0,0,0.000,12.981,0.000000,0.000000,0.000000,0.250000,-0.250000
2590,A1,23,0.230000,0,0,0,0,0,0,0,0,0,0.000,0.000,0.000000,0.000000,0.000000,0.230000,-0.230000
2590,A2,45,0.450000,0,0,0,1,0,1,0,0,0,0.000,12.981,0.000000,0.000000,0.000000,0.450000,-0.450000
2590,B0,27,0.270000,0,0,0,1,0,1,0,0,0,0.000,12.981,0.000000,0.000000,0.000000,0.270000,-0.270000
2590,B1,33,0.330000,0,1,0,0,0,1,0,0,0,0.000,12.981,0.000000,0.000000,0.000000,0.330000,-0.330000
2590,B2,26,0.260000,0,7,0,2,0,9,0,0,6,0.000,12.981,0.000000,3.778879,3.778879,4.038879,-4.038879
2590,C0,47,0.470000,0,0,0,1,0,1,0,0,0,0.000,12.981,0.000000,0.000000,0.000000,0.470000,-0.470000
2590,C1,22,0.220000,0,3,0,1,0,4,0,0,0,0.000,12.981,0.000000,0.000000,0.000000,0.220000,-0.220000
2590,C2,30,0.300000,0,10,0,0,0,10,0,0,0,0.000,12.981,0.000000,0.000000,0.000000,0.300000,-0.300000
2595,A0,25,0.250000,0,1,0,1,0,2,0,0,0,0.000,12.981,0.000000,0.000000,0.000000,0.250000,-0.250000
2595,A1,23,0.230000,0,0,0,0,0,0,0,0,0,0.000,0.000,0.000000,0.000000,0.000000,0.230000,-0.230000
2595,A2,45,0.450000,0,0,0,1,0,1,0,0,2,0.000,12.981,0.000000,1.259626,1.259626,1.709626,-1.709626
2595,B0,25,0.250000,0,0,0,2,0,2,0,0,0,0.000,12.981,0.000000,0.000000,0.000000,0.250000,-0.250000
2595,B1,33,0.330000,0,1,0,0,0,1,0,0,0,0.000,12.981,0.000000,0.000000,0.000000,0.330000,-0.330000
2595,B2,23,0.230000,0,7,0,2,0,9,0,0,5,0.000,12.981,0.000000,3.149065,3.149065,3.379065,-3.379065
2595,C0,47,0.470000,0,0,0,3,0,3,0,0,0,0.000,12.981,0.000000,0.000000,0.000000,0.470000,-0.470000
2595,C1,22,0.220000,0,3,0,2,0,5,0,0,0,0.000,12.981,0.000000,0.000000,0.000000,0.220000,-0.220000
2595,C2,30,0.300000,0,10,0,1,0,11,0,0,0,0.000,12.981,0.000000,0.000000,0.000000,0.300000,-0.300000
2600,A0,25,0.250000,0,1,0,2,0,3,0,0,0,0.000,12.981,0.000000,0.000000,0.000000,0.250000,-0.250000
2600,A1,23,0.230000,0,0,0,0,0,0,0,0,0,0.000,0.000,0.000000,0.000000,0.000000,0.230000,-0.230000
2600,A2,45,0.450000,0,1,0,1,0,2,0,0,6,0.000,12.981,0.000000,3.778879,3.778879,4.228879,-4.228879
2600,B0,26,0.260000,0,0,0,2,0,2,0,0,0,0.000,12.981,0.000000,0.000000,0.000000,0.260000,-0.260000
2600,B1,33,0.330000,0,1,0,0,0,1,0,0,0,0.000,12.981,0.000000,0.000000,0.000000,0.330000,-0.330000
2600,B2,19,0.190000,0,8,0,2,0,10,0,0,3,0.000,12.981,0.000000,1.889439,1.889439,2.079439,-2.079439
2600,C0,47,0.470000,0,0,0,3,0,3,0,0,0,0.000,12.981,0.000000,0.000000,0.000000,0.470000,-0.470000
2600,C1,22,0.220000,0,3,0,2,0,5,0,0,0,0.000,12.981,0.000000,0.000000,0.000000,0.220000,-0.220000
2600,C2,30,0.300000,0,11,0,1,0,12,0,0,0,0.000,12.981,0.000000,0.000000,0.000000,0.300000,-0.300000
2605,A0,25,0.250000,0,0,0,0,0,0,3,0,0,0.000,0.000,0.000000,0.000000,0.000000,0.250000,-0.250000
2605,A1,23,0.230000,0,0,0,0,0,0,0,0,0,0.000,0.000,0.000000,0.000000,0.000000,0.230000,-0.230000
2605,A2,45,0.450000,0,0,0,0,0,0,4,0,0,0.000,0.000,0.000000,0.000000,0.000000,0.450000,-0.450000
2605,B0,27,0.270000,0,0,0,0,0,0,2,0,0,0.000,0.000,0.000000,0.000000,0.000000,0.270000,-0.270000
2605,B1,33,0.330000,0,0,0,0,0,0,3,0,0,0.000,0.000,0.000000,0.000000,0.000000,0.330000,-0.330000
2605,B2,17,0.170000,0,0,0,0,0,0,12,0,0,0.000,0.000,0.000000,0.000000,0.000000,0.170000,-0.170000
2605,C0,45,0.450000,0,0,0,0,0,0,3,0,0,0.000,0.000,0.000000,0.000000,0.000000,0.450000,-0.450000
2605,C1,22,0.220000,0,0,0,0,0,0,5,0,0,0.000,0.000,0.000000,0.000000,0.000000,0.220000,-0.220000
2605,C2,30,0.300000,0,0,0,0,0,0,13,0,0,0.000,0.000,0.000000,0.000000,0.000000,0.300000,-0.300000
2610,A0,25,0.250000,0,0,0,0,0,0,3,0,0,0.000,0.000,0.000000,0.000000,0.000000,0.250000,-0.250000
2610,A1,23,0.230000,0,0,0,0,0,0,1,0,0,0.000,0.000,0.000000,0.000000,0.000000,0.230000,-0.230000
2610,A2,45,0.450000,0,0,0,0,0,0,5,0,0,0.000,0.000,0.000000,0.000000,0.000000,0.450000,-0.450000
2610,B0,30,0.300000,0,0,0,0,0,0,3,0,0,0.000,0.000,0.000000,0.000000,0.000000,0.300000,-0.300000
2610,B1,33,0.330000,0,0,0,0,0,0,4,0,0,0.000,0.000,0.000000,0.000000,0.000000,0.330000,-0.330000
2610,B2,16,0.160000,0,0,0,0,0,0,12,0,0,0.000,0.000,0.000000,0.000000,0.000000,0.160000,-0.160000
2610,C0,38,0.380000,0,0,0,0,0,0,4,0,0,0.000,0.000,0.000000,0.000000,0.000000,0.380000,-0.380000
2610,C1,22,0.220000,0,0,0,0,0,0,6,0,0,0.000,0.000,0.000000,0.000000,0.000000,0.220000,-0.220000
2610,C2,30,0.300000,0,0,0,0,0,0,15,0,0,0.000,0.000,0.000000,0.000000,0.000000,0.300000,-0.300000
2615,A0,41,0.410000,0,0,0,0,0,0,0,0,0,0.000,0.000,0.000000,0.000000,0.000000,0.410000,-0.410000
2615,A1,46,0.460000,0,0,1,0,1,0,0,0,0,12.981,0.000,0.000000,0.000000,0.000000,0.460000,-0.460000
2615,A2,15,0.150000,0,0,4,0,4,0,0,0,0,12.981,0.000,0.000000,0.000000,0.000000,0.150000,-0.150000
2615,B0,23,0.230000,0,0,0,0,0,0,0,0,0,0.000,0.000,0.000000,0.000000,0.000000,0.230000,-0.230000
2615,B1,48,0.480000,0,0,0,0,0,0,0,0,0,0.000,0.000,0.000000,0.000000,0.000000,0.480000,-0.480000
2615,B2,29,0.290000,7,0,7,0,14,0,0,9,0,12.981,0.000,5.668318,0.000000,5.668318,5.958318,-5.958318
2615,C0,17,0.170000,0,0,0,0,0,0,0,0,0,0.000,0.000,0.000000,0.000000,0.000000,0.170000,-0.170000
2615,C1,47,0.470000,0,0,0,0,0,0,0,0,0,0.000,0.000,0.000000,0.000000,0.000000,0.470000,-0.470000
2615,C2,29,0.290000,6,0,5,0,11,0,0,0,0,12.981,0.000,0.000000,0.000000,0.000000,0.290000,-0.290000
2620,A0,39,0.390000,0,0,1,0,1,0,0,0,0,12.981,0.000,0.000000,0.000000,0.000000,0.390000,-0.390000
2620,A1,46,0.460000,0,0,1,0,1,0,0,0,0,12.981,0.000,0.000000,0.000000,0.000000,0.460000,-0.460000
2620,A2,14,0.140000,0,0,6,0,6,0,0,0,0,12.981,0.000,0.000000,0.000000,0.000000,0.140000,-0.140000
2620,B0,23,0.230000,3,0,0,0,3,0,0,0,0,12.981,0.000,0.000000,0.000000,0.000000,0.230000,-0.230000
2620,B1,48,0.480000,0,0,0,0,0,0,0,0,0,0.000,0.000,0.000000,0.000000,0.000000,0.480000,-0.480000
2620,B2,29,0.290000,8,0,8,0,16,0,0,10,0,12.981,0.000,6.298131,0.000000,6.298131,6.588131,-6.588131
2620,C0,17,0.170000,0,0,0,0,0,0,0,0,0,0.000,0.000,0.000000,0.000000,0.000000,0.170000,-0.170000
2620,C1,47,0.470000,0,0,0,0,0,0,0,0,0,0.000,0.000,0.000000,0.000000,0.000000,0.470000,-0.470000
2620,C2,28,0.280000,6,0,5,0,11,0,0,0,0,12.981,0.000,0.000000,0.000000,0.000000,0.280000,-0.280000
2625,A0,39,0.390000,0,0,0,0,0,0,0,0,0,0.000,0.000,0.000000,0.000000,0.000000,0.390000,-0.390000
2625,A1,46,0.460000,0,0,1,0,1,0,0,0,0,12.981,0.000,0.000000,0.000000,0.000000,0.460000,-0.460000
2625,A2,19,0.190000,0,0,6,0,6,0,0,0,0,12.981,0.000,0.000000,0.000000,0.000000,0.190000,-0.190000
2625,B0,23,0.230000,3,0,0,0,3,0,0,0,0,12.981,0.000,0.000000,0.000000,0.000000,0.230000,-0.230000
2625,B1,48,0.480000,1,0,0,0,1,0,0,0,0,12.981,0.000,0.000000,0.000000,0.000000,0.480000,-0.480000
2625,B2,29,0.290000,9,0,8,0,17,0,0,8,0,12.981,0.000,5.038505,0.000000,5.038505,5.328505,-5.328505
2625,C0,16,0.160000,0,0,0,0,0,0,0,0,0,0.000,0.000,0.000000,0.000000,0.000000,0.160000,-0.160000
2625,C1,47,0.470000,0,0,0,0,0,0,0,0,0,0.000,0.000,0.000000,0.000000,0.000000,0.470000,-0.470000
2625,C2,27,0.270000,6,0,6,0,12,0,0,0,0,12.981,0.000,0.000000,0.000000,0.000000,0.270000,-0.270000
2630,A0,39,0.390000,0,0,0,0,0,0,0,0,0,0.000,0.000,0.000000,0.000000,0.000000,0.390000,-0.390000
2630,A1,46,0.460000,0,0,2,0,2,0,0,0,0,12.981,0.000,0.000000,0.000000,0.000000,0.460000,-0.460000
2630,A2,22,0.220000,0,0,7,0,7,0,0,0,0,12.981,0.000,0.000000,0.000000,0.000000,0.220000,-0.220000
2630,B0,22,0.220000,3,0,1,0,4,0,0,0,0,12.981,0.000,0.000000,0.000000,0.000000,0.220000,-0.220000
2630,B1,48,0.480000,1,0,0,0,1,0,0,0,0,12.981,0.000,0.000000,0.000000,0.000000,0.480000,-0.480000
2630,B2,29,0.290000,9,0,8,0,17,0,0,4,0,12.981,0.000,2.519252,0.000000,2.519252,2.809252,-2.809252
2630,C0,15,0.150000,0,0,0,0,0,0,0,0,0,0.000,0.000,0.000000,0.000000,0.000000,0.150000,-0.150000
2630,C1,47,0.470000,0,0,0,0,0,0,0,0,0,0.000,0.000,0.000000,0.000000,0.000000,0.470000,-0.470000
2630,C2,28,0.280000,6,0,6,0,12,0,0,0,0,12.981,0.000,0.000000,0.000000,0.000000,0.280000,-0.280000
2635,A0,39,0.390000,0,0,0,0,0,0,0,0,0,0.000,0.000,0.000000,0.000000,0.000000,0.390000,-0.390000
2635,A1,46,0.460000,0,0,2,0,2,0,0,0,0,12.981,0.000,0.000000,0.000000,0.000000,0.460000,-0.460000
2635,A2,25,0.250000,0,0,7,0,7,0,0,0,0,12.981,0.000,0.000000,0.000000,0.000000,0.250000,-0.250000
2635,B0,22,0.220000,3,0,2,0,5,0,0,5,0,12.981,0.000,3.149065,0.000000,3.149065,3.369065,-3.369065
2635,B1,48,0.480000,1,0,0,0,1,0,0,0,0,12.981,0.000,0.000000,0.000000,0.000000,0.480000,-0.480000
2635,B2,29,0.290000,9,0,9,0,18,0,0,1,0,12.981,0.000,0.629813,0.000000,0.629813,0.919813,-0.919813
2635,C0,17,0.170000,0,0,0,0,0,0,0,0,0,0.000,0.000,0.000000,0.000000,0.000000,0.170000,-0.170000
2635,C1,47,0.470000,0,0,0,0,0,0,0,0,0,0.000,0.000,0.000000,0.000000,0.000000,0.470000,-0.470000
2635,C2,28,0.280000,6,0,6,0,12,0,0,0,0,12.981,0.000,0.000000,0.000000,0.000000,0.280000,-0.280000
2640,A0,44,0.440000,1,0,0,0,1,0,0,0,0,12.981,0.000,0.000000,0.000000,0.000000,0.440000,-0.440000
2640,A1,46,0.460000,0,0,2,0,2,0,0,0,0,12.981,0.000,0.000000,0.000000,0.000000,0.460000,-0.460000
2640,A2,25,0.250000,0,0,7,0,7,0,0,0,0,12.981,0.000,0.000000,0.000000,0.000000,0.250000,-0.250000
2640,B0,22,0.220000,4,0,3,0,7,0,0,11,0,12.981,0.000,6.927944,0.000000,6.927944,7.147944,-7.147944
2640,B1,48,0.480000,1,0,0,0,1,0,0,0,0,12.981,0.000,0.000000,0.000000,0.000000,0.480000,-0.480000
2640,B2,29,0.290000,9,0,9,0,18,0,0,0,0,12.981,0.000,0.000000,0.000000,0.000000,0.290000,-0.290000
2640,C0,21,0.210000,0,0,0,0,0,0,0,0,0,0.000,0.000,0.000000,0.000000,0.000000,0.210000,-0.210000
2640,C1,47,0.470000,0,0,0,0,0,0,0,0,0,0.000,0.000,0.000000,0.000000,0.000000,0.470000,-0.470000
2640,C2,28,0.280000,6,0,7,0,13,0,0,0,0,12.981,0.000,0.000000,0.000000,0.000000,0.280000,-0.280000
2645,A0,46,0.460000,1,0,0,0,1,0,0,0,0,12.981,0.000,0.000000,0.000000,0.000000,0.460000,-0.460000
2645,A1,46,0.460000,0,0,2,0,2,0,0,0,0,12.981,0.000,0.000000,0.000000,0.000000,0.460000,-0.460000
2645,A2,25,0.250000,0,0,7,0,7,0,0,0,0,12.981,0.000,0.000000,0.000000,0.000000,0.250000,-0.250000
2645,B0,22,0.220000,4,0,3,0,7,0,0,14,0,12.981,0.000,8.817383,0.000000,8.817383,9.037383,-9.037383
2645,B1,48,0.480000,1,0,0,0,1,0,0,0,0,12.981,0.000,0.000000,0.000000,0.000000,0.480000,-0.480000
2645,B2,29,0.290000,9,0,9,0,18,0,0,0,0,12.981,0.000,0.000000,0.000000,0.000000,0.290000,-0.290000
2645,C0,24,0.240000,0,0,2,0,2,0,0,22,0,12.981,0.000,13.855888,0.000000,13.855888,14.095888,-14.095888
2645,C1,47,0.470000,0,0,0,0,0,0,0,0,0,0.000,0.000,0.000000,0.000000,0.000000,0.470000,-0.470000
2645,C2,28,0.280000,6,0,7,0,13,0,0,0,0,12.981,0.000,0.000000,0.000000,0.000000,0.280000,-0.280000
2650,A0,47,0.470000,0,0,0,0,0,0,1,0,0,0.000,0.000,0.000000,0.000000,0.000000,0.470000,-0.470000
2650,A1,46,0.460000,0,0,0,0,0,0,2,0,0,0.000,0.000,0.000000,0.000000,0.000000,0.460000,-0.460000
2650,A2,25,0.250000,0,0,0,0,0,0,9,0,0,0.000,0.000,0.000000,0.000000,0.000000,0.250000,-0.250000
2650,B0,22,0.220000,0,0,0,0,0,0,8,0,0,0.000,0.000,0.000000,0.000000,0.000000,0.220000,-0.220000
2650,B1,48,0.480000,0,0,0,0,0,0,2,0,0,0.000,0.000,0.000000,0.000000,0.000000,0.480000,-0.480000
2650,B2,29,0.290000,0,0,0,0,0,0,18,0,0,0.000,0.000,0.000000,0.000000,0.000000,0.290000,-0.290000
2650,C0,25,0.250000,0,0,0,0,0,0,4,0,0,0.000,0.000,0.000000,0.000000,0.000000,0.250000,-0.250000
2650,C1,47,0.470000,0,0,0,0,0,0,0,0,0,0.000,0.000,0.000000,0.000000,0.000000,0.470000,-0.470000
2650,C2,29,0.290000,0,0,0,0,0,0,13,0,0,0.000,0.000,0.000000,0.000000,0.000000,0.290000,-0.290000
2655,A0,47,0.470000,0,0,0,0,0,0,1,0,0,0.000,0.000,0.000000,0.000000,0.000000,0.470000,-0.470000
2655,A1,46,0.460000,0,0,0,0,0,0,2,0,0,0.000,0.000,0.000000,0.000000,0.000000,0.460000,-0.460000
2655,A2,25,0.250000,0,0,0,0,0,0,10,0,0,0.000,0.000,0.000000,0.000000,0.000000,0.250000,-0.250000
2655,B0,22,0.220000,0,0,0,0,0,0,9,0,0,0.000,0.000,0.000000,0.000000,0.000000,0.220000,-0.220000
2655,B1,48,0.480000,0,0,0,0,0,0,3,0,0,0.000,0.000,0.000000,0.000000,0.000000,0.480000,-0.480000
2655,B2,29,0.290000,0,0,0,0,0,0,18,0,0,0.000,0.000,0.000000,0.000000,0.000000,0.290000,-0.290000
2655,C0,25,0.250000,0,0,0,0,0,0,4,0,0,0.000,0.000,0.000000,0.000000,0.000000,0.250000,-0.250000
2655,C1,47,0.470000,0,0,0,0,0,0,0,0,0,0.000,0.000,0.000000,0.000000,0.000000,0.470000,-0.470000
2655,C2,29,0.290000,0,0,0,0,0,0,14,0,0,0.000,0.000,0.000000,0.000000,0.000000,0.290000,-0.290000
2660,A0,25,0.250000,0,0,0,0,0,0,0,0,0,0.000,0.000,0.000000,0.000000,0.000000,0.250000,-0.250000
2660,A1,23,0.230000,0,1,0,0,0,1,0,0,0,0.000,12.981,0.000000,0.000000,0.000000,0.230000,-0.230000
2660,A2,45,0.450000,0,8,0,0,0,8,0,0,0,0.000,12.981,0.000000,0.000000,0.000000,0.450000,-0.450000
2660,B0,15,0.150000,0,0,0,9,0,9,0,0,0,0.000,12.981,0.000000,0.000000,0.000000,0.150000,-0.150000
2660,B1,31,0.310000,0,0,0,0,0,0,0,0,0,0.000,0.000,0.000000,0.000000,0.000000,0.310000,-0.310000
2660,B2,26,0.260000,0,11,0,2,0,13,0,0,1,0.000,12.981,0.000000,0.629813,0.629813,0.889813,-0.889813
2660,C0,35,0.350000,0,0,0,0,0,0,0,0,0,0.000,0.000,0.000000,0.000000,0.000000,0.350000,-0.350000
2660,C1,13,0.130000,0,2,0,0,0,2,0,0,3,0.000,12.981,0.000000,1.889439,1.889439,2.019439,-2.019439
2660,C2,29,0.290000,0,13,0,2,0,15,0,0,3,0.000,12.981,0.000000,1.889439,1.889439,2.179439,-2.179439
2665,A0,25,0.250000,0,0,0,0,0,0,0,0,0,0.000,0.000,0.000000,0.000000,0.000000,0.250000,-0.250000
2665,A1,23,0.230000,0,1,0,0,0,1,0,0,0,0.000,12.981,0.000000,0.000000,0.000000,0.230000,-0.230000
2665,A2,45,0.450000,0,8,0,0,0,8,0,0,0,0.000,12.981,0.000000,0.000000,0.000000,0.450000,-0.450000
2665,B0,20,0.200000,0,0,0,9,0,9,0,0,0,0.000,12.981,0.000000,0.000000,0.000000,0.200000,-0.200000
2665,B1,28,0.280000,0,0,0,0,0,0,0,0,0,0.000,0.000,0.000000,0.000000,0.000000,0.280000,-0.280000
2665,B2,26,0.260000,0,11,0,2,0,13,0,0,3,0.000,12.981,0.000000,1.889439,1.889439,2.149439,-2.149439
2665,C0,37,0.370000,0,0,0,0,0,0,0,0,0,0.000,0.000,0.000000,0.000000,0.000000,0.370000,-0.370000
2665,C1,16,0.160000,0,3,0,0,0,3,0,0,6,0.000,12.981,0.000000,3.778879,3.778879,3.938879,-3.938879
2665,C2,26,0.260000,0,8,0,0,0,8,0,0,3,0.000,12.981,0.000000,1.889439,1.889439,2.149439,-2.149439
2670,A0,25,0.250000,0,0,0,0,0,0,0,0,0,0.000,0.000,0.000000,0.000000,0.000000,0.250000,-0.250000
2670,A1,23,0.230000,0,1,0,0,0,1,0,0,0,0.000,12.981,0.000000,0.000000,0.000000,0.230000,-0.230000
2670,A2,45,0.450000,0,8,0,0,0,8,0,0,0,0.000,12.981,0.000000,0.000000,0.000000,0.450000,-0.450000
2670,B0,25,0.250000,0,0,0,9,0,9,0,0,0,0.000,12.981,0.000000,0.000000,0.000000,0.250000,-0.250000
2670,B1,25,0.250000,0,0,0,0,0,0,0,0,0,0.000,0.000,0.000000,0.000000,0.000000,0.250000,-0.250000
2670,B2,26,0.260000,0,12,0,2,0,14,0,0,5,0.000,12.981,0.000000,3.149065,3.149065,3.409065,-3.409065
2670,C0,40,0.400000,0,0,0,1,0,1,0,0,0,0.000,12.981,0.000000,0.000000,0.000000,0.400000,-0.400000
2670,C1,18,0.180000,0,3,0,1,0,4,0,0,8,0.000,12.981,0.000000,5.038505,5.038505,5.218505,-5.218505
2670,C2,24,0.240000,0,9,0,0,0,9,0,0,6,0.000,12.981,0.000000,3.778879,3.778879,4.018879,-4.018879
2675,A0,25,0.250000,0,0,0,0,0,0,0,0,0,0.000,0.000,0.000000,0.000000,0.000000,0.250000,-0.250000
2675,A1,23,0.230000,0,1,0,0,0,1,0,0,0,0.000,12.981,0.000000,0.000000,0.000000,0.230000,-0.230000
2675,A2,45,0.450000,0,8,0,0,0,8,0,0,0,0.000,12.981,0.000000,0.000000,0.000000,0.450000,-0.450000
2675,B0,26,0.260000,0,0,0,9,0,9,0,0,0,0.000,12.981,0.000000,0.000000,0.000000,0.260000,-0.260000
2675,B1,28,0.280000,0,0,0,0,0,0,0,0,0,0.000,0.000,0.000000,0.000000,0.000000,0.280000,-0.280000
2675,B2,26,0.260000,0,12,0,2,0,14,0,0,5,0.000,12.981,0.000000,3.149065,3.149065,3.409065,-3.409065
2675,C0,42,0.420000,0,0,0,1,0,1,0,0,0,0.000,12.981,0.000000,0.000000,0.000000,0.420000,-0.420000
2675,C1,21,0.210000,0,3,0,1,0,4,0,0,14,0.000,12.981,0.000000,8.817383,8.817383,9.027383,-9.027383
2675,C2,20,0.200000,0,2,0,1,0,3,0,0,9,0.000,12.981,0.000000,5.668318,5.668318,5.868318,-5.868318
2680,A0,25,0.250000,0,0,0,0,0,0,0,0,0,0.000,0.000,0.000000,0.000000,0.000000,0.250000,-0.250000
2680,A1,23,0.230000,0,1,0,1,0,2,0,0,0,0.000,12.981,0.000000,0.000000,0.000000,0.230000,-0.230000
2680,A2,45,0.450000,0,8,0,0,0,8,0,0,0,0.000,12.981,0.000000,0.000000,0.000000,0.450000,-0.450000
2680,B0,31,0.310000,0,0,0,10,0,10,0,0,0,0.000,12.981,0.000000,0.000000,0.000000,0.310000,-0.310000
2680,B1,31,0.310000,0,0,0,1,0,1,0,0,0,0.000,12.981,0.000000,0.000000,0.000000,0.310000,-0.310000
2680,B2,26,0.260000,0,13,0,2,0,15,0,0,5,0.000,12.981,0.000000,3.149065,3.149065,3.409065,-3.409065
2680,C0,44,0.440000,0,0,0,1,0,1,0,0,0,0.000,12.981,0.000000,0.000000,0.000000,0.440000,-0.440000
2680,C1,22,0.220000,0,3,0,1,0,4,0,0,17,0.000,12.981,0.000000,10.706822,10.706822,10.926822,-10.926822
2680,C2,21,0.210000,0,3,0,2,0,5,0,0,11,0.000,12.981,0.000000,6.927944,6.927944,7.137944,-7.137944
2685,A0,25,0.250000,0,1,0,0,0,1,0,0,0,0.000,12.981,0.000000,0.000000,0.000000,0.250000,-0.250000
2685,A1,23,0.230000,0,2,0,1,0,3,0,0,0,0.000,12.981,0.000000,0.000000,0.000000,0.230000,-0.230000
2685,A2,45,0.450000,0,8,0,0,0,8,0,0,0,0.000,12.981,0.000000,0.000000,0.000000,0.450000,-0.450000
2685,B0,34,0.340000,0,0,0,10,0,10,0,0,0,0.000,12.981,0.000000,0.000000,0.000000,0.340000,-0.340000
2685,B1,32,0.320000,0,1,0,1,0,2,0,0,4,0.000,12.981,0.000000,2.519252,2.519252,2.839252,-2.839252
2685,B2,26,0.260000,0,14,0,2,0,16,0,0,5,0.000,12.981,0.000000,3.149065,3.149065,3.409065,-3.409065
2685,C0,44,0.440000,0,0,0,1,0,1,0,0,0,0.000,12.981,0.000000,0.000000,0.000000,0.440000,-0.440000
2685,C1,22,0.220000,0,4,0,1,0,5,0,0,12,0.000,12.981,0.000000,7.557757,7.557757,7.777757,-7.777757
2685,C2,22,0.220000,0,4,0,2,0,6,0,0,13,0.000,12.981,0.000000,8.187570,8.187570,8.407570,-8.407570
2690,A0,25,0.250000,0,1,0,0,0,1,0,0,0,0.000,12.981,0.000000,0.000000,0.000000,0.250000,-0.250000
2690,A1,23,0.230000,0,2,0,1,0,3,0,0,0,0.000,12.981,0.000000,0.000000,0.000000,0.230000,-0.230000
2690,A2,45,0.450000,0,8,0,0,0,8,0,0,0,0.000,12.981,0.000000,0.000000,0.000000,0.450000,-0.450000
2690,B0,35,0.350000,0,0,0,11,0,11,0,0,0,0.000,12.981,0.000000,0.000000,0.000000,0.350000,-0.350000
2690,B1,32,0.320000,0,1,0,1,0,2,0,0,6,0.000,12.981,0.000000,3.778879,3.778879,4.098879,-4.098879
2690,B2,26,0.260000,0,14,0,2,0,16,0,0,3,0.000,12.981,0.000000,1.889439,1.889439,2.149439,-2.149439
2690,C0,44,0.440000,0,0,0,2,0,2,0,0,0,0.000,12.981,0.000000,0.000000,0.000000,0.440000,-0.440000
2690,C1,22,0.220000,0,6,0,1,0,7,0,0,12,0.000,12.981,0.000000,7.557757,7.557757,7.777757,-7.777757
2690,C2,22,0.220000,0,5,0,2,0,7,0,0,15,0.000,12.981,0.000000,9.447196,9.447196,9.667196,-9.667196
2695,A0,25,0.250000,0,0,0,0,0,0,2,0,0,0.000,0.000,0.000000,0.000000,0.000000,0.250000,-0.250000
2695,A1,23,0.230000,0,0,0,0,0,0,4,0,0,0.000,0.000,0.000000,0.000000,0.000000,0.230000,-0.230000
2695,A2,45,0.450000,0,0,0,0,0,0,8,0,0,0.000,0.000,0.000000,0.000000,0.000000,0.450000,-0.450000
2695,B0,35,0.350000,0,0,0,0,0,0,12,0,0,0.000,0.000,0.000000,0.000000,0.000000,0.350000,-0.350000
2695,B1,32,0.320000,0,0,0,0,0,0,2,0,0,0.000,0.000,0.000000,0.000000,0.000000,0.320000,-0.320000
2695,B2,26,0.260000,0,0,0,0,0,0,16,0,0,0.000,0.000,0.000000,0.000000,0.000000,0.260000,-0.260000
2695,C0,44,0.440000,0,0,0,0,0,0,4,0,0,0.000,0.000,0.000000,0.000000,0.000000,0.440000,-0.440000
2695,C1,23,0.230000,0,0,0,0,0,0,9,0,0,0.000,0.000,0.000000,0.000000,0.000000,0.230000,-0.230000
2695,C2,27,0.270000,0,0,0,0,0,0,7,0,0,0.000,0.000,0.000000,0.000000,0.000000,0.270000,-0.270000
2700,A0,25,0.250000,0,0,0,0,0,0,6,0,0,0.000,0.000,0.000000,0.000000,0.000000,0.250000,-0.250000
2700,A1,23,0.230000,0,0,0,0,0,0,5,0,0,0.000,0.000,0.000000,0.000000,0.000000,0.230000,-0.230000
2700,A2,45,0.450000,0,0,0,0,0,0,9,0,0,0.000,0.000,0.000000,0.000000,0.000000,0.450000,-0.450000
2700,B0,35,0.350000,0,0,0,0,0,0,12,0,0,0.000,0.000,0.000000,0.000000,0.000000,0.350000,-0.350000
2700,B1,32,0.320000,0,0,0,0,0,0,3,0,0,0.000,0.000,0.000000,0.000000,0.000000,0.320000,-0.320000
2700,B2,26,0.260000,0,0,0,0,0,0,16,0,0,0.000,0.000,0.000000,0.000000,0.000000,0.260000,-0.260000
2700,C0,44,0.440000,0,0,0,0,0,0,5,0,0,0.000,0.000,0.000000,0.000000,0.000000,0.440000,-0.440000
2700,C1,24,0.240000,0,0,0,0,0,0,9,0,0,0.000,0.000,0.000000,0.000000,0.000000,0.240000,-0.240000
2700,C2,28,0.280000,0,0,0,0,0,0,7,0,0,0.000,0.000,0.000000,0.000000,0.000000,0.280000,-0.280000
2705,A0,47,0.470000,1,0,0,0,1,0,0,0,0,12.981,0.000,0.000000,0.000000,0.000000,0.470000,-0.470000
2705,A1,46,0.460000,0,0,0,0,0,0,0,0,0,0.000,0.000,0.000000,0.000000,0.000000,0.460000,-0.460000
2705,A2,25,0.250000,0,0,9,0,9,0,0,0,0,12.981,0.000,0.000000,0.000000,0.000000,0.250000,-0.250000
2705,B0,22,0.220000,6,0,4,0,10,0,0,0,0,12.981,0.000,0.000000,0.000000,0.000000,0.220000,-0.220000
2705,B1,33,0.330000,0,0,0,0,0,0,0,0,0,0.000,0.000,0.000000,0.000000,0.000000,0.330000,-0.330000
2705,B2,41,0.410000,10,0,6,0,16,0,0,2,0,12.981,0.000,1.259626,0.000000,1.259626,1.669626,-1.669626
2705,C0,25,0.250000,0,0,0,0,0,0,0,0,0,0.000,0.000,0.000000,0.000000,0.000000,0.250000,-0.250000
2705,C1,44,0.440000,0,0,0,0,0,0,0,0,0,0.000,0.000,0.000000,0.000000,0.000000,0.440000,-0.440000
2705,C2,6,0.060000,0,0,0,0,0,0,0,0,0,0.000,0.000,0.000000,0.000000,0.000000,0.060000,-0.060000
2710,A0,47,0.470000,4,0,0,0,4,0,0,0,0,12.981,0.000,0.000000,0.000000,0.000000,0.470000,-0.470000
2710,A1,46,0.460000,0,0,0,0,0,0,0,0,0,0.000,0.000,0.000000,0.000000,0.000000,0.460000,-0.460000
2710,A2,25,0.250000,0,0,10,0,10,0,0,0,0,12.981,0.000,0.000000,0.000000,0.000000,0.250000,-0.250000
2710,B0,22,0.220000,6,0,4,0,10,0,0,0,0,12.981,0.000,0.000000,0.000000,0.000000,0.220000,-0.220000
2710,B1,34,0.340000,0,0,0,0,0,0,0,0,0,0.000,0.000,0.000000,0.000000,0.000000,0.340000,-0.340000
2710,B2,41,0.410000,10,0,6,0,16,0,0,3,0,12.981,0.000,1.889439,0.000000,1.889439,2.299439,-2.299439
2710,C0,25,0.250000,0,0,0,0,0,0,0,0,0,0.000,0.000,0.000000,0.000000,0.000000,0.250000,-0.250000
2710,C1,47,0.470000,1,0,1,0,2,0,0,0,0,12.981,0.000,0.000000,0.000000,0.000000,0.470000,-0.470000
2710,C2,9,0.090000,0,0,0,0,0,0,0,0,0,0.000,0.000,0.000000,0.000000,0.000000,0.090000,-0.090000
2715,A0,47,0.470000,1,0,0,0,1,0,0,0,0,12.981,0.000,0.000000,0.000000,0.000000,0.470000,-0.470000
2715,A1,46,0.460000,0,0,0,0,0,0,0,0,0,0.000,0.000,0.000000,0.000000,0.000000,0.460000,-0.460000
2715,A2,25,0.250000,1,0,11,0,12,0,0,0,0,12.981,0.000,0.000000,0.000000,0.000000,0.250000,-0.250000
2715,B0,22,0.220000,6,0,4,0,10,0,0,0,0,12.981,0.000,0.000000,0.000000,0.000000,0.220000,-0.220000
2715,B1,36,0.360000,0,0,0,0,0,0,0,0,0,0.000,0.000,0.000000,0.000000,0.000000,0.360000,-0.360000
2715,B2,41,0.410000,11,0,6,0,17,0,0,3,0,12.981,0.000,1.889439,0.000000,1.889439,2.299439,-2.299439
2715,C0,25,0.250000,1,0,2,0,3,0,0,0,0,12.981,0.000,0.000000,0.000000,0.000000,0.250000,-0.250000
2715,C1,47,0.470000,1,0,0,0,1,0,0,0,0,12.981,0.000,0.000000,0.000000,0.000000,0.470000,-0.470000
2715,C2,13,0.130000,0,0,1,0,1,0,0,0,0,12.981,0.000,0.000000,0.000000,0.000000,0.130000,-0.130000
2720,A0,47,0.470000,1,0,0,0,1,0,0,0,0,12.981,0.000,0.000000,0.000000,0.000000,0.470000,-0.470000
2720,A1,46,0.460000,0,0,0,0,0,0,0,0,0,0.000,0.000,0.000000,0.000000,0.000000,0.460000,-0.460000
2720,A2,25,0.250000,0,0,11,0,11,0,0,0,0,12.981,0.000,0.000000,0.000000,0.000000,0.250000,-0.250000
2720,B0,22,0.220000,6,0,4,0,10,0,0,0,0,12.981,0.000,0.000000,0.000000,0.000000,0.220000,-0.220000
2720,B1,40,0.400000,0,0,0,0,0,0,0,0,0,0.000,0.000,0.000000,0.000000,0.000000,0.400000,-0.400000
2720,B2,41,0.410000,11,0,8,0,19,0,0,2,0,12.981,0.000,1.259626,0.000000,1.259626,1.669626,-1.669626
2720,C0,25,0.250000,1,0,2,0,3,0,0,0,0,12.981,0.000,0.000000,0.000000,0.000000,0.250000,-0.250000
2720,C1,47,0.470000,1,0,0,0,1,0,0,0,0,12.981,0.000,0.000000,0.000000,0.000000,0.470000,-0.470000
2720,C2,16,0.160000,0,0,1,0,1,0,0,0,0,12.981,0.000,0.000000,0.000000,0.000000,0.160000,-0.160000
2725,A0,47,0.470000,2,0,0,0,2,0,0,0,0,12.981,0.000,0.000000,0.000000,0.000000,0.470000,-0.470000
2725,A1,46,0.460000,0,0,1,0,1,0,0,0,0,12.981,0.000,0.000000,0.000000,0.000000,0.460000,-0.460000
2725,A2,25,0.250000,0,0,11,0,11,0,0,0,0,12.981,0.000,0.000000,0.000000,0.000000,0.250000,-0.250000
2725,B0,22,0.220000,7,0,4,0,11,0,0,0,0,12.981,0.000,0.000000,0.000000,0.000000,0.220000,-0.220000
2725,B1,43,0.430000,0,0,0,0,0,0,0,0,0,0.000,0.000,0.000000,0.000000,0.000000,0.430000,-0.430000
2725,B2,41,0.410000,11,0,8,0,19,0,0,0,0,12.981,0.000,0.000000,0.000000,0.000000,0.410000,-0.410000
2725,C0,25,0.250000,1,0,2,0,3,0,0,0,0,12.981,0.000,0.000000,0.000000,0.000000,0.250000,-0.250000
2725,C1,47,0.470000,1,0,0,0,1,0,0,0,0,12.981,0.000,0.000000,0.000000,0.000000,0.470000,-0.470000
2725,C2,20,0.200000,0,0,1,0,1,0,0,0,0,12.981,0.000,0.000000,0.000000,0.000000,0.200000,-0.200000
2730,A0,47,0.470000,2,0,0,0,2,0,0,0,0,12.981,0.000,0.000000,0.000000,0.000000,0.470000,-0.470000
2730,A1,46,0.460000,0,0,2,0,2,0,0,0,0,12.981,0.000,0.000000,0.000000,0.000000,0.460000,-0.460000
2730,A2,25,0.250000,0,0,11,0,11,0,0,0,0,12.981,0.000,0.000000,0.000000,0.000000,0.250000,-0.250000
2730,B0,22,0.220000,7,0,5,0,12,0,0,0,0,12.981,0.000,0.000000,0.000000,0.000000,0.220000,-0.220000
2730,B1,43,0.430000,0,0,0,0,0,0,0,0,0,0.000,0.000,0.000000,0.000000,0.000000,0.430000,-0.430000
2730,B2,41,0.410000,11,0,8,0,19,0,0,0,0,12.981,0.000,0.000000,0.000000,0.000000,0.410000,-0.410000
2730,C0,25,0.250000,1,0,2,0,3,0,0,0,0,12.981,0.000,0.000000,0.000000,0.000000,0.250000,-0.250000
2730,C1,47,0.470000,1,0,0,0,1,0,0,0,0,12.981,0.000,0.000000,0.000000,0.000000,0.470000,-0.470000
2730,C2,22,0.220000,0,0,5,0,5,0,0,0,0,12.981,0.000,0.000000,0.000000,0.000000,0.220000,-0.220000
2735,A0,47,0.470000,3,0,0,0,3,0,0,0,0,12.981,0.000,0.000000,0.000000,0.000000,0.470000,-0.470000
2735,A1,46,0.460000,1,0,3,0,4,0,0,0,0,12.981,0.000,0.000000,0.000000,0.000000,0.460000,-0.460000
2735,A2,25,0.250000,0,0,11,0,11,0,0,0,0,12.981,0.000,0.000000,0.000000,0.000000,0.250000,-0.250000
2735,B0,22,0.220000,7,0,6,0,13,0,0,0,0,12.981,0.000,0.000000,0.000000,0.000000,0.220000,-0.220000
2735,B1,43,0.430000,0,0,0,0,0,0,0,0,0,0.000,0.000,0.000000,0.000000,0.000000,0.430000,-0.430000
2735,B2,41,0.410000,11,0,8,0,19,0,0,1,0,12.981,0.000,0.629813,0.000000,0.629813,1.039813,-1.039813
2735,C0,25,0.250000,2,0,2,0,4,0,0,0,0,12.981,0.000,0.000000,0.000000,0.000000,0.250000,-0.250000
2735,C1,47,0.470000,1,0,0,0,1,0,0,0,0,12.981,0.000,0.000000,0.000000,0.000000,0.470000,-0.470000
2735,C2,27,0.270000,0,0,5,0,5,0,0,0,0,12.981,0.000,0.000000,0.000000,0.000000,0.270000,-0.270000
2740,A0,47,0.470000,0,0,0,0,0,0,6,0,0,0.000,0.000,0.000000,0.000000,0.000000,0.470000,-0.470000
2740,A1,46,0.460000,0,0,0,0,0,0,5,0,0,0.000,0.000,0.000000,0.000000,0.000000,0.460000,-0.460000
2740,A2,25,0.250000,0,0,0,0,0,0,13,0,0,0.000,0.000,0.000000,0.000000,0.000000,0.250000,-0.250000
2740,B0,22,0.220000,0,0,0,0,0,0,13,0,0,0.000,0.000,0.000000,0.000000,0.000000,0.220000,-0.220000
2740,B1,43,0.430000,0,0,0,0,0,0,0,0,0,0.000,0.000,0.000000,0.000000,0.000000,0.430000,-0.430000
2740,B2,41,0.410000,0,0,0,0,0,0,19,0,0,0.000,0.000,0.000000,0.000000,0.000000,0.410000,-0.410000
2740,C0,25,0.250000,0,0,0,0,0,0,8,0,0,0.000,0.000,0.000000,0.000000,0.000000,0.250000,-0.250000
2740,C1,47,0.470000,0,0,0,0,0,0,1,0,0,0.000,0.000,0.000000,0.000000,0.000000,0.470000,-0.470000
2740,C2,27,0.270000,0,0,0,0,0,0,7,0,0,0.000,0.000,0.000000,0.000000,0.000000,0.270000,-0.270000
2745,A0,47,0.470000,0,0,0,0,0,0,7,0,0,0.000,0.000,0.000000,0.000000,0.000000,0.470000,-0.470000
2745,A1,46,0.460000,0,0,0,0,0,0,5,0,0,0.000,0.000,0.000000,0.000000,0.000000,0.460000,-0.460000
2745,A2,25,0.250000,0,0,0,0,0,0,13,0,0,0.000,0.000,0.000000,0.000000,0.000000,0.250000,-0.250000
2745,B0,22,0.220000,0,0,0,0,0,0,14,0,0,0.000,0.000,0.000000,0.000000,0.000000,0.220000,-0.220000
2745,B1,43,0.430000,0,0,0,0,0,0,0,0,0,0.000,0.000,0.000000,0.000000,0.000000,0.430000,-0.430000
2745,B2,41,0.410000,0,0,0,0,0,0,19,0,0,0.000,0.000,0.000000,0.000000,0.000000,0.410000,-0.410000
2745,C0,25,0.250000,0,0,0,0,0,0,10,0,0,0.000,0.000,0.000000,0.000000,0.000000,0.250000,-0.250000
2745,C1,47,0.470000,0,0,0,0,0,0,1,0,0,0.000,0.000,0.000000,0.000000,0.000000,0.470000,-0.470000
2745,C2,28,0.280000,0,0,0,0,0,0,7,0,0,0.000,0.000,0.000000,0.000000,0.000000,0.280000,-0.280000
2750,A0,25,0.250000,0,0,0,1,0,1,0,0,0,0.000,12.981,0.000000,0.000000,0.000000,0.250000,-0.250000
2750,A1,23,0.230000,0,0,0,0,0,0,0,0,0,0.000,0.000,0.000000,0.000000,0.000000,0.230000,-0.230000
2750,A2,44,0.440000,0,12,0,0,0,12,0,0,0,0.000,12.981,0.000000,0.000000,0.000000,0.440000,-0.440000
2750,B0,35,0.350000,0,0,0,13,0,13,0,0,0,0.000,12.981,0.000000,0.000000,0.000000,0.350000,-0.350000
2750,B1,29,0.290000,0,0,0,0,0,0,0,0,0,0.000,0.000,0.000000,0.000000,0.000000,0.290000,-0.290000
2750,B2,32,0.320000,0,18,0,1,0,19,0,0,0,0.000,12.981,0.000000,0.000000,0.000000,0.320000,-0.320000
2750,C0,44,0.440000,0,0,0,0,0,0,0,0,0,0.000,0.000,0.000000,0.000000,0.000000,0.440000,-0.440000
2750,C1,26,0.260000,0,0,0,0,0,0,0,0,0,0.000,0.000,0.000000,0.000000,0.000000,0.260000,-0.260000
2750,C2,25,0.250000,0,0,0,0,0,0,0,0,0,0.000,0.000,0.000000,0.000000,0.000000,0.250000,-0.250000
2755,A0,25,0.250000,0,1,0,1,0,2,0,0,0,0.000,12.981,0.000000,0.000000,0.000000,0.250000,-0.250000
2755,A1,23,0.230000,0,0,0,0,0,0,0,0,0,0.000,0.000,0.000000,0.000000,0.000000,0.230000,-0.230000
2755,A2,40,0.400000,0,13,0,0,0,13,0,0,0,0.000,12.981,0.000000,0.000000,0.000000,0.400000,-0.400000
2755,B0,35,0.350000,0,0,0,13,0,13,0,0,0,0.000,12.981,0.000000,0.000000,0.000000,0.350000,-0.350000
2755,B1,29,0.290000,0,0,0,0,0,0,0,0,0,0.000,0.000,0.000000,0.000000,0.000000,0.290000,-0.290000
2755,B2,32,0.320000,0,18,0,1,0,19,0,0,0,0.000,12.981,0.000000,0.000000,0.000000,0.320000,-0.320000
2755,C0,44,0.440000,0,0,0,0,0,0,0,0,0,0.000,0.000,0.000000,0.000000,0.000000,0.440000,-0.440000
2755,C1,26,0.260000,0,0,0,1,0,1,0,0,0,0.000,12.981,0.000000,0.000000,0.000000,0.260000,-0.260000
2755,C2,25,0.250000,0,0,0,0,0,0,0,0,0,0.000,0.000,0.000000,0.000000,0.000000,0.250000,-0.250000
2760,A0,25,0.250000,0,0,0,1,0,1,0,0,0,0.000,12.981,0.000000,0.000000,0.000000,0.250000,-0.250000
2760,A1,23,0.230000,0,0,0,1,0,1,0,0,9,0.000,12.981,0.000000,5.668318,5.668318,5.898318,-5.898318
2760,A2,38,0.380000,0,13,0,0,0,13,0,0,0,0.000,12.981,0.000000,0.000000,0.000000,0.380000,-0.380000
2760,B0,35,0.350000,0,0,0,13,0,13,0,0,0,0.000,12.981,0.000000,0.000000,0.000000,0.350000,-0.350000
2760,B1,29,0.290000,0,0,0,0,0,0,0,0,0,0.000,0.000,0.000000,0.000000,0.000000,0.290000,-0.290000
2760,B2,32,0.320000,0,18,0,1,0,19,0,0,0,0.000,12.981,0.000000,0.000000,0.000000,0.320000,-0.320000
2760,C0,44,0.440000,0,0,0,1,0,1,0,0,0,0.000,12.981,0.000000,0.000000,0.000000,0.440000,-0.440000
2760,C1,26,0.260000,0,0,0,1,0,1,0,0,0,0.000,12.981,0.000000,0.000000,0.000000,0.260000,-0.260000
2760,C2,25,0.250000,0,0,0,0,0,0,0,0,0,0.000,0.000,0.000000,0.000000,0.000000,0.250000,-0.250000
2765,A0,25,0.250000,0,0,0,1,0,1,0,0,0,0.000,12.981,0.000000,0.000000,0.000000,0.250000,-0.250000
2765,A1,23,0.230000,0,0,0,1,0,1,0,0,12,0.000,12.981,0.000000,7.557757,7.557757,7.787757,-7.787757
2765,A2,37,0.370000,0,13,0,0,0,13,0,0,0,0.000,12.981,0.000000,0.000000,0.000000,0.370000,-0.370000
2765,B0,35,0.350000,0,0,0,13,0,13,0,0,0,0.000,12.981,0.000000,0.000000,0.000000,0.350000,-0.350000
2765,B1,29,0.290000,0,0,0,0,0,0,0,0,0,0.000,0.000,0.000000,0.000000,0.000000,0.290000,-0.290000
2765,B2,32,0.320000,0,18,0,1,0,19,0,0,0,0.000,12.981,0.000000,0.000000,0.000000,0.320000,-0.320000
2765,C0,44,0.440000,0,0,0,1,0,1,0,0,0,0.000,12.981,0.000000,0.000000,0.000000,0.440000,-0.440000
2765,C1,26,0.260000,0,1,0,1,0,2,0,0,0,0.000,12.981,0.000000,0.000000,0.000000,0.260000,-0.260000
2765,C2,25,0.250000,0,0,0,0,0,0,0,0,0,0.000,0.000,0.000000,0.000000,0.000000,0.250000,-0.250000
2770,A0,25,0.250000,0,1,0,1,0,2,0,0,0,0.000,12.981,0.000000,0.000000,0.000000,0.250000,-0.250000
2770,A1,23,0.230000,0,0,0,1,0,1,0,0,14,0.000,12.981,0.000000,8.817383,8.817383,9.047383,-9.047383
2770,A2,37,0.370000,0,13,0,0,0,13,0,0,0,0.000,12.981,0.000000,0.000000,0.000000,0.370000,-0.370000
2770,B0,35,0.350000,0,1,0,13,0,14,0,0,0,0.000,12.981,0.000000,0.000000,0.000000,0.350000,-0.350000
2770,B1,29,0.290000,0,0,0,0,0,0,0,0,0,0.000,0.000,0.000000,0.000000,0.000000,0.290000,-0.290000
2770,B2,32,0.320000,0,19,0,0,0,19,0,0,0,0.000,12.981,0.000000,0.000000,0.000000,0.320000,-0.320000
2770,C0,44,0.440000,0,0,0,1,0,1,0,0,0,0.000,12.981,0.000000,0.000000,0.000000,0.440000,-0.440000
2770,C1,26,0.260000,0,1,0,1,0,2,0,0,0,0.000,12.981,0.000000,0.000000,0.000000,0.260000,-0.260000
2770,C2,25,0.250000,0,0,0,1,0,1,0,0,0,0.000,12.981,0.000000,0.000000,0.000000,0.250000,-0.250000
2775,A0,26,0.260000,0,2,0,1,0,3,0,0,0,0.000,12.981,0.000000,0.000000,0.000000,0.260000,-0.260000
2775,A1,23,0.230000,0,0,0,1,0,1,0,0,14,0.000,12.981,0.000000,8.817383,8.817383,9.047383,-9.047383
2775,A2,35,0.350000,0,13,0,0,0,13,0,0,0,0.000,12.981,0.000000,0.000000,0.000000,0.350000,-0.350000
2775,B0,35,0.350000,0,1,0,13,0,14,0,0,0,0.000,12.981,0.000000,0.000000,0.000000,0.350000,-0.350000
2775,B1,29,0.290000,0,0,0,0,0,0,0,0,0,0.000,0.000,0.000000,0.000000,0.000000,0.290000,-0.290000
2775,B2,32,0.320000,0,21,0,0,0,21,0,0,0,0.000,12.981,0.000000,0.000000,0.000000,0.320000,-0.320000
2775,C0,44,0.440000,0,0,0,1,0,1,0,0,0,0.000,12.981,0.000000,0.000000,0.000000,0.440000,-0.440000
2775,C1,26,0.260000,0,1,0,1,0,2,0,0,0,0.000,12.981,0.000000,0.000000,0.000000,0.260000,-0.260000
2775,C2,25,0.250000,0,0,0,1,0,1,0,0,0,0.000,12.981,0.000000,0.000000,0.000000,0.250000,-0.250000
2780,A0,27,0.270000,0,3,0,3,0,6,0,0,0,0.000,12.981,0.000000,0.000000,0.000000,0.270000,-0.270000
2780,A1,22,0.220000,0,0,0,1,0,1,0,0,13,0.000,12.981,0.000000,8.187570,8.187570,8.407570,-8.407570
2780,A2,37,0.370000,0,13,0,0,0,13,0,0,0,0.000,12.981,0.000000,0.000000,0.000000,0.370000,-0.370000
2780,B0,35,0.350000,0,1,0,13,0,14,0,0,0,0.000,12.981,0.000000,0.000000,0.000000,0.350000,-0.350000
2780,B1,29,0.290000,0,0,0,0,0,0,0,0,0,0.000,0.000,0.000000,0.000000,0.000000,0.290000,-0.290000
2780,B2,32,0.320000,0,21,0,0,0,21,0,0,0,0.000,12.981,0.000000,0.000000,0.000000,0.320000,-0.320000
2780,C0,44,0.440000,0,0,0,2,0,2,0,0,0,0.000,12.981,0.000000,0.000000,0.000000,0.440000,-0.440000
2780,C1,26,0.260000,0,2,0,3,0,5,0,0,0,0.000,12.981,0.000000,0.000000,0.000000,0.260000,-0.260000
2780,C2,25,0.250000,0,0,0,1,0,1,0,0,0,0.000,12.981,0.000000,0.000000,0.000000,0.250000,-0.250000
2785,A0,28,0.280000,0,0,0,0,0,0,6,0,0,0.000,0.000,0.000000,0.000000,0.000000,0.280000,-0.280000
2785,A1,22,0.220000,0,0,0,0,0,0,1,0,0,0.000,0.000,0.000000,0.000000,0.000000,0.220000,-0.220000
2785,A2,40,0.400000,0,0,0,0,0,0,13,0,0,0.000,0.000,0.000000,0.000000,0.000000,0.400000,-0.400000
2785,B0,35,0.350000,0,0,0,0,0,0,14,0,0,0.000,0.000,0.000000,0.000000,0.000000,0.350000,-0.350000
2785,B1,29,0.290000,0,0,0,0,0,0,0,0,0,0.000,0.000,0.000000,0.000000,0.000000,0.290000,-0.290000
2785,B2,32,0.320000,0,0,0,0,0,0,21,0,0,0.000,0.000,0.000000,0.000000,0.000000,0.320000,-0.320000
2785,C0,44,0.440000,0,0,0,0,0,0,2,0,0,0.000,0.000,0.000000,0.000000,0.000000,0.440000,-0.440000
2785,C1,26,0.260000,0,0,0,0,0,0,5,0,0,0.000,0.000,0.000000,0.000000,0.000000,0.260000,-0.260000
2785,C2,25,0.250000,0,0,0,0,0,0,1,0,0,0.000,0.000,0.000000,0.000000,0.000000,0.250000,-0.250000
2790,A0,29,0.290000,0,0,0,0,0,0,7,0,0,0.000,0.000,0.000000,0.000000,0.000000,0.290000,-0.290000
2790,A1,22,0.220000,0,0,0,0,0,0,1,0,0,0.000,0.000,0.000000,0.000000,0.000000,0.220000,-0.220000
2790,A2,44,0.440000,0,0,0,0,0,0,13,0,0,0.000,0.000,0.000000,0.000000,0.000000,0.440000,-0.440000
2790,B0,35,0.350000,0,0,0,0,0,0,15,0,0,0.000,0.000,0.000000,0.000000,0.000000,0.350000,-0.350000
2790,B1,26,0.260000,0,0,0,0,0,0,1,0,0,0.000,0.000,0.000000,0.000000,0.000000,0.260000,-0.260000
2790,B2,32,0.320000,0,0,0,0,0,0,21,0,0,0.000,0.000,0.000000,0.000000,0.000000,0.320000,-0.320000
2790,C0,44,0.440000,0,0,0,0,0,0,3,0,0,0.000,0.000,0.000000,0.000000,0.000000,0.440000,-0.440000
2790,C1,26,0.260000,0,0,0,0,0,0,5,0,0,0.000,0.000,0.000000,0.000000,0.000000,0.260000,-0.260000
2790,C2,25,0.250000,0,0,0,0,0,0,2,0,0,0.000,0.000,0.000000,0.000000,0.000000,0.250000,-0.250000
2795,A0,47,0.470000,0,0,1,0,1,0,0,2,0,12.981,0.000,1.259626,0.000000,1.259626,1.729626,-1.729626
2795,A1,36,0.360000,0,0,0,0,0,0,0,0,0,0.000,0.000,0.000000,0.000000,0.000000,0.360000,-0.360000
2795,A2,25,0.250000,0,0,11,0,11,0,0,0,0,12.981,0.000,0.000000,0.000000,0.000000,0.250000,-0.250000
2795,B0,22,0.220000,7,0,6,0,13,0,0,0,0,12.981,0.000,0.000000,0.000000,0.000000,0.220000,-0.220000
2795,B1,48,0.480000,1,0,0,0,1,0,0,5,0,12.981,0.000,3.149065,0.000000,3.149065,3.629065,-3.629065
2795,B2,41,0.410000,13,0,10,0,23,0,0,0,0,12.981,0.000,0.000000,0.000000,0.000000,0.410000,-0.410000
2795,C0,25,0.250000,0,0,0,0,0,0,0,0,0,0.000,0.000,0.000000,0.000000,0.000000,0.250000,-0.250000
2795,C1,47,0.470000,0,0,0,0,0,0,0,0,0,0.000,0.000,0.000000,0.000000,0.000000,0.470000,-0.470000
2795,C2,27,0.270000,0,0,0,0,0,0,0,0,0,0.000,0.000,0.000000,0.000000,0.000000,0.270000,-0.270000
2800,A0,47,0.470000,0,0,2,0,2,0,0,0,0,12.981,0.000,0.000000,0.000000,0.000000,0.470000,-0.470000
2800,A1,39,0.390000,0,0,0,0,0,0,0,0,0,0.000,0.000,0.000000,0.000000,0.000000,0.390000,-0.390000
2800,A2,25,0.250000,0,0,13,0,13,0,0,0,0,12.981,0.000,0.000000,0.000000,0.000000,0.250000,-0.250000
2800,B0,22,0.220000,10,0,7,0,17,0,0,0,0,12.981,0.000,0.000000,0.000000,0.000000,0.220000,-0.220000
2800,B1,48,0.480000,1,0,0,0,1,0,0,6,0,12.981,0.000,3.778879,0.000000,3.778879,4.258879,-4.258879
2800,B2,41,0.410000,13,0,11,0,24,0,0,0,0,12.981,0.000,0.000000,0.000000,0.000000,0.410000,-0.410000
2800,C0,25,0.250000,0,0,0,0,0,0,0,0,0,0.000,0.000,0.000000,0.000000,0.000000,0.250000,-0.250000
2800,C1,47,0.470000,0,0,0,0,0,0,0,0,0,0.000,0.000,0.000000,0.000000,0.000000,0.470000,-0.470000
2800,C2,27,0.270000,0,0,0,0,0,0,0,0,0,0.000,0.000,0.000000,0.000000,0.000000,0.270000,-0.270000
2805,A0,47,0.470000,0,0,2,0,2,0,0,0,0,12.981,0.000,0.000000,0.000000,0.000000,0.470000,-0.470000
2805,A1,42,0.420000,0,0,0,0,0,0,0,0,0,0.000,0.000,0.000000,0.000000,0.000000,0.420000,-0.420000
2805,A2,25,0.250000,0,0,13,0,13,0,0,0,0,12.981,0.000,0.000000,0.000000,0.000000,0.250000,-0.250000
2805,B0,22,0.220000,11,0,7,0,18,0,0,0,0,12.981,0.000,0.000000,0.000000,0.000000,0.220000,-0.220000
2805,B1,48,0.480000,1,0,0,0,1,0,0,7,0,12.981,0.000,4.408692,0.000000,4.408692,4.888692,-4.888692
2805,B2,41,0.410000,13,0,11,0,24,0,0,0,0,12.981,0.000,0.000000,0.000000,0.000000,0.410000,-0.410000
2805,C0,25,0.250000,0,0,0,0,0,0,0,0,0,0.000,0.000,0.000000,0.000000,0.000000,0.250000,-0.250000
2805,C1,47,0.470000,0,0,0,0,0,0,0,0,0,0.000,0.000,0.000000,0.000000,0.000000,0.470000,-0.470000
2805,C2,27,0.270000,0,0,1,0,1,0,0,0,0,12.981,0.000,0.000000,0.000000,0.000000,0.270000,-0.270000
2810,A0,47,0.470000,0,0,2,0,2,0,0,5,0,12.981,0.000,3.149065,0.000000,3.149065,3.619065,-3.619065
2810,A1,45,0.450000,0,0,0,0,0,0,0,0,0,0.000,0.000,0.000000,0.000000,0.000000,0.450000,-0.450000
2810,A2,25,0.250000,0,0,13,0,13,0,0,0,0,12.981,0.000,0.000000,0.000000,0.000000,0.250000,-0.250000
2810,B0,22,0.220000,11,0,7,0,18,0,0,0,0,12.981,0.000,0.000000,0.000000,0.000000,0.220000,-0.220000
2810,B1,46,0.460000,1,0,0,0,1,0,0,7,0,12.981,0.000,4.408692,0.000000,4.408692,4.868692,-4.868692
2810,B2,41,0.410000,14,0,11,0,25,0,0,0,0,12.981,0.000,0.000000,0.000000,0.000000,0.410000,-0.410000
2810,C0,25,0.250000,0,0,0,0,0,0,0,0,0,0.000,0.000,0.000000,0.000000,0.000000,0.250000,-0.250000
2810,C1,47,0.470000,0,0,0,0,0,0,0,0,0,0.000,0.000,0.000000,0.000000,0.000000,0.470000,-0.470000
2810,C2,27,0.270000,0,0,2,0,2,0,0,0,0,12.981,0.000,0.000000,0.000000,0.000000,0.270000,-0.270000
2815,A0,47,0.470000,0,0,2,0,2,0,0,6,0,12.981,0.000,3.778879,0.000000,3.778879,4.248879,-4.248879
2815,A1,45,0.450000,0,0,0,0,0,0,0,0,0,0.000,0.000,0.000000,0.000000,0.000000,0.450000,-0.450000
2815,A2,25,0.250000,0,0,15,0,15,0,0,0,0,12.981,0.000,0.000000,0.000000,0.000000,0.250000,-0.250000
2815,B0,22,0.220000,11,0,8,0,19,0,0,0,0,12.981,0.000,0.000000,0.000000,0.000000,0.220000,-0.220000
2815,B1,42,0.420000,1,0,0,0,1,0,0,6,0,12.981,0.000,3.778879,0.000000,3.778879,4.198879,-4.198879
2815,B2,41,0.410000,14,0,12,0,26,0,0,0,0,12.981,0.000,0.000000,0.000000,0.000000,0.410000,-0.410000
2815,C0,25,0.250000,0,0,0,0,0,0,0,0,0,0.000,0.000,0.000000,0.000000,0.000000,0.250000,-0.250000
2815,C1,47,0.470000,0,0,0,0,0,0,0,0,0,0.000,0.000,0.000000,0.000000,0.000000,0.470000,-0.470000
2815,C2,27,0.270000,0,0,3,0,3,0,0,0,0,12.981,0.000,0.000000,0.000000,0.000000,0.270000,-0.270000
2820,A0,47,0.470000,0,0,2,0,2,0,0,12,0,12.981,0.000,7.557757,0.000000,7.557757,8.027757,-8.027757
2820,A1,45,0.450000,1,0,0,0,1,0,0,7,0,12.981,0.000,4.408692,0.000000,4.408692,4.858692,-4.858692
2820,A2,25,0.250000,0,0,15,0,15,0,0,0,0,12.981,0.000,0.000000,0.000000,0.000000,0.250000,-0.250000
2820,B0,22,0.220000,12,0,8,0,20,0,0,0,0,12.981,0.000,0.000000,0.000000,0.000000,0.220000,-0.220000
2820,B1,40,0.400000,1,0,0,0,1,0,0,5,0,12.981,0.000,3.149065,0.000000,3.149065,3.549065,-3.549065
2820,B2,36,0.360000,3,0,2,0,5,0,0,0,0,12.981,0.000,0.000000,0.000000,0.000000,0.360000,-0.360000
2820,C0,25,0.250000,0,0,0,0,0,0,0,0,0,0.000,0.000,0.000000,0.000000,0.000000,0.250000,-0.250000
2820,C1,47,0.470000,0,0,0,0,0,0,0,0,0,0.000,0.000,0.000000,0.000000,0.000000,0.470000,-0.470000
2820,C2,27,0.270000,0,0,3,0,3,0,0,0,0,12.981,0.000,0.000000,0.000000,0.000000,0.270000,-0.270000
2825,A0,47,0.470000,1,0,2,0,3,0,0,13,0,12.981,0.000,8.187570,0.000000,8.187570,8.657570,-8.657570
2825,A1,45,0.450000,1,0,0,0,1,0,0,5,0,12.981,0.000,3.149065,0.000000,3.149065,3.599065,-3.599065
2825,A2,25,0.250000,0,0,15,0,15,0,0,0,0,12.981,0.000,0.000000,0.000000,0.000000,0.250000,-0.250000
2825,B0,22,0.220000,12,0,8,0,20,0,0,0,0,12.981,0.000,0.000000,0.000000,0.000000,0.220000,-0.220000
2825,B1,39,0.390000,1,0,0,0,1,0,0,2,0,12.981,0.000,1.259626,0.000000,1.259626,1.649626,-1.649626
2825,B2,32,0.320000,3,0,3,0,6,0,0,0,0,12.981,0.000,0.000000,0.000000,0.000000,0.320000,-0.320000
2825,C0,25,0.250000,0,0,0,0,0,0,0,0,0,0.000,0.000,0.000000,0.000000,0.000000,0.250000,-0.250000
2825,C1,47,0.470000,0,0,0,0,0,0,0,0,0,0.000,0.000,0.000000,0.000000,0.000000,0.470000,-0.470000
2825,C2,27,0.270000,0,0,6,0,6,0,0,0,0,12.981,0.000,0.000000,0.000000,0.000000,0.270000,-0.270000
2830,A0,43,0.430000,0,0,0,0,0,0,3,0,0,0.000,0.000,0.000000,0.000000,0.000000,0.430000,-0.430000
2830,A1,45,0.450000,0,0,0,0,0,0,2,0,0,0.000,0.000,0.000000,0.000000,0.000000,0.450000,-0.450000
2830,A2,25,0.250000,0,0,0,0,0,0,15,0,0,0.000,0.000,0.000000,0.000000,0.000000,0.250000,-0.250000
2830,B0,22,0.220000,0,0,0,0,0,0,20,0,0,0.000,0.000,0.000000,0.000000,0.000000,0.220000,-0.220000
2830,B1,38,0.380000,0,0,0,0,0,0,1,0,0,0.000,0.000,0.000000,0.000000,0.000000,0.380000,-0.380000
2830,B2,28,0.280000,0,0,0,0,0,0,12,0,0,0.000,0.000,0.000000,0.000000,0.000000,0.280000,-0.280000
2830,C0,25,0.250000,0,0,0,0,0,0,2,0,0,0.000,0.000,0.000000,0.000000,0.000000,0.250000,-0.250000
2830,C1,47,0.470000,0,0,0,0,0,0,0,0,0,0.000,0.000,0.000000,0.000000,0.000000,0.470000,-0.470000
2830,C2,27,0.270000,0,0,0,0,0,0,6,0,0,0.000,0.000,0.000000,0.000000,0.000000,0.270000,-0.270000
2835,A0,40,0.400000,0,0,0,0,0,0,5,0,0,0.000,0.000,0.000000,0.000000,0.000000,0.400000,-0.400000
2835,A1,45,0.450000,0,0,0,0,0,0,2,0,0,0.000,0.000,0.000000,0.000000,0.000000,0.450000,-0.450000
2835,A2,25,0.250000,0,0,0,0,0,0,16,0,0,0.000,0.000,0.000000,0.000000,0.000000,0.250000,-0.250000
2835,B0,22,0.220000,0,0,0,0,0,0,20,0,0,0.000,0.000,0.000000,0.000000,0.000000,0.220000,-0.220000
2835,B1,38,0.380000,0,0,0,0,0,0,1,0,0,0.000,0.000,0.000000,0.000000,0.000000,0.380000,-0.380000
2835,B2,27,0.270000,0,0,0,0,0,0,8,0,0,0.000,0.000,0.000000,0.000000,0.000000,0.270000,-0.270000
2835,C0,25,0.250000,0,0,0,0,0,0,2,0,0,0.000,0.000,0.000000,0.000000,0.000000,0.250000,-0.250000
2835,C1,47,0.470000,0,0,0,0,0,0,1,0,0,0.000,0.000,0.000000,0.000000,0.000000,0.470000,-0.470000
2835,C2,27,0.270000,0,0,0,0,0,0,8,0,0,0.000,0.000,0.000000,0.000000,0.000000,0.270000,-0.270000
2840,A0,13,0.130000,0,0,0,0,0,0,0,0,0,0.000,0.000,0.000000,0.000000,0.000000,0.130000,-0.130000
2840,A1,22,0.220000,0,0,0,0,0,0,0,0,0,0.000,0.000,0.000000,0.000000,0.000000,0.220000,-0.220000
2840,A2,45,0.450000,0,12,0,0,0,12,0,0,0,0.000,12.981,0.000000,0.000000,0.000000,0.450000,-0.450000
2840,B0,35,0.350000,0,0,0,16,0,16,0,0,1,0.000,12.981,0.000000,0.629813,0.629813,0.979813,-0.979813
2840,B1,28,0.280000,0,0,0,0,0,0,0,0,0,0.000,0.000,0.000000,0.000000,0.000000,0.280000,-0.280000
2840,B2,29,0.290000,0,1,0,0,0,1,0,0,17,0.000,12.981,0.000000,10.706822,10.706822,10.996822,-10.996822
2840,C0,44,0.440000,0,0,0,0,0,0,0,0,0,0.000,0.000,0.000000,0.000000,0.000000,0.440000,-0.440000
2840,C1,26,0.260000,0,2,0,0,0,2,0,0,4,0.000,12.981,0.000000,2.519252,2.519252,2.779252,-2.779252
2840,C2,25,0.250000,0,0,0,0,0,0,0,0,0,0.000,0.000,0.000000,0.000000,0.000000,0.250000,-0.250000
2845,A0,16,0.160000,0,1,0,1,0,2,0,0,14,0.000,12.981,0.000000,8.817383,8.817383,8.977383,-8.977383
2845,A1,22,0.220000,0,0,0,1,0,1,0,0,4,0.000,12.981,0.000000,2.519252,2.519252,2.739252,-2.739252
2845,A2,45,0.450000,0,13,0,1,0,14,0,0,0,0.000,12.981,0.000000,0.000000,0.000000,0.450000,-0.450000
2845,B0,35,0.350000,0,0,0,16,0,16,0,0,2,0.000,12.981,0.000000,1.259626,1.259626,1.609626,-1.609626
2845,B1,28,0.280000,0,0,0,1,0,1,0,0,4,0.000,12.981,0.000000,2.519252,2.519252,2.799252,-2.799252
2845,B2,31,0.310000,0,1,0,0,0,1,0,0,18,0.000,12.981,0.000000,11.336636,11.336636,11.646636,-11.646636
2845,C0,44,0.440000,0,2,0,0,0,2,0,0,0,0.000,12.981,0.000000,0.000000,0.000000,0.440000,-0.440000
2845,C1,26,0.260000,0,2,0,1,0,3,0,0,5,0.000,12.981,0.000000,3.149065,3.149065,3.409065,-3.409065
2845,C2,25,0.250000,0,0,0,0,0,0,0,0,0,0.000,0.000,0.000000,0.000000,0.000000,0.250000,-0.250000
2850,A0,19,0.190000,0,2,0,1,0,3,0,0,15,0.000,12.981,0.000000,9.447196,9.447196,9.637196,-9.637196
2850,A1,22,0.220000,0,0,0,1,0,1,0,0,7,0.000,12.981,0.000000,4.408692,4.408692,4.628692,-4.628692
2850,A2,45,0.450000,0,16,0,2,0,18,0,0,0,0.000,12.981,0.000000,0.000000,0.000000,0.450000,-0.450000
2850,B0,35,0.350000,0,0,0,16,0,16,0,0,2,0.000,12.981,0.000000,1.259626,1.259626,1.609626,-1.609626
2850,B1,28,0.280000,0,0,0,1,0,1,0,0,0,0.000,12.981,0.000000,0.000000,0.000000,0.280000,-0.280000
2850,B2,31,0.310000,0,1,0,0,0,1,0,0,16,0.000,12.981,0.000000,10.077009,10.077009,10.387009,-10.387009
2850,C0,44,0.440000,0,2,0,0,0,2,0,0,0,0.000,12.981,0.000000,0.000000,0.000000,0.440000,-0.440000
2850,C1,26,0.260000,0,2,0,1,0,3,0,0,7,0.000,12.981,0.000000,4.408692,4.408692,4.668692,-4.668692
2850,C2,25,0.250000,0,0,0,0,0,0,0,0,0,0.000,0.000,0.000000,0.000000,0.000000,0.250000,-0.250000
2855,A0,23,0.230000,0,2,0,1,0,3,0,0,15,0.000,12.981,0.000000,9.447196,9.447196,9.677196,-9.677196
2855,A1,22,0.220000,0,0,0,1,0,1,0,0,10,0.000,12.981,0.000000,6.298131,6.298131,6.518131,-6.518131
2855,A2,45,0.450000,0,16,0,2,0,18,0,0,0,0.000,12.981,0.000000,0.000000,0.000000,0.450000,-0.450000
2855,B0,35,0.350000,0,0,0,16,0,16,0,0,2,0.000,12.981,0.000000,1.259626,1.259626,1.609626,-1.609626
2855,B1,28,0.280000,0,0,0,1,0,1,0,0,0,0.000,12.981,0.000000,0.000000,0.000000,0.280000,-0.280000
2855,B2,31,0.310000,0,1,0,0,0,1,0,0,15,0.000,12.981,0.000000,9.447196,9.447196,9.757196,-9.757196
2855,C0,44,0.440000,0,2,0,1,0,3,0,0,0,0.000,12.981,0.000000,0.000000,0.000000,0.440000,-0.440000
2855,C1,26,0.260000,0,2,0,1,0,3,0,0,7,0.000,12.981,0.000000,4.408692,4.408692,4.668692,-4.668692
2855,C2,25,0.250000,0,0,0,0,0,0,0,0,0,0.000,0.000,0.000000,0.000000,0.000000,0.250000,-0.250000
2860,A0,25,0.250000,0,2,0,1,0,3,0,0,13,0.000,12.981,0.000000,8.187570,8.187570,8.437570,-8.437570
2860,A1,22,0.220000,0,0,0,1,0,1,0,0,10,0.000,12.981,0.000000,6.298131,6.298131,6.518131,-6.518131
2860,A2,45,0.450000,0,17,0,2,0,19,0,0,0,0.000,12.981,0.000000,0.000000,0.000000,0.450000,-0.450000
2860,B0,35,0.350000,0,0,0,16,0,16,0,0,0,0.000,12.981,0.000000,0.000000,0.000000,0.350000,-0.350000
2860,B1,28,0.280000,0,0,0,1,0,1,0,0,0,0.000,12.981,0.000000,0.000000,0.000000,0.280000,-0.280000
2860,B2,31,0.310000,0,1,0,0,0,1,0,0,12,0.000,12.981,0.000000,7.557757,7.557757,7.867757,-7.867757
2860,C0,44,0.440000,0,2,0,3,0,5,0,0,0,0.000,12.981,0.000000,0.000000,0.000000,0.440000,-0.440000
2860,C1,26,0.260000,0,3,0,1,0,4,0,0,9,0.000,12.981,0.000000,5.668318,5.668318,5.928318,-5.928318
2860,C2,25,0.250000,0,0,0,0,0,0,0,0,0,0.000,0.000,0.000000,0.000000,0.000000,0.250000,-0.250000
2865,A0,25,0.250000,0,2,0,2,0,4,0,0,9,0.000,12.981,0.000000,5.668318,5.668318,5.918318,-5.918318
2865,A1,22,0.220000,0,0,0,1,0,1,0,0,8,0.000,12.981,0.000000,5.038505,5.038505,5.258505,-5.258505
2865,A2,45,0.450000,0,17,0,2,0,19,0,0,2,0.000,12.981,0.000000,1.259626,1.259626,1.709626,-1.709626
2865,B0,35,0.350000,0,0,0,18,0,18,0,0,0,0.000,12.981,0.000000,0.000000,0.000000,0.350000,-0.350000
2865,B1,28,0.280000,0,0,0,1,0,1,0,0,3,0.000,12.981,0.000000,1.889439,1.889439,2.169439,-2.169439
2865,B2,31,0.310000,0,5,0,0,0,5,0,0,8,0.000,12.981,0.000000,5.038505,5.038505,5.348505,-5.348505
2865,C0,44,0.440000,0,2,0,3,0,5,0,0,0,0.000,12.981,0.000000,0.000000,0.000000,0.440000,-0.440000
2865,C1,26,0.260000,0,3,0,1,0,4,0,0,9,0.000,12.981,0.000000,5.668318,5.668318,5.928318,-5.928318
2865,C2,25,0.250000,0,1,0,1,0,2,0,0,7,0.000,12.981,0.000000,4.408692,4.408692,4.658692,-4.658692
2870,A0,25,0.250000,0,2,0,2,0,4,0,0,8,0.000,12.981,0.000000,5.038505,5.038505,5.288505,-5.288505
2870,A1,22,0.220000,0,0,0,1,0,1,0,0,7,0.000,12.981,0.000000,4.408692,4.408692,4.628692,-4.628692
2870,A2,45,0.450000,0,17,0,2,0,19,0,0,5,0.000,12.981,0.000000,3.149065,3.149065,3.599065,-3.599065
2870,B0,35,0.350000,0,0,0,19,0,19,0,0,0,0.000,12.981,0.000000,0.000000,0.000000,0.350000,-0.350000
2870,B1,28,0.280000,0,0,0,1,0,1,0,0,5,0.000,12.981,0.000000,3.149065,3.149065,3.429065,-3.429065
2870,B2,31,0.310000,0,5,0,0,0,5,0,0,8,0.000,12.981,0.000000,5.038505,5.038505,5.348505,-5.348505
2870,C0,44,0.440000,0,2,0,3,0,5,0,0,0,0.000,12.981,0.000000,0.000000,0.000000,0.440000,-0.440000
2870,C1,26,0.260000,0,4,0,1,0,5,0,0,6,0.000,12.981,0.000000,3.778879,3.778879,4.038879,-4.038879
2870,C2,25,0.250000,0,1,0,2,0,3,0,0,6,0.000,12.981,0.000000,3.778879,3.778879,4.028879,-4.028879
2875,A0,25,0.250000,0,0,0,0,0,0,4,0,0,0.000,0.000,0.000000,0.000000,0.000000,0.250000,-0.250000
2875,A1,22,0.220000,0,0,0,0,0,0,1,0,0,0.000,0.000,0.000000,0.000000,0.000000,0.220000,-0.220000
2875,A2,45,0.450000,0,0,0,0,0,0,20,0,0,0.000,0.000,0.000000,0.000000,0.000000,0.450000,-0.450000
2875,B0,35,0.350000,0,0,0,0,0,0,21,0,0,0.000,0.000,0.000000,0.000000,0.000000,0.350000,-0.350000
2875,B1,28,0.280000,0,0,0,0,0,0,2,0,0,0.000,0.000,0.000000,0.000000,0.000000,0.280000,-0.280000
2875,B2,31,0.310000,0,0,0,0,0,0,6,0,0,0.000,0.000,0.000000,0.000000,0.000000,0.310000,-0.310000
2875,C0,44,0.440000,0,0,0,0,0,0,5,0,0,0.000,0.000,0.000000,0.000000,0.000000,0.440000,-0.440000
2875,C1,26,0.260000,0,0,0,0,0,0,7,0,0,0.000,0.000,0.000000,0.000000,0.000000,0.260000,-0.260000
2875,C2,25,0.250000,0,0,0,0,0,0,5,0,0,0.000,0.000,0.000000,0.000000,0.000000,0.250000,-0.250000
2880,A0,25,0.250000,0,0,0,0,0,0,4,0,0,0.000,0.000,0.000000,0.000000,0.000000,0.250000,-0.250000
2880,A1,22,0.220000,0,0,0,0,0,0,1,0,0,0.000,0.000,0.000000,0.000000,0.000000,0.220000,-0.220000
2880,A2,45,0.450000,0,0,0,0,0,0,20,0,0,0.000,0.000,0.000000,0.000000,0.000000,0.450000,-0.450000
2880,B0,35,0.350000,0,0,0,0,0,0,21,0,0,0.000,0.000,0.000000,0.000000,0.000000,0.350000,-0.350000
2880,B1,28,0.280000,0,0,0,0,0,0,2,0,0,0.000,0.000,0.000000,0.000000,0.000000,0.280000,-0.280000
2880,B2,31,0.310000,0,0,0,0,0,0,6,0,0,0.000,0.000,0.000000,0.000000,0.000000,0.310000,-0.310000
2880,C0,44,0.440000,0,0,0,0,0,0,5,0,0,0.000,0.000,0.000000,0.000000,0.000000,0.440000,-0.440000
2880,C1,26,0.260000,0,0,0,0,0,0,8,0,0,0.000,0.000,0.000000,0.000000,0.000000,0.260000,-0.260000
2880,C2,25,0.250000,0,0,0,0,0,0,6,0,0,0.000,0.000,0.000000,0.000000,0.000000,0.250000,-0.250000
2885,A0,47,0.470000,0,0,0,0,0,0,0,0,0,0.000,0.000,0.000000,0.000000,0.000000,0.470000,-0.470000
2885,A1,44,0.440000,0,0,0,0,0,0,0,0,0,0.000,0.000,0.000000,0.000000,0.000000,0.440000,-0.440000
2885,A2,9,0.090000,0,0,0,0,0,0,0,0,0,0.000,0.000,0.000000,0.000000,0.000000,0.090000,-0.090000
2885,B0,22,0.220000,15,0,8,0,23,0,0,0,0,12.981,0.000,0.000000,0.000000,0.000000,0.220000,-0.220000
2885,B1,31,0.310000,0,0,0,0,0,0,0,0,0,0.000,0.000,0.000000,0.000000,0.000000,0.310000,-0.310000
2885,B2,16,0.160000,0,0,0,0,0,0,0,0,0,0.000,0.000,0.000000,0.000000,0.000000,0.160000,-0.160000
2885,C0,25,0.250000,0,0,0,0,0,0,0,0,0,0.000,0.000,0.000000,0.000000,0.000000,0.250000,-0.250000
2885,C1,47,0.470000,0,0,0,0,0,0,0,0,0,0.000,0.000,0.000000,0.000000,0.000000,0.470000,-0.470000
2885,C2,44,0.440000,0,0,0,0,0,0,0,0,0,0.000,0.000,0.000000,0.000000,0.000000,0.440000,-0.440000
2890,A0,47,0.470000,0,0,0,0,0,0,0,0,0,0.000,0.000,0.000000,0.000000,0.000000,0.470000,-0.470000
2890,A1,45,0.450000,0,0,0,0,0,0,0,0,0,0.000,0.000,0.000000,0.000000,0.000000,0.450000,-0.450000
2890,A2,7,0.070000,1,0,0,0,1,0,0,13,0,12.981,0.000,8.187570,0.000000,8.187570,8.257570,-8.257570
2890,B0,22,0.220000,16,0,8,0,24,0,0,0,0,12.981,0.000,0.000000,0.000000,0.000000,0.220000,-0.220000
2890,B1,31,0.310000,0,0,0,0,0,0,0,0,0,0.000,0.000,0.000000,0.000000,0.000000,0.310000,-0.310000
2890,B2,17,0.170000,0,0,0,0,0,0,0,0,0,0.000,0.000,0.000000,0.000000,0.000000,0.170000,-0.170000
2890,C0,25,0.250000,1,0,0,0,1,0,0,0,0,12.981,0.000,0.000000,0.000000,0.000000,0.250000,-0.250000
2890,C1,47,0.470000,0,0,0,0,0,0,0,0,0,0.000,0.000,0.000000,0.000000,0.000000,0.470000,-0.470000
2890,C2,44,0.440000,1,0,0,0,1,0,0,0,0,12.981,0.000,0.000000,0.000000,0.000000,0.440000,-0.440000
2895,A0,47,0.470000,0,0,0,0,0,0,0,0,0,0.000,0.000,0.000000,0.000000,0.000000,0.470000,-0.470000
2895,A1,45,0.450000,0,0,0,0,0,0,0,0,0,0.000,0.000,0.000000,0.000000,0.000000,0.450000,-0.450000
2895,A2,9,0.090000,3,0,0,0,3,0,0,18,0,12.981,0.000,11.336636,0.000000,11.336636,11.426636,-11.426636
2895,B0,22,0.220000,17,0,8,0,25,0,0,0,0,12.981,0.000,0.000000,0.000000,0.000000,0.220000,-0.220000
2895,B1,35,0.350000,0,0,0,0,0,0,0,0,0,0.000,0.000,0.000000,0.000000,0.000000,0.350000,-0.350000
2895,B2,17,0.170000,0,0,1,0,1,0,0,0,0,12.981,0.000,0.000000,0.000000,0.000000,0.170000,-0.170000
2895,C0,25,0.250000,1,0,0,0,1,0,0,0,0,12.981,0.000,0.000000,0.000000,0.000000,0.250000,-0.250000
2895,C1,47,0.470000,0,0,1,0,1,0,0,7,0,12.981,0.000,4.408692,0.000000,4.408692,4.878692,-4.878692
2895,C2,44,0.440000,0,0,0,0,0,0,0,0,0,0.000,0.000,0.000000,0.000000,0.000000,0.440000,-0.440000
2900,A0,47,0.470000,0,0,0,0,0,0,0,0,0,0.000,0.000,0.000000,0.000000,0.000000,0.470000,-0.470000
2900,A1,45,0.450000,0,0,0,0,0,0,0,0,0,0.000,0.000,0.000000,0.000000,0.000000,0.450000,-0.450000
2900,A2,12,0.120000,0,0,0,0,0,0,0,0,0,0.000,0.000,0.000000,0.000000,0.000000,0.120000,-0.120000
2900,B0,22,0.220000,17,0,9,0,26,0,0,0,0,12.981,0.000,0.000000,0.000000,0.000000,0.220000,-0.220000
2900,B1,38,0.380000,0,0,0,0,0,0,0,0,0,0.000,0.000,0.000000,0.000000,0.000000,0.380000,-0.380000
2900,B2,19,0.190000,0,0,1,0,1,0,0,2,0,12.981,0.000,1.259626,0.000000,1.259626,1.449626,-1.449626
2900,C0,25,0.250000,1,0,0,0,1,0,0,0,0,12.981,0.000,0.000000,0.000000,0.000000,0.250000,-0.250000
2900,C1,47,0.470000,0,0,1,0,1,0,0,6,0,12.981,0.000,3.778879,0.000000,3.778879,4.248879,-4.248879
2900,C2,44,0.440000,0,0,0,0,0,0,0,0,0,0.000,0.000,0.000000,0.000000,0.000000,0.440000,-0.440000
2905,A0,47,0.470000,0,0,0,0,0,0,0,0,0,0.000,0.000,0.000000,0.000000,0.000000,0.470000,-0.470000
2905,A1,45,0.450000,0,0,0,0,0,0,0,0,0,0.000,0.000,0.000000,0.000000,0.000000,0.450000,-0.450000
2905,A2,17,0.170000,0,0,0,0,0,0,0,0,0,0.000,0.000,0.000000,0.000000,0.000000,0.170000,-0.170000
2905,B0,22,0.220000,18,0,9,0,27,0,0,0,0,12.981,0.000,0.000000,0.000000,0.000000,0.220000,-0.220000
2905,B1,41,0.410000,0,0,0,0,0,0,0,0,0,0.000,0.000,0.000000,0.000000,0.000000,0.410000,-0.410000
2905,B2,24,0.240000,0,0,3,0,3,0,0,5,0,12.981,0.000,3.149065,0.000000,3.149065,3.389065,-3.389065
2905,C0,25,0.250000,3,0,0,0,3,0,0,0,0,12.981,0.000,0.000000,0.000000,0.000000,0.250000,-0.250000
2905,C1,47,0.470000,0,0,1,0,1,0,0,7,0,12.981,0.000,4.408692,0.000000,4.408692,4.878692,-4.878692
2905,C2,44,0.440000,0,0,0,0,0,0,0,0,0,0.000,0.000,0.000000,0.000000,0.000000,0.440000,-0.440000
2910,A0,47,0.470000,0,0,0,0,0,0,0,0,0,0.000,0.000,0.000000,0.000000,0.000000,0.470000,-0.470000
2910,A1,45,0.450000,0,0,0,0,0,0,0,0,0,0.000,0.000,0.000000,0.000000,0.000000,0.450000,-0.450000
2910,A2,20,0.200000,0,0,0,0,0,0,0,0,0,0.000,0.000,0.000000,0.000000,0.000000,0.200000,-0.200000
2910,B0,22,0.220000,19,0,10,0,29,0,0,0,0,12.981,0.000,0.000000,0.000000,0.000000,0.220000,-0.220000
2910,B1,45,0.450000,1,0,0,0,1,0,0,0,0,12.981,0.000,0.000000,0.000000,0.000000,0.450000,-0.450000
2910,B2,26,0.260000,0,0,5,0,5,0,0,7,0,12.981,0.000,4.408692,0.000000,4.408692,4.668692,-4.668692
2910,C0,24,0.240000,3,0,0,0,3,0,0,0,0,12.981,0.000,0.000000,0.000000,0.000000,0.240000,-0.240000
2910,C1,47,0.470000,0,0,1,0,1,0,0,11,0,12.981,0.000,6.927944,0.000000,6.927944,7.397944,-7.397944
2910,C2,44,0.440000,0,0,0,0,0,0,0,0,0,0.000,0.000,0.000000,0.000000,0.000000,0.440000,-0.440000
2915,A0,47,0.470000,2,0,1,0,3,0,0,1,0,12.981,0.000,0.629813,0.000000,0.629813,1.099813,-1.099813
2915,A1,45,0.450000,0,0,0,0,0,0,0,0,0,0.000,0.000,0.000000,0.000000,0.000000,0.450000,-0.450000
2915,A2,24,0.240000,0,0,0,0,0,0,0,0,0,0.000,0.000,0.000000,0.000000,0.000000,0.240000,-0.240000
2915,B0,22,0.220000,21,0,10,0,31,0,0,0,0,12.981,0.000,0.000000,0.000000,0.000000,0.220000,-0.220000
2915,B1,47,0.470000,1,0,0,0,1,0,0,0,0,12.981,0.000,0.000000,0.000000,0.000000,0.470000,-0.470000
2915,B2,26,0.260000,0,0,5,0,5,0,0,7,0,12.981,0.000,4.408692,0.000000,4.408692,4.668692,-4.668692
2915,C0,20,0.200000,3,0,0,0,3,0,0,0,0,12.981,0.000,0.000000,0.000000,0.000000,0.200000,-0.200000
2915,C1,47,0.470000,0,0,1,0,1,0,0,13,0,12.981,0.000,8.187570,0.000000,8.187570,8.657570,-8.657570
2915,C2,44,0.440000,0,0,0,0,0,0,0,0,0,0.000,0.000,0.000000,0.000000,0.000000,0.440000,-0.440000
2920,A0,47,0.470000,0,0,0,0,0,0,3,0,0,0.000,0.000,0.000000,0.000000,0.000000,0.470000,-0.470000
2920,A1,45,0.450000,0,0,0,0,0,0,1,0,0,0.000,0.000,0.000000,0.000000,0.000000,0.450000,-0.450000
2920,A2,27,0.270000,0,0,0,0,0,0,0,0,0,0.000,0.000,0.000000,0.000000,0.000000,0.270000,-0.270000
2920,B0,22,0.220000,0,0,0,0,0,0,29,0,0,0.000,0.000,0.000000,0.000000,0.000000,0.220000,-0.220000
2920,B1,47,0.470000,0,0,0,0,0,0,1,0,0,0.000,0.000,0.000000,0.000000,0.000000,0.470000,-0.470000
2920,B2,26,0.260000,0,0,0,0,0,0,5,0,0,0.000,0.000,0.000000,0.000000,0.000000,0.260000,-0.260000
2920,C0,18,0.180000,0,0,0,0,0,0,3,0,0,0.000,0.000,0.000000,0.000000,0.000000,0.180000,-0.180000
2920,C1,47,0.470000,0,0,0,0,0,0,1,0,0,0.000,0.000,0.000000,0.000000,0.000000,0.470000,-0.470000
2920,C2,44,0.440000,0,0,0,0,0,0,0,0,0,0.000,0.000,0.000000,0.000000,0.000000,0.440000,-0.440000
2925,A0,47,0.470000,0,0,0,0,0,0,3,0,0,0.000,0.000,0.000000,0.000000,0.000000,0.470000,-0.470000
2925,A1,45,0.450000,0,0,0,0,0,0,1,0,0,0.000,0.000,0.000000,0.000000,0.000000,0.450000,-0.450000
2925,A2,27,0.270000,0,0,0,0,0,0,0,0,0,0.000,0.000,0.000000,0.000000,0.000000,0.270000,-0.270000
2925,B0,22,0.220000,0,0,0,0,0,0,31,0,0,0.000,0.000,0.000000,0.000000,0.000000,0.220000,-0.220000
2925,B1,47,0.470000,0,0,0,0,0,0,1,0,0,0.000,0.000,0.000000,0.000000,0.000000,0.470000,-0.470000
2925,B2,26,0.260000,0,0,0,0,0,0,5,0,0,0.000,0.000,0.000000,0.000000,0.000000,0.260000,-0.260000
2925,C0,19,0.190000,0,0,0,0,0,0,5,0,0,0.000,0.000,0.000000,0.000000,0.000000,0.190000,-0.190000
2925,C1,47,0.470000,0,0,0,0,0,0,1,0,0,0.000,0.000,0.000000,0.000000,0.000000,0.470000,-0.470000
2925,C2,44,0.440000,0,0,0,0,0,0,0,0,0,0.000,0.000,0.000000,0.000000,0.000000,0.440000,-0.440000
2930,A0,25,0.250000,0,0,0,1,0,1,0,0,0,0.000,12.981,0.000000,0.000000,0.000000,0.250000,-0.250000
2930,A1,7,0.070000,0,0,0,0,0,0,0,0,0,0.000,0.000,0.000000,0.000000,0.000000,0.070000,-0.070000
2930,A2,17,0.170000,0,0,0,0,0,0,0,0,0,0.000,0.000,0.000000,0.000000,0.000000,0.170000,-0.170000
2930,B0,35,0.350000,0,2,0,27,0,29,0,0,0,0.000,13.029,0.000000,0.000000,0.000000,0.350000,-0.350000
2930,B1,30,0.300000,0,0,0,0,0,0,0,0,0,0.000,0.000,0.000000,0.000000,0.000000,0.300000,-0.300000
2930,B2,19,0.190000,0,0,0,1,0,1,0,0,8,0.000,12.981,0.000000,5.038505,5.038505,5.228505,-5.228505
2930,C0,38,0.380000,0,1,0,0,0,1,0,0,6,0.000,12.981,0.000000,3.778879,3.778879,4.158879,-4.158879
2930,C1,12,0.120000,0,0,0,0,0,0,0,0,0,0.000,0.000,0.000000,0.000000,0.000000,0.120000,-0.120000
2930,C2,25,0.250000,0,0,0,0,0,0,0,0,0,0.000,0.000,0.000000,0.000000,0.000000,0.250000,-0.250000
2935,A0,25,0.250000,0,0,0,1,0,1,0,0,4,0.000,12.981,0.000000,2.519252,2.519252,2.769252,-2.769252
2935,A1,10,0.100000,0,0,0,0,0,0,0,0,0,0.000,0.000,0.000000,0.000000,0.000000,0.100000,-0.100000
2935,A2,23,0.230000,0,0,0,0,0,0,0,0,0,0.000,0.000,0.000000,0.000000,0.000000,0.230000,-0.230000
2935,B0,35,0.350000,0,4,0,27,0,31,0,0,0,0.000,13.029,0.000000,0.000000,0.000000,0.350000,-0.350000
2935,B1,30,0.300000,0,0,0,0,0,0,0,0,0,0.000,0.000,0.000000,0.000000,0.000000,0.300000,-0.300000
2935,B2,22,0.220000,0,1,0,1,0,2,0,0,14,0.000,12.981,0.000000,8.817383,8.817383,9.037383,-9.037383
2935,C0,37,0.370000,0,1,0,0,0,1,0,0,8,0.000,12.981,0.000000,5.038505,5.038505,5.408505,-5.408505
2935,C1,15,0.150000,0,0,0,0,0,0,0,0,0,0.000,0.000,0.000000,0.000000,0.000000,0.150000,-0.150000
2935,C2,25,0.250000,0,0,0,1,0,1,0,0,13,0.000,12.981,0.000000,8.187570,8.187570,8.437570,-8.437570
2940,A0,27,0.270000,0,0,0,1,0,1,0,0,12,0.000,12.981,0.000000,7.557757,7.557757,7.827757,-7.827757
2940,A1,17,0.170000,0,0,0,0,0,0,0,0,0,0.000,0.000,0.000000,0.000000,0.000000,0.170000,-0.170000
2940,A2,25,0.250000,0,0,0,1,0,1,0,0,14,0.000,12.981,0.000000,8.817383,8.817383,9.067383,-9.067383
2940,B0,32,0.320000,0,0,0,17,0,17,0,0,0,0.000,12.981,0.000000,0.000000,0.000000,0.320000,-0.320000
2940,B1,30,0.300000,0,0,0,0,0,0,0,0,0,0.000,0.000,0.000000,0.000000,0.000000,0.300000,-0.300000
2940,B2,25,0.250000,0,0,0,1,0,1,0,0,17,0.000,12.981,0.000000,10.706822,10.706822,10.956822,-10.956822
2940,C0,37,0.370000,0,1,0,0,0,1,0,0,7,0.000,12.981,0.000000,4.408692,4.408692,4.778692,-4.778692
2940,C1,18,0.180000,0,0,0,0,0,0,0,0,0,0.000,0.000,0.000000,0.000000,0.000000,0.180000,-0.180000
2940,C2,25,0.250000,0,0,0,1,0,1,0,0,18,0.000,12.981,0.000000,11.336636,11.336636,11.586636,-11.586636
2945,A0,27,0.270000,0,1,0,1,0,2,0,0,15,0.000,12.981,0.000000,9.447196,9.447196,9.717196,-9.717196
2945,A1,20,0.200000,0,0,0,1,0,1,0,0,0,0.000,12.981,0.000000,0.000000,0.000000,0.200000,-0.200000
2945,A2,28,0.280000,0,0,0,1,0,1,0,0,17,0.000,12.981,0.000000,10.706822,10.706822,10.986822,-10.986822
2945,B0,31,0.310000,0,0,0,17,0,17,0,0,1,0.000,12.981,0.000000,0.629813,0.629813,0.939813,-0.939813
2945,B1,30,0.300000,0,0,0,0,0,0,0,0,0,0.000,0.000,0.000000,0.000000,0.000000,0.300000,-0.300000
2945,B2,25,0.250000,0,1,0,1,0,2,0,0,21,0.000,12.981,0.000000,13.226075,13.226075,13.476075,-13.476075
2945,C0,33,0.330000,0,1,0,0,0,1,0,0,5,0.000,12.981,0.000000,3.149065,3.149065,3.479065,-3.479065
2945,C1,21,0.210000,0,1,0,1,0,2,0,0,9,0.000,12.981,0.000000,5.668318,5.668318,5.878318,-5.878318
2945,C2,25,0.250000,0,0,0,2,0,2,0,0,24,0.000,12.981,0.000000,15.115514,15.115514,15.365514,-15.365514
2950,A0,27,0.270000,0,1,0,1,0,2,0,0,17,0.000,12.981,0.000000,10.706822,10.706822,10.976822,-10.976822
2950,A1,24,0.240000,0,0,0,1,0,1,0,0,0,0.000,12.981,0.000000,0.000000,0.000000,0.240000,-0.240000
2950,A2,33,0.330000,0,0,0,1,0,1,0,0,16,0.000,12.981,0.000000,10.077009,10.077009,10.407009,-10.407009
2950,B0,33,0.330000,0,0,0,6,0,6,0,0,2,0.000,12.981,0.000000,1.259626,1.259626,1.589626,-1.589626
2950,B1,30,0.300000,0,0,0,0,0,0,0,0,0,0.000,0.000,0.000000,0.000000,0.000000,0.300000,-0.300000
2950,B2,25,0.250000,0,2,0,1,0,3,0,0,24,0.000,12.981,0.000000,15.115514,15.115514,15.365514,-15.365514
2950,C0,30,0.300000,0,1,0,2,0,3,0,0,1,0.000,12.981,0.000000,0.629813,0.629813,0.929813,-0.929813
2950,C1,21,0.210000,0,1,0,1,0,2,0,0,10,0.000,12.981,0.000000,6.298131,6.298131,6.508131,-6.508131
2950,C2,25,0.250000,0,0,0,2,0,2,0,0,25,0.000,12.981,0.000000,15.745327,15.745327,15.995327,-15.995327
2955,A0,27,0.270000,0,1,0,1,0,2,0,0,22,0.000,12.981,0.000000,13.855888,13.855888,14.125888,-14.125888
2955,A1,25,0.250000,0,0,0,1,0,1,0,0,0,0.000,12.981,0.000000,0.000000,0.000000,0.250000,-0.250000
2955,A2,37,0.370000,0,0,0,1,0,1,0,0,18,0.000,12.981,0.000000,11.336636,11.336636,11.706636,-11.706636
2955,B0,33,0.330000,0,0,0,0,0,0,0,0,0,0.000,0.000,0.000000,0.000000,0.000000,0.330000,-0.330000
2955,B1,30,0.300000,0,0,0,0,0,0,0,0,0,0.000,0.000,0.000000,0.000000,0.000000,0.300000,-0.300000
2955,B2,25,0.250000,0,3,0,1,0,4,0,0,21,0.000,12.981,0.000000,13.226075,13.226075,13.476075,-13.476075
2955,C0,30,0.300000,0,1,0,3,0,4,0,0,0,0.000,12.981,0.000000,0.000000,0.000000,0.300000,-0.300000
2955,C1,21,0.210000,0,2,0,2,0,4,0,0,10,0.000,12.981,0.000000,6.298131,6.298131,6.508131,-6.508131
2955,C2,25,0.250000,0,0,0,2,0,2,0,0,26,0.000,12.981,0.000000,16.375140,16.375140,16.625140,-16.625140
2960,A0,27,0.270000,0,1,0,2,0,3,0,0,23,0.000,12.981,0.000000,14.485701,14.485701,14.755701,-14.755701
2960,A1,27,0.270000,0,0,0,1,0,1,0,0,0,0.000,12.981,0.000000,0.000000,0.000000,0.270000,-0.270000
2960,A2,42,0.420000,0,0,0,1,0,1,0,0,18,0.000,12.981,0.000000,11.336636,11.336636,11.756636,-11.756636
2960,B0,28,0.280000,0,1,0,2,0,3,0,0,3,0.000,12.981,0.000000,1.889439,1.889439,2.169439,-2.169439
2960,B1,30,0.300000,0,0,0,0,0,0,0,0,0,0.000,0.000,0.000000,0.000000,0.000000,0.300000,-0.300000
2960,B2,25,0.250000,0,3,0,1,0,4,0,0,20,0.000,12.981,0.000000,12.596262,12.596262,12.846262,-12.846262
2960,C0,35,0.350000,0,1,0,3,0,4,0,0,0,0.000,12.981,0.000000,0.000000,0.000000,0.350000,-0.350000
2960,C1,21,0.210000,0,2,0,2,0,4,0,0,5,0.000,12.981,0.000000,3.149065,3.149065,3.359065,-3.359065
2960,C2,25,0.250000,0,0,0,3,0,3,0,0,24,0.000,12.981,0.000000,15.115514,15.115514,15.365514,-15.365514
2965,A0,27,0.270000,0,0,0,0,0,0,6,0,0,0.000,0.000,0.000000,0.000000,0.000000,0.270000,-0.270000
2965,A1,29,0.290000,0,0,0,0,0,0,1,0,0,0.000,0.000,0.000000,0.000000,0.000000,0.290000,-0.290000
2965,A2,44,0.440000,0,0,0,0,0,0,2,0,0,0.000,0.000,0.000000,0.000000,0.000000,0.440000,-0.440000
2965,B0,26,0.260000,0,0,0,0,0,0,4,0,0,0.000,0.000,0.000000,0.000000,0.000000,0.260000,-0.260000
2965,B1,30,0.300000,0,0,0,0,0,0,0,0,0,0.000,0.000,0.000000,0.000000,0.000000,0.300000,-0.300000
2965,B2,25,0.250000,0,0,0,0,0,0,4,0,0,0.000,0.000,0.000000,0.000000,0.000000,0.250000,-0.250000
2965,C0,39,0.390000,0,0,0,0,0,0,5,0,0,0.000,0.000,0.000000,0.000000,0.000000,0.390000,-0.390000
2965,C1,22,0.220000,0,0,0,0,0,0,5,0,0,0.000,0.000,0.000000,0.000000,0.000000,0.220000,-0.220000
2965,C2,22,0.220000,0,0,0,0,0,0,4,0,0,0.000,0.000,0.000000,0.000000,0.000000,0.220000,-0.220000
2970,A0,27,0.270000,0,0,0,0,0,0,6,0,0,0.000,0.000,0.000000,0.000000,0.000000,0.270000,-0.270000
2970,A1,30,0.300000,0,0,0,0,0,0,1,0,0,0.000,0.000,0.000000,0.000000,0.000000,0.300000,-0.300000
2970,A2,44,0.440000,0,0,0,0,0,0,2,0,0,0.000,0.000,0.000000,0.000000,0.000000,0.440000,-0.440000
2970,B0,25,0.250000,0,0,0,0,0,0,6,0,0,0.000,0.000,0.000000,0.000000,0.000000,0.250000,-0.250000
2970,B1,30,0.300000,0,0,0,0,0,0,0,0,0,0.000,0.000,0.000000,0.000000,0.000000,0.300000,-0.300000
2970,B2,25,0.250000,0,0,0,0,0,0,4,0,0,0.000,0.000,0.000000,0.000000,0.000000,0.250000,-0.250000
2970,C0,37,0.370000,0,0,0,0,0,0,5,0,0,0.000,0.000,0.000000,0.000000,0.000000,0.370000,-0.370000
2970,C1,22,0.220000,0,0,0,0,0,0,5,0,0,0.000,0.000,0.000000,0.000000,0.000000,0.220000,-0.220000
2970,C2,19,0.190000,0,0,0,0,0,0,4,0,0,0.000,0.000,0.000000,0.000000,0.000000,0.190000,-0.190000
2975,A0,20,0.200000,0,0,0,0,0,0,0,0,0,0.000,0.000,0.000000,0.000000,0.000000,0.200000,-0.200000
2975,A1,45,0.450000,0,0,0,0,0,0,0,0,0,0.000,0.000,0.000000,0.000000,0.000000,0.450000,-0.450000
2975,A2,7,0.070000,1,0,0,0,1,0,0,8,0,12.981,0.000,5.038505,0.000000,5.038505,5.108505,-5.108505
2975,B0,14,0.140000,2,0,0,0,2,0,0,12,0,12.981,0.000,7.557757,0.000000,7.557757,7.697757,-7.697757
2975,B1,48,0.480000,0,0,0,0,0,0,0,0,0,0.000,0.000,0.000000,0.000000,0.000000,0.480000,-0.480000
2975,B2,21,0.210000,0,0,0,0,0,0,0,0,0,0.000,0.000,0.000000,0.000000,0.000000,0.210000,-0.210000
2975,C0,25,0.250000,0,0,0,0,0,0,0,0,0,0.000,0.000,0.000000,0.000000,0.000000,0.250000,-0.250000
2975,C1,47,0.470000,0,0,0,0,0,0,0,0,0,0.000,0.000,0.000000,0.000000,0.000000,0.470000,-0.470000
2975,C2,27,0.270000,1,0,0,0,1,0,0,6,0,12.981,0.000,3.778879,0.000000,3.778879,4.048879,-4.048879
2980,A0,23,0.230000,0,0,1,0,1,0,0,0,0,12.981,0.000,0.000000,0.000000,0.000000,0.230000,-0.230000
2980,A1,45,0.450000,0,0,0,0,0,0,0,0,0,0.000,0.000,0.000000,0.000000,0.000000,0.450000,-0.450000
2980,A2,10,0.100000,1,0,1,0,2,0,0,12,0,12.981,0.000,7.557757,0.000000,7.557757,7.657757,-7.657757
2980,B0,16,0.160000,2,0,0,0,2,0,0,16,0,12.981,0.000,10.077009,0.000000,10.077009,10.237009,-10.237009
2980,B1,48,0.480000,0,0,0,0,0,0,0,0,0,0.000,0.000,0.000000,0.000000,0.000000,0.480000,-0.480000
2980,B2,24,0.240000,0,0,0,0,0,0,0,0,0,0.000,0.000,0.000000,0.000000,0.000000,0.240000,-0.240000
2980,C0,26,0.260000,0,0,0,0,0,0,0,0,0,0.000,0.000,0.000000,0.000000,0.000000,0.260000,-0.260000
2980,C1,42,0.420000,0,0,0,0,0,0,0,0,0,0.000,0.000,0.000000,0.000000,0.000000,0.420000,-0.420000
2980,C2,31,0.310000,1,0,0,0,1,0,0,8,0,12.981,0.000,5.038505,0.000000,5.038505,5.348505,-5.348505
2985,A0,25,0.250000,1,0,3,0,4,0,0,0,0,12.981,0.000,0.000000,0.000000,0.000000,0.250000,-0.250000
2985,A1,45,0.450000,0,0,0,0,0,0,0,0,0,0.000,0.000,0.000000,0.000000,0.000000,0.450000,-0.450000
2985,A2,13,0.130000,1,0,1,0,2,0,0,16,0,12.981,0.000,10.077009,0.000000,10.077009,10.207009,-10.207009
2985,B0,18,0.180000,2,0,0,0,2,0,0,11,0,12.981,0.000,6.927944,0.000000,6.927944,7.107944,-7.107944
2985,B1,48,0.480000,0,0,0,0,0,0,0,0,0,0.000,0.000,0.000000,0.000000,0.000000,0.480000,-0.480000
2985,B2,29,0.290000,0,0,0,0,0,0,0,0,0,0.000,0.000,0.000000,0.000000,0.000000,0.290000,-0.290000
2985,C0,27,0.270000,0,0,0,0,0,0,0,0,0,0.000,0.000,0.000000,0.000000,0.000000,0.270000,-0.270000
2985,C1,42,0.420000,0,0,0,0,0,0,0,0,0,0.000,0.000,0.000000,0.000000,0.000000,0.420000,-0.420000
2985,C2,38,0.380000,1,0,0,0,1,0,0,7,0,12.981,0.000,4.408692,0.000000,4.408692,4.788692,-4.788692
2990,A0,28,0.280000,2,0,3,0,5,0,0,0,0,12.981,0.000,0.000000,0.000000,0.000000,0.280000,-0.280000
2990,A1,45,0.450000,1,0,0,0,1,0,0,17,0,12.981,0.000,10.706822,0.000000,10.706822,11.156822,-11.156822
2990,A2,16,0.160000,2,0,1,0,3,0,0,18,0,12.981,0.000,11.336636,0.000000,11.336636,11.496636,-11.496636
2990,B0,20,0.200000,2,0,0,0,2,0,0,6,0,12.981,0.000,3.778879,0.000000,3.778879,3.978879,-3.978879
2990,B1,48,0.480000,0,0,0,0,0,0,0,0,0,0.000,0.000,0.000000,0.000000,0.000000,0.480000,-0.480000
2990,B2,32,0.320000,0,0,0,0,0,0,0,0,0,0.000,0.000,0.000000,0.000000,0.000000,0.320000,-0.320000
2990,C0,27,0.270000,0,0,0,0,0,0,0,0,0,0.000,0.000,0.000000,0.000000,0.000000,0.270000,-0.270000
2990,C1,40,0.400000,0,0,0,0,0,0,0,0,0,0.000,0.000,0.000000,0.000000,0.000000,0.400000,-0.400000
2990,C2,41,0.410000,2,0,0,0,2,0,0,9,0,12.981,0.000,5.668318,0.000000,5.668318,6.078318,-6.078318
2995,A0,33,0.330000,2,0,3,0,5,0,0,0,0,12.981,0.000,0.000000,0.000000,0.000000,0.330000,-0.330000
2995,A1,45,0.450000,1,0,0,0,1,0,0,18,0,12.981,0.000,11.336636,0.000000,11.336636,11.786636,-11.786636
2995,A2,21,0.210000,2,0,2,0,4,0,0,22,0,12.981,0.000,13.855888,0.000000,13.855888,14.065888,-14.065888
2995,B0,22,0.220000,2,0,0,0,2,0,0,5,0,12.981,0.000,3.149065,0.000000,3.149065,3.369065,-3.369065
2995,B1,48,0.480000,0,0,0,0,0,0,0,0,0,0.000,0.000,0.000000,0.000000,0.000000,0.480000,-0.480000
2995,B2,34,0.340000,0,0,0,0,0,0,0,0,0,0.000,0.000,0.000000,0.000000,0.000000,0.340000,-0.340000
2995,C0,27,0.270000,0,0,0,0,0,0,0,0,0,0.000,0.000,0.000000,0.000000,0.000000,0.270000,-0.270000
2995,C1,40,0.400000,0,0,1,0,1,0,0,0,0,12.981,0.000,0.000000,0.000000,0.000000,0.400000,-0.400000
2995,C2,46,0.460000,4,0,0,0,4,0,0,7,0,12.981,0.000,4.408692,0.000000,4.408692,4.868692,-4.868692
3000,A0,40,0.400000,3,0,3,0,6,0,0,1,0,12.981,0.000,0.629813,0.000000,0.629813,1.029813,-1.029813
3000,A1,45,0.450000,1,0,0,0,1,0,0,16,0,12.981,0.000,10.077009,0.000000,10.077009,10.527009,-10.527009
3000,A2,23,0.230000,2,0,2,0,4,0,0,21,0,12.981,0.000,13.226075,0.000000,13.226075,13.456075,-13.456075
3000,B0,24,0.240000,2,0,2,0,4,0,0,12,0,12.981,0.000,7.557757,0.000000,7.557757,7.797757,-7.797757
3000,B1,43,0.430000,0,0,0,0,0,0,0,0,0,0.000,0.000,0.000000,0.000000,0.000000,0.430000,-0.430000
3000,B2,35,0.350000,0,0,0,0,0,0,0,0,0,0.000,0.000,0.000000,0.000000,0.000000,0.350000,-0.350000
3000,C0,27,0.270000,0,0,0,0,0,0,0,0,0,0.000,0.000,0.000000,0.000000,0.000000,0.270000,-0.270000
3000,C1,40,0.400000,0,0,1,0,1,0,0,0,0,12.981,0.000,0.000000,0.000000,0.000000,0.400000,-0.400000
3000,C2,48,0.480000,4,0,0,0,4,0,0,4,0,12.981,0.000,2.519252,0.000000,2.519252,2.999252,-2.999252
3005,A0,45,0.450000,3,0,3,0,6,0,0,5,0,12.981,0.000,3.149065,0.000000,3.149065,3.599065,-3.599065
3005,A1,45,0.450000,1,0,0,0,1,0,0,15,0,12.981,0.000,9.447196,0.000000,9.447196,9.897196,-9.897196
3005,A2,27,0.270000,5,0,2,0,7,0,0,20,0,12.981,0.000,12.596262,0.000000,12.596262,12.866262,-12.866262
3005,B0,25,0.250000,4,0,2,0,6,0,0,9,0,12.981,0.000,5.668318,0.000000,5.668318,5.918318,-5.918318
3005,B1,41,0.410000,0,0,0,0,0,0,0,0,0,0.000,0.000,0.000000,0.000000,0.000000,0.410000,-0.410000
3005,B2,35,0.350000,0,0,0,0,0,0,0,0,0,0.000,0.000,0.000000,0.000000,0.000000,0.350000,-0.350000
3005,C0,27,0.270000,0,0,0,0,0,0,0,0,0,0.000,0.000,0.000000,0.000000,0.000000,0.270000,-0.270000
3005,C1,42,0.420000,0,0,1,0,1,0,0,0,0,12.981,0.000,0.000000,0.000000,0.000000,0.420000,-0.420000
3005,C2,48,0.480000,4,0,0,0,4,0,0,0,0,12.981,0.000,0.000000,0.000000,0.000000,0.480000,-0.480000
3010,A0,47,0.470000,0,0,0,0,0,0,6,0,0,0.000,0.000,0.000000,0.000000,0.000000,0.470000,-0.470000
3010,A1,45,0.450000,0,0,0,0,0,0,1,0,0,0.000,0.000,0.000000,0.000000,0.000000,0.450000,-0.450000
3010,A2,28,0.280000,0,0,0,0,0,0,9,0,0,0.000,0.000,0.000000,0.000000,0.000000,0.280000,-0.280000
3010,B0,25,0.250000,0,0,0,0,0,0,6,0,0,0.000,0.000,0.000000,0.000000,0.000000,0.250000,-0.250000
3010,B1,39,0.390000,0,0,0,0,0,0,1,0,0,0.000,0.000,0.000000,0.000000,0.000000,0.390000,-0.390000
3010,B2,35,0.350000,0,0,0,0,0,0,0,0,0,0.000,0.000,0.000000,0.000000,0.000000,0.350000,-0.350000
3010,C0,27,0.270000,0,0,0,0,0,0,0,0,0,0.000,0.000,0.000000,0.000000,0.000000,0.270000,-0.270000
3010,C1,44,0.440000,0,0,0,0,0,0,2,0,0,0.000,0.000,0.000000,0.000000,0.000000,0.440000,-0.440000
3010,C2,48,0.480000,0,0,0,0,0,0,4,0,0,0.000,0.000,0.000000,0.000000,0.000000,0.480000,-0.480000
3015,A0,47,0.470000,0,0,0,0,0,0,8,0,0,0.000,0.000,0.000000,0.000000,0.000000,0.470000,-0.470000
3015,A1,45,0.450000,0,0,0,0,0,0,1,0,0,0.000,0.000,0.000000,0.000000,0.000000,0.450000,-0.450000
3015,A2,28,0.280000,0,0,0,0,0,0,9,0,0,0.000,0.000,0.000000,0.000000,0.000000,0.280000,-0.280000
3015,B0,25,0.250000,0,0,0,0,0,0,8,0,0,0.000,0.000,0.000000,0.000000,0.000000,0.250000,-0.250000
3015,B1,37,0.370000,0,0,0,0,0,0,1,0,0,0.000,0.000,0.000000,0.000000,0.000000,0.370000,-0.370000
3015,B2,35,0.350000,0,0,0,0,0,0,1,0,0,0.000,0.000,0.000000,0.000000,0.000000,0.350000,-0.350000
3015,C0,27,0.270000,0,0,0,0,0,0,0,0,0,0.000,0.000,0.000000,0.000000,0.000000,0.270000,-0.270000
3015,C1,46,0.460000,0,0,0,0,0,0,2,0,0,0.000,0.000,0.000000,0.000000,0.000000,0.460000,-0.460000
3015,C2,48,0.480000,0,0,0,0,0,0,4,0,0,0.000,0.000,0.000000,0.000000,0.000000,0.480000,-0.480000
3020,A0,11,0.110000,0,0,0,0,0,0,0,0,0,0.000,0.000,0.000000,0.000000,0.000000,0.110000,-0.110000
3020,A1,28,0.280000,0,0,0,0,0,0,0,0,0,0.000,0.000,0.000000,0.000000,0.000000,0.280000,-0.280000
3020,A2,34,0.340000,0,0,0,0,0,0,0,0,0,0.000,0.000,0.000000,0.000000,0.000000,0.340000,-0.340000
3020,B0,20,0.200000,0,0,0,0,0,0,0,0,0,0.000,0.000,0.000000,0.000000,0.000000,0.200000,-0.200000
3020,B1,24,0.240000,0,1,0,0,0,1,0,0,10,0.000,12.981,0.000000,6.298131,6.298131,6.538131,-6.538131
3020,B2,25,0.250000,0,1,0,0,0,1,0,0,2,0.000,12.981,0.000000,1.259626,1.259626,1.509626,-1.509626
3020,C0,44,0.440000,0,0,0,0,0,0,0,0,0,0.000,0.000,0.000000,0.000000,0.000000,0.440000,-0.440000
3020,C1,22,0.220000,0,0,0,0,0,0,0,0,0,0.000,0.000,0.000000,0.000000,0.000000,0.220000,-0.220000
3020,C2,25,0.250000,0,0,0,0,0,0,0,0,0,0.000,0.000,0.000000,0.000000,0.000000,0.250000,-0.250000
3025,A0,11,0.110000,0,0,0,0,0,0,0,0,0,0.000,0.000,0.000000,0.000000,0.000000,0.110000,-0.110000
3025,A1,31,0.310000,0,0,0,0,0,0,0,0,0,0.000,0.000,0.000000,0.000000,0.000000,0.310000,-0.310000
3025,A2,40,0.400000,0,0,0,1,0,1,0,0,1,0.000,12.981,0.000000,0.629813,0.629813,1.029813,-1.029813
3025,B0,24,0.240000,0,1,0,0,0,1,0,0,0,0.000,12.981,0.000000,0.000000,0.000000,0.240000,-0.240000
3025,B1,25,0.250000,0,1,0,0,0,1,0,0,7,0.000,12.981,0.000000,4.408692,4.408692,4.658692,-4.658692
3025,B2,25,0.250000,0,1,0,0,0,1,0,0,4,0.000,12.981,0.000000,2.519252,2.519252,2.769252,-2.769252
3025,C0,44,0.440000,0,0,0,0,0,0,0,0,0,0.000,0.000,0.000000,0.000000,0.000000,0.440000,-0.440000
3025,C1,22,0.220000,0,0,0,1,0,1,0,0,4,0.000,12.981,0.000000,2.519252,2.519252,2.739252,-2.739252
3025,C2,25,0.250000,0,0,0,0,0,0,0,0,0,0.000,0.000,0.000000,0.000000,0.000000,0.250000,-0.250000
3030,A0,11,0.110000,0,0,0,0,0,0,0,0,0,0.000,0.000,0.000000,0.000000,0.000000,0.110000,-0.110000
3030,A1,34,0.340000,0,0,0,1,0,1,0,0,13,0.000,12.981,0.000000,8.187570,8.187570,8.527570,-8.527570
3030,A2,44,0.440000,0,0,0,1,0,1,0,0,0,0.000,12.981,0.000000,0.000000,0.000000,0.440000,-0.440000
3030,B0,27,0.270000,0,0,0,0,0,0,0,0,0,0.000,0.000,0.000000,0.000000,0.000000,0.270000,-0.270000
3030,B1,29,0.290000,0,1,0,0,0,1,0,0,4,0.000,12.981,0.000000,2.519252,2.519252,2.809252,-2.809252
3030,B2,25,0.250000,0,1,0,1,0,2,0,0,7,0.000,12.981,0.000000,4.408692,4.408692,4.658692,-4.658692
3030,C0,44,0.440000,0,0,0,0,0,0,0,0,0,0.000,0.000,0.000000,0.000000,0.000000,0.440000,-0.440000
3030,C1,22,0.220000,0,0,0,1,0,1,0,0,8,0.000,12.981,0.000000,5.038505,5.038505,5.258505,-5.258505
3030,C2,25,0.250000,0,0,0,1,0,1,0,0,0,0.000,12.981,0.000000,0.000000,0.000000,0.250000,-0.250000
3035,A0,15,0.150000,0,0,0,0,0,0,0,0,0,0.000,0.000,0.000000,0.000000,0.000000,0.150000,-0.150000
3035,A1,35,0.350000,0,3,0,2,0,5,0,0,12,0.000,12.981,0.000000,7.557757,7.557757,7.907757,-7.907757
3035,A2,44,0.440000,0,0,0,2,0,2,0,0,0,0.000,12.981,0.000000,0.000000,0.000000,0.440000,-0.440000
3035,B0,31,0.310000,0,0,0,0,0,0,0,0,0,0.000,0.000,0.000000,0.000000,0.000000,0.310000,-0.310000
3035,B1,29,0.290000,0,1,0,0,0,1,0,0,1,0.000,12.981,0.000000,0.629813,0.629813,0.919813,-0.919813
3035,B2,25,0.250000,0,1,0,1,0,2,0,0,8,0.000,12.981,0.000000,5.038505,5.038505,5.288505,-5.288505
3035,C0,44,0.440000,0,0,0,0,0,0,0,0,0,0.000,0.000,0.000000,0.000000,0.000000,0.440000,-0.440000
3035,C1,22,0.220000,0,0,0,1,0,1,0,0,10,0.000,12.981,0.000000,6.298131,6.298131,6.518131,-6.518131
3035,C2,25,0.250000,0,0,0,2,0,2,0,0,0,0.000,12.981,0.000000,0.000000,0.000000,0.250000,-0.250000
3040,A0,18,0.180000,0,0,0,0,0,0,0,0,0,0.000,0.000,0.000000,0.000000,0.000000,0.180000,-0.180000
3040,A1,35,0.350000,0,4,0,3,0,7,0,0,15,0.000,12.981,0.000000,9.447196,9.447196,9.797196,-9.797196
3040,A2,44,0.440000,0,2,0,2,0,4,0,0,0,0.000,12.981,0.000000,0.000000,0.000000,0.440000,-0.440000
3040,B0,31,0.310000,0,0,0,0,0,0,0,0,0,0.000,0.000,0.000000,0.000000,0.000000,0.310000,-0.310000
3040,B1,29,0.290000,0,1,0,1,0,2,0,0,0,0.000,12.981,0.000000,0.000000,0.000000,0.290000,-0.290000
3040,B2,25,0.250000,0,1,0,1,0,2,0,0,10,0.000,12.981,0.000000,6.298131,6.298131,6.548131,-6.548131
3040,C0,44,0.440000,0,0,0,0,0,0,0,0,0,0.000,0.000,0.000000,0.000000,0.000000,0.440000,-0.440000
3040,C1,24,0.240000,0,0,0,4,0,4,0,0,11,0.000,12.981,0.000000,6.927944,6.927944,7.167944,-7.167944
3040,C2,25,0.250000,0,0,0,3,0,3,0,0,0,0.000,12.981,0.000000,0.000000,0.000000,0.250000,-0.250000
3045,A0,21,0.210000,0,0,0,0,0,0,0,0,0,0.000,0.000,0.000000,0.000000,0.000000,0.210000,-0.210000
3045,A1,35,0.350000,0,5,0,3,0,8,0,0,14,0.000,12.981,0.000000,8.817383,8.817383,9.167383,-9.167383
3045,A2,44,0.440000,0,0,0,2,0,2,0,0,0,0.000,12.981,0.000000,0.000000,0.000000,0.440000,-0.440000
3045,B0,31,0.310000,0,0,0,0,0,0,0,0,0,0.000,0.000,0.000000,0.000000,0.000000,0.310000,-0.310000
3045,B1,29,0.290000,0,1,0,2,0,3,0,0,2,0.000,12.981,0.000000,1.259626,1.259626,1.549626,-1.549626
3045,B2,25,0.250000,0,1,0,1,0,2,0,0,8,0.000,12.981,0.000000,5.038505,5.038505,5.288505,-5.288505
3045,C0,44,0.440000,0,1,0,0,0,1,0,0,0,0.000,12.981,0.000000,0.000000,0.000000,0.440000,-0.440000
3045,C1,24,0.240000,0,1,0,4,0,5,0,0,10,0.000,12.981,0.000000,6.298131,6.298131,6.538131,-6.538131
3045,C2,26,0.260000,0,0,0,3,0,3,0,0,0,0.000,12.981,0.000000,0.000000,0.000000,0.260000,-0.260000
3050,A0,24,0.240000,0,0,0,0,0,0,0,0,0,0.000,0.000,0.000000,0.000000,0.000000,0.240000,-0.240000
3050,A1,35,0.350000,0,7,0,3,0,10,0,0,11,0.000,12.981,0.000000,6.927944,6.927944,7.277944,-7.277944
3050,A2,44,0.440000,0,0,0,2,0,2,0,0,0,0.000,12.981,0.000000,0.000000,0.000000,0.440000,-0.440000
3050,B0,31,0.310000,0,0,0,0,0,0,0,0,0,0.000,0.000,0.000000,0.000000,0.000000,0.310000,-0.310000
3050,B1,29,0.290000,0,1,0,2,0,3,0,0,5,0.000,12.981,0.000000,3.149065,3.149065,3.439065,-3.439065
3050,B2,25,0.250000,0,1,0,1,0,2,0,0,5,0.000,12.981,0.000000,3.149065,3.149065,3.399065,-3.399065
3050,C0,44,0.440000,0,2,0,1,0,3,0,0,0,0.000,12.981,0.000000,0.000000,0.000000,0.440000,-0.440000
3050,C1,24,0.240000,0,4,0,4,0,8,0,0,8,0.000,12.981,0.000000,5.038505,5.038505,5.278505,-5.278505
3050,C2,27,0.270000,0,0,0,3,0,3,0,0,0,0.000,12.981,0.000000,0.000000,0.000000,0.270000,-0.270000
3055,A0,25,0.250000,0,0,0,0,0,0,0,0,0,0.000,0.000,0.000000,0.000000,0.000000,0.250000,-0.250000
3055,A1,35,0.350000,0,0,0,0,0,0,10,0,0,0.000,0.000,0.000000,0.000000,0.000000,0.350000,-0.350000
3055,A2,44,0.440000,0,0,0,0,0,0,2,0,0,0.000,0.000,0.000000,0.000000,0.000000,0.440000,-0.440000
3055,B0,31,0.310000,0,0,0,0,0,0,0,0,0,0.000,0.000,0.000000,0.000000,0.000000,0.310000,-0.310000
3055,B1,29,0.290000,0,0,0,0,0,0,3,0,0,0.000,0.000,0.000000,0.000000,0.000000,0.290000,-0.290000
3055,B2,25,0.250000,0,0,0,0,0,0,2,0,0,0.000,0.000,0.000000,0.000000,0.000000,0.250000,-0.250000
3055,C0,44,0.440000,0,0,0,0,0,0,3,0,0,0.000,0.000,0.000000,0.000000,0.000000,0.440000,-0.440000
3055,C1,24,0.240000,0,0,0,0,0,0,8,0,0,0.000,0.000,0.000000,0.000000,0.000000,0.240000,-0.240000
3055,C2,27,0.270000,0,0,0,0,0,0,4,0,0,0.000,0.000,0.000000,0.000000,0.000000,0.270000,-0.270000
3060,A0,25,0.250000,0,0,0,0,0,0,1,0,0,0.000,0.000,0.000000,0.000000,0.000000,0.250000,-0.250000
3060,A1,35,0.350000,0,0,0,0,0,0,13,0,0,0.000,0.000,0.000000,0.000000,0.000000,0.350000,-0.350000
3060,A2,44,0.440000,0,0,0,0,0,0,2,0,0,0.000,0.000,0.000000,0.000000,0.000000,0.440000,-0.440000
3060,B0,31,0.310000,0,0,0,0,0,0,1,0,0,0.000,0.000,0.000000,0.000000,0.000000,0.310000,-0.310000
3060,B1,29,0.290000,0,0,0,0,0,0,3,0,0,0.000,0.000,0.000000,0.000000,0.000000,0.290000,-0.290000
3060,B2,25,0.250000,0,0,0,0,0,0,3,0,0,0.000,0.000,0.000000,0.000000,0.000000,0.250000,-0.250000
3060,C0,44,0.440000,0,0,0,0,0,0,3,0,0,0.000,0.000,0.000000,0.000000,0.000000,0.440000,-0.440000
3060,C1,24,0.240000,0,0,0,0,0,0,9,0,0,0.000,0.000,0.000000,0.000000,0.000000,0.240000,-0.240000
3060,C2,27,0.270000,0,0,0,0,0,0,4,0,0,0.000,0.000,0.000000,0.000000,0.000000,0.270000,-0.270000
3065,A0,46,0.460000,2,0,2,0,4,0,0,0,0,12.981,0.000,0.000000,0.000000,0.000000,0.460000,-0.460000
3065,A1,44,0.440000,0,0,0,0,0,0,0,0,0,0.000,0.000,0.000000,0.000000,0.000000,0.440000,-0.440000
3065,A2,25,0.250000,0,0,0,0,0,0,0,0,0,0.000,0.000,0.000000,0.000000,0.000000,0.250000,-0.250000
3065,B0,11,0.110000,0,0,1,0,1,0,0,0,0,12.981,0.000,0.000000,0.000000,0.000000,0.110000,-0.110000
3065,B1,31,0.310000,0,0,0,0,0,0,0,0,0,0.000,0.000,0.000000,0.000000,0.000000,0.310000,-0.310000
3065,B2,35,0.350000,0,0,0,0,0,0,0,0,0,0.000,0.000,0.000000,0.000000,0.000000,0.350000,-0.350000
3065,C0,25,0.250000,0,0,0,0,0,0,0,0,0,0.000,0.000,0.000000,0.000000,0.000000,0.250000,-0.250000
3065,C1,37,0.370000,0,0,0,0,0,0,0,0,0,0.000,0.000,0.000000,0.000000,0.000000,0.370000,-0.370000
3065,C2,49,0.490000,0,0,0,0,0,0,0,0,0,0.000,0.000,0.000000,0.000000,0.000000,0.490000,-0.490000
3070,A0,46,0.460000,2,0,2,0,4,0,0,0,0,12.981,0.000,0.000000,0.000000,0.000000,0.460000,-0.460000
3070,A1,44,0.440000,0,0,0,0,0,0,0,0,0,0.000,0.000,0.000000,0.000000,0.000000,0.440000,-0.440000
3070,A2,25,0.250000,0,0,0,0,0,0,0,0,0,0.000,0.000,0.000000,0.000000,0.000000,0.250000,-0.250000
3070,B0,13,0.130000,0,0,1,0,1,0,0,0,0,12.981,0.000,0.000000,0.000000,0.000000,0.130000,-0.130000
3070,B1,31,0.310000,0,0,0,0,0,0,0,0,0,0.000,0.000,0.000000,0.000000,0.000000,0.310000,-0.310000
3070,B2,35,0.350000,0,0,0,0,0,0,0,0,0,0.000,0.000,0.000000,0.000000,0.000000,0.350000,-0.350000
3070,C0,25,0.250000,0,0,0,0,0,0,0,0,0,0.000,0.000,0.000000,0.000000,0.000000,0.250000,-0.250000
3070,C1,37,0.370000,0,0,0,0,0,0,0,0,0,0.000,0.000,0.000000,0.000000,0.000000,0.370000,-0.370000
3070,C2,49,0.490000,0,0,0,0,0,0,0,0,0,0.000,0.000,0.000000,0.000000,0.000000,0.490000,-0.490000
3075,A0,46,0.460000,2,0,3,0,5,0,0,0,0,12.981,0.000,0.000000,0.000000,0.000000,0.460000,-0.460000
3075,A1,44,0.440000,1,0,0,0,1,0,0,10,0,12.981,0.000,6.298131,0.000000,6.298131,6.738131,-6.738131
3075,A2,25,0.250000,0,0,0,0,0,0,0,0,0,0.000,0.000,0.000000,0.000000,0.000000,0.250000,-0.250000
3075,B0,15,0.150000,0,0,1,0,1,0,0,0,0,12.981,0.000,0.000000,0.000000,0.000000,0.150000,-0.150000
3075,B1,34,0.340000,0,0,0,0,0,0,0,0,0,0.000,0.000,0.000000,0.000000,0.000000,0.340000,-0.340000
3075,B2,35,0.350000,0,0,0,0,0,0,0,0,0,0.000,0.000,0.000000,0.000000,0.000000,0.350000,-0.350000
3075,C0,25,0.250000,1,0,0,0,1,0,0,6,0,12.981,0.000,3.778879,0.000000,3.778879,4.028879,-4.028879
3075,C1,37,0.370000,0,0,0,0,0,0,0,0,0,0.000,0.000,0.000000,0.000000,0.000000,0.370000,-0.370000
3075,C2,49,0.490000,0,0,0,0,0,0,0,0,0,0.000,0.000,0.000000,0.000000,0.000000,0.490000,-0.490000
3080,A0,46,0.460000,2,0,4,0,6,0,0,0,0,12.981,0.000,0.000000,0.000000,0.000000,0.460000,-0.460000
3080,A1,44,0.440000,1,0,0,0,1,0,0,15,0,12.981,0.000,9.447196,0.000000,9.447196,9.887196,-9.887196
3080,A2,25,0.250000,0,0,0,0,0,0,0,0,0,0.000,0.000,0.000000,0.000000,0.000000,0.250000,-0.250000
3080,B0,19,0.190000,1,0,1,0,2,0,0,0,0,12.981,0.000,0.000000,0.000000,0.000000,0.190000,-0.190000
3080,B1,37,0.370000,0,0,1,0,1,0,0,0,0,12.981,0.000,0.000000,0.000000,0.000000,0.370000,-0.370000
3080,B2,35,0.350000,0,0,0,0,0,0,0,0,0,0.000,0.000,0.000000,0.000000,0.000000,0.350000,-0.350000
3080,C0,25,0.250000,1,0,0,0,1,0,0,11,0,12.981,0.000,6.927944,0.000000,6.927944,7.177944,-7.177944
3080,C1,37,0.370000,0,0,0,0,0,0,0,0,0,0.000,0.000,0.000000,0.000000,0.000000,0.370000,-0.370000
3080,C2,49,0.490000,0,0,0,0,0,0,0,0,0,0.000,0.000,0.000000,0.000000,0.000000,0.490000,-0.490000
3085,A0,46,0.460000,2,0,5,0,7,0,0,2,0,12.981,0.000,1.259626,0.000000,1.259626,1.719626,-1.719626
3085,A1,44,0.440000,1,0,0,0,1,0,0,14,0,12.981,0.000,8.817383,0.000000,8.817383,9.257383,-9.257383
3085,A2,25,0.250000,0,0,0,0,0,0,0,0,0,0.000,0.000,0.000000,0.000000,0.000000,0.250000,-0.250000
3085,B0,21,0.210000,1,0,1,0,2,0,0,0,0,12.981,0.000,0.000000,0.000000,0.000000,0.210000,-0.210000
3085,B1,41,0.410000,0,0,1,0,1,0,0,0,0,12.981,0.000,0.000000,0.000000,0.000000,0.410000,-0.410000
3085,B2,35,0.350000,0,0,0,0,0,0,0,0,0,0.000,0.000,0.000000,0.000000,0.000000,0.350000,-0.350000
3085,C0,25,0.250000,1,0,2,0,3,0,0,11,0,12.981,0.000,6.927944,0.000000,6.927944,7.177944,-7.177944
3085,C1,37,0.370000,0,0,0,0,0,0,0,0,0,0.000,0.000,0.000000,0.000000,0.000000,0.370000,-0.370000
3085,C2,49,0.490000,0,0,0,0,0,0,0,0,0,0.000,0.000,0.000000,0.000000,0.000000,0.490000,-0.490000
3090,A0,46,0.460000,2,0,5,0,7,0,0,5,0,12.981,0.000,3.149065,0.000000,3.149065,3.609065,-3.609065
3090,A1,44,0.440000,2,0,0,0,2,0,0,13,0,12.981,0.000,8.187570,0.000000,8.187570,8.627570,-8.627570
3090,A2,25,0.250000,0,0,0,0,0,0,0,0,0,0.000,0.000,0.000000,0.000000,0.000000,0.250000,-0.250000
3090,B0,21,0.210000,2,0,1,0,3,0,0,1,0,12.981,0.000,0.629813,0.000000,0.629813,0.839813,-0.839813
3090,B1,45,0.450000,0,0,1,0,1,0,0,0,0,12.981,0.000,0.000000,0.000000,0.000000,0.450000,-0.450000
3090,B2,35,0.350000,0,0,0,0,0,0,0,0,0,0.000,0.000,0.000000,0.000000,0.000000,0.350000,-0.350000
3090,C0,25,0.250000,1,0,2,0,3,0,0,15,0,12.981,0.000,9.447196,0.000000,9.447196,9.697196,-9.697196
3090,C1,37,0.370000,0,0,0,0,0,0,0,0,0,0.000,0.000,0.000000,0.000000,0.000000,0.370000,-0.370000
3090,C2,49,0.490000,0,0,0,0,0,0,0,0,0,0.000,0.000,0.000000,0.000000,0.000000,0.490000,-0.490000
3095,A0,46,0.460000,2,0,5,0,7,0,0,6,0,12.981,0.000,3.778879,0.000000,3.778879,4.238879,-4.238879
3095,A1,44,0.440000,2,0,1,0,3,0,0,12,0,12.981,0.000,7.557757,0.000000,7.557757,7.997757,-7.997757
3095,A2,25,0.250000,0,0,0,0,0,0,0,0,0,0.000,0.000,0.000000,0.000000,0.000000,0.250000,-0.250000
3095,B0,21,0.210000,3,0,3,0,6,0,0,1,0,12.981,0.000,0.629813,0.000000,0.629813,0.839813,-0.839813
3095,B1,45,0.450000,0,0,1,0,1,0,0,1,0,12.981,0.000,0.629813,0.000000,0.629813,1.079813,-1.079813
3095,B2,35,0.350000,0,0,0,0,0,0,0,0,0,0.000,0.000,0.000000,0.000000,0.000000,0.350000,-0.350000
3095,C0,25,0.250000,1,0,4,0,5,0,0,18,0,12.981,0.000,11.336636,0.000000,11.336636,11.586636,-11.586636
3095,C1,37,0.370000,1,0,0,0,1,0,0,7,0,12.981,0.000,4.408692,0.000000,4.408692,4.778692,-4.778692
3095,C2,49,0.490000,0,0,0,0,0,0,0,0,0,0.000,0.000,0.000000,0.000000,0.000000,0.490000,-0.490000
3100,A0,46,0.460000,0,0,0,0,0,0,8,0,0,0.000,0.000,0.000000,0.000000,0.000000,0.460000,-0.460000
3100,A1,44,0.440000,0,0,0,0,0,0,3,0,0,0.000,0.000,0.000000,0.000000,0.000000,0.440000,-0.440000
3100,A2,25,0.250000,0,0,0,0,0,0,0,0,0,0.000,0.000,0.000000,0.000000,0.000000,0.250000,-0.250000
3100,B0,21,0.210000,0,0,0,0,0,0,8,0,0,0.000,0.000,0.000000,0.000000,0.000000,0.210000,-0.210000
3100,B1,45,0.450000,0,0,0,0,0,0,4,0,0,0.000,0.000,0.000000,0.000000,0.000000,0.450000,-0.450000
3100,B2,35,0.350000,0,0,0,0,0,0,0,0,0,0.000,0.000,0.000000,0.000000,0.000000,0.350000,-0.350000
3100,C0,25,0.250000,0,0,0,0,0,0,5,0,0,0.000,0.000,0.000000,0.000000,0.000000,0.250000,-0.250000
3100,C1,37,0.370000,0,0,0,0,0,0,1,0,0,0.000,0.000,0.000000,0.000000,0.000000,0.370000,-0.370000
3100,C2,49,0.490000,0,0,0,0,0,0,0,0,0,0.000,0.000,0.000000,0.000000,0.000000,0.490000,-0.490000
3105,A0,46,0.460000,0,0,0,0,0,0,9,0,0,0.000,0.000,0.000000,0.000000,0.000000,0.460000,-0.460000
3105,A1,44,0.440000,0,0,0,0,0,0,3,0,0,0.000,0.000,0.000000,0.000000,0.000000,0.440000,-0.440000
3105,A2,25,0.250000,0,0,0,0,0,0,1,0,0,0.000,0.000,0.000000,0.000000,0.000000,0.250000,-0.250000
3105,B0,23,0.230000,0,0,0,0,0,0,8,0,0,0.000,0.000,0.000000,0.000000,0.000000,0.230000,-0.230000
3105,B1,47,0.470000,0,0,0,0,0,0,5,0,0,0.000,0.000,0.000000,0.000000,0.000000,0.470000,-0.470000
3105,B2,35,0.350000,0,0,0,0,0,0,0,0,0,0.000,0.000,0.000000,0.000000,0.000000,0.350000,-0.350000
3105,C0,25,0.250000,0,0,0,0,0,0,7,0,0,0.000,0.000,0.000000,0.000000,0.000000,0.250000,-0.250000
3105,C1,37,0.370000,0,0,0,0,0,0,1,0,0,0.000,0.000,0.000000,0.000000,0.000000,0.370000,-0.370000
3105,C2,49,0.490000,0,0,0,0,0,0,0,0,0,0.000,0.000,0.000000,0.000000,0.000000,0.490000,-0.490000
3110,A0,28,0.280000,0,1,0,0,0,1,0,0,0,0.000,12.981,0.000000,0.000000,0.000000,0.280000,-0.280000
3110,A1,19,0.190000,0,0,0,0,0,0,0,0,0,0.000,0.000,0.000000,0.000000,0.000000,0.190000,-0.190000
3110,A2,44,0.440000,0,1,0,0,0,1,0,0,0,0.000,12.981,0.000000,0.000000,0.000000,0.440000,-0.440000
3110,B0,32,0.320000,0,0,0,0,0,0,0,0,0,0.000,0.000,0.000000,0.000000,0.000000,0.320000,-0.320000
3110,B1,23,0.230000,0,3,0,0,0,3,0,0,4,0.000,12.981,0.000000,2.519252,2.519252,2.749252,-2.749252
3110,B2,27,0.270000,0,0,0,0,0,0,0,0,0,0.000,0.000,0.000000,0.000000,0.000000,0.270000,-0.270000
3110,C0,18,0.180000,0,0,0,0,0,0,0,0,0,0.000,0.000,0.000000,0.000000,0.000000,0.180000,-0.180000
3110,C1,18,0.180000,0,2,0,0,0,2,0,0,0,0.000,12.981,0.000000,0.000000,0.000000,0.180000,-0.180000
3110,C2,30,0.300000,0,0,0,0,0,0,0,0,0,0.000,0.000,0.000000,0.000000,0.000000,0.300000,-0.300000
3115,A0,29,0.290000,0,0,0,0,0,0,0,0,0,0.000,0.000,0.000000,0.000000,0.000000,0.290000,-0.290000
3115,A1,19,0.190000,0,0,0,0,0,0,0,0,0,0.000,0.000,0.000000,0.000000,0.000000,0.190000,-0.190000
3115,A2,44,0.440000,0,2,0,0,0,2,0,0,0,0.000,12.981,0.000000,0.000000,0.000000,0.440000,-0.440000
3115,B0,32,0.320000,0,0,0,0,0,0,0,0,0,0.000,0.000,0.000000,0.000000,0.000000,0.320000,-0.320000
3115,B1,23,0.230000,0,3,0,0,0,3,0,0,8,0.000,12.981,0.000000,5.038505,5.038505,5.268505,-5.268505
3115,B2,27,0.270000,0,0,0,0,0,0,0,0,0,0.000,0.000,0.000000,0.000000,0.000000,0.270000,-0.270000
3115,C0,22,0.220000,0,1,0,0,0,1,0,0,0,0.000,12.981,0.000000,0.000000,0.000000,0.220000,-0.220000
3115,C1,19,0.190000,0,3,0,0,0,3,0,0,0,0.000,12.981,0.000000,0.000000,0.000000,0.190000,-0.190000
3115,C2,32,0.320000,0,0,0,0,0,0,0,0,0,0.000,0.000,0.000000,0.000000,0.000000,0.320000,-0.320000
3120,A0,29,0.290000,0,0,0,0,0,0,0,0,0,0.000,0.000,0.000000,0.000000,0.000000,0.290000,-0.290000
3120,A1,19,0.190000,0,0,0,0,0,0,0,0,0,0.000,0.000,0.000000,0.000000,0.000000,0.190000,-0.190000
3120,A2,44,0.440000,0,2,0,0,0,2,0,0,0,0.000,12.981,0.000000,0.000000,0.000000,0.440000,-0.440000
3120,B0,32,0.320000,0,0,0,0,0,0,0,0,0,0.000,0.000,0.000000,0.000000,0.000000,0.320000,-0.320000
3120,B1,22,0.220000,0,5,0,1,0,6,0,0,11,0.000,12.981,0.000000,6.927944,6.927944,7.147944,-7.147944
3120,B2,27,0.270000,0,0,0,0,0,0,0,0,0,0.000,0.000,0.000000,0.000000,0.000000,0.270000,-0.270000
3120,C0,27,0.270000,0,2,0,0,0,2,0,0,1,0.000,12.981,0.000000,0.629813,0.629813,0.899813,-0.899813
3120,C1,19,0.190000,0,3,0,0,0,3,0,0,0,0.000,12.981,0.000000,0.000000,0.000000,0.190000,-0.190000
3120,C2,33,0.330000,0,0,0,0,0,0,0,0,0,0.000,0.000,0.000000,0.000000,0.000000,0.330000,-0.330000
3125,A0,30,0.300000,0,0,0,0,0,0,0,0,0,0.000,0.000,0.000000,0.000000,0.000000,0.300000,-0.300000
3125,A1,17,0.170000,0,0,0,0,0,0,0,0,0,0.000,0.000,0.000000,0.000000,0.000000,0.170000,-0.170000
3125,A2,44,0.440000,0,2,0,0,0,2,0,0,0,0.000,12.981,0.000000,0.000000,0.000000,0.440000,-0.440000
3125,B0,32,0.320000,0,0,0,0,0,0,0,0,0,0.000,0.000,0.000000,0.000000,0.000000,0.320000,-0.320000
3125,B1,25,0.250000,0,5,0,1,0,6,0,0,11,0.000,12.981,0.000000,6.927944,6.927944,7.177944,-7.177944
3125,B2,27,0.270000,0,0,0,0,0,0,0,0,0,0.000,0.000,0.000000,0.000000,0.000000,0.270000,-0.270000
3125,C0,29,0.290000,0,2,0,0,0,2,0,0,1,0.000,12.981,0.000000,0.629813,0.629813,0.919813,-0.919813
3125,C1,18,0.180000,0,3,0,0,0,3,0,0,0,0.000,12.981,0.000000,0.000000,0.000000,0.180000,-0.180000
3125,C2,33,0.330000,0,0,0,0,0,0,0,0,0,0.000,0.000,0.000000,0.000000,0.000000,0.330000,-0.330000
3130,A0,30,0.300000,0,0,0,0,0,0,0,0,0,0.000,0.000,0.000000,0.000000,0.000000,0.300000,-0.300000
3130,A1,15,0.150000,0,0,0,1,0,1,0,0,9,0.000,12.981,0.000000,5.668318,5.668318,5.818318,-5.818318
3130,A2,44,0.440000,0,2,0,0,0,2,0,0,0,0.000,12.981,0.000000,0.000000,0.000000,0.440000,-0.440000
3130,B0,32,0.320000,0,0,0,0,0,0,0,0,0,0.000,0.000,0.000000,0.000000,0.000000,0.320000,-0.320000
3130,B1,26,0.260000,0,6,0,1,0,7,0,0,12,0.000,12.981,0.000000,7.557757,7.557757,7.817757,-7.817757
3130,B2,27,0.270000,0,0,0,0,0,0,0,0,0,0.000,0.000,0.000000,0.000000,0.000000,0.270000,-0.270000
3130,C0,34,0.340000,0,5,0,0,0,5,0,0,1,0.000,12.981,0.000000,0.629813,0.629813,0.969813,-0.969813
3130,C1,19,0.190000,0,2,0,3,0,5,0,0,0,0.000,12.981,0.000000,0.000000,0.000000,0.190000,-0.190000
3130,C2,30,0.300000,0,0,0,0,0,0,0,0,0,0.000,0.000,0.000000,0.000000,0.000000,0.300000,-0.300000
3135,A0,30,0.300000,0,0,0,0,0,0,0,0,0,0.000,0.000,0.000000,0.000000,0.000000,0.300000,-0.300000
3135,A1,17,0.170000,0,0,0,1,0,1,0,0,10,0.000,12.981,0.000000,6.298131,6.298131,6.468131,-6.468131
3135,A2,44,0.440000,0,2,0,0,0,2,0,0,0,0.000,12.981,0.000000,0.000000,0.000000,0.440000,-0.440000
3135,B0,32,0.320000,0,0,0,1,0,1,0,0,0,0.000,12.981,0.000000,0.000000,0.000000,0.320000,-0.320000
3135,B1,29,0.290000,0,6,0,1,0,7,0,0,14,0.000,12.981,0.000000,8.817383,8.817383,9.107383,-9.107383
3135,B2,28,0.280000,0,0,0,0,0,0,0,0,0,0.000,0.000,0.000000,0.000000,0.000000,0.280000,-0.280000
3135,C0,39,0.390000,0,7,0,0,0,7,0,0,0,0.000,12.981,0.000000,0.000000,0.000000,0.390000,-0.390000
3135,C1,24,0.240000,0,2,0,3,0,5,0,0,0,0.000,12.981,0.000000,0.000000,0.000000,0.240000,-0.240000
3135,C2,29,0.290000,0,0,0,0,0,0,0,0,0,0.000,0.000,0.000000,0.000000,0.000000,0.290000,-0.290000
3140,A0,30,0.300000,0,0,0,0,0,0,0,0,0,0.000,0.000,0.000000,0.000000,0.000000,0.300000,-0.300000
3140,A1,20,0.200000,0,0,0,1,0,1,0,0,10,0.000,12.981,0.000000,6.298131,6.298131,6.498131,-6.498131
3140,A2,44,0.440000,0,2,0,0,0,2,0,0,0,0.000,12.981,0.000000,0.000000,0.000000,0.440000,-0.440000
3140,B0,32,0.320000,0,1,0,1,0,2,0,0,0,0.000,12.981,0.000000,0.000000,0.000000,0.320000,-0.320000
3140,B1,29,0.290000,0,7,0,1,0,8,0,0,15,0.000,12.981,0.000000,9.447196,9.447196,9.737196,-9.737196
3140,B2,28,0.280000,0,0,0,0,0,0,0,0,0,0.000,0.000,0.000000,0.000000,0.000000,0.280000,-0.280000
3140,C0,43,0.430000,0,7,0,1,0,8,0,0,0,0.000,12.981,0.000000,0.000000,0.000000,0.430000,-0.430000
3140,C1,25,0.250000,0,3,0,3,0,6,0,0,2,0.000,12.981,0.000000,1.259626,1.259626,1.509626,-1.509626
3140,C2,32,0.320000,0,0,0,2,0,2,0,0,0,0.000,12.981,0.000000,0.000000,0.000000,0.320000,-0.320000
3145,A0,30,0.300000,0,0,0,0,0,0,0,0,0,0.000,0.000,0.000000,0.000000,0.000000,0.300000,-0.300000
3145,A1,22,0.220000,0,0,0,0,0,0,1,0,0,0.000,0.000,0.000000,0.000000,0.000000,0.220000,-0.220000
3145,A2,44,0.440000,0,0,0,0,0,0,3,0,0,0.000,0.000,0.000000,0.000000,0.000000,0.440000,-0.440000
3145,B0,32,0.320000,0,0,0,0,0,0,2,0,0,0.000,0.000,0.000000,0.000000,0.000000,0.320000,-0.320000
3145,B1,29,0.290000,0,0,0,0,0,0,9,0,0,0.000,0.000,0.000000,0.000000,0.000000,0.290000,-0.290000
3145,B2,28,0.280000,0,0,0,0,0,0,0,0,0,0.000,0.000,0.000000,0.000000,0.000000,0.280000,-0.280000
3145,C0,43,0.430000,0,0,0,0,0,0,8,0,0,0.000,0.000,0.000000,0.000000,0.000000,0.430000,-0.430000
3145,C1,25,0.250000,0,0,0,0,0,0,7,0,0,0.000,0.000,0.000000,0.000000,0.000000,0.250000,-0.250000
3145,C2,32,0.320000,0,0,0,0,0,0,4,0,0,0.000,0.000,0.000000,0.000000,0.000000,0.320000,-0.320000
3150,A0,30,0.300000,0,0,0,0,0,0,2,0,0,0.000,0.000,0.000000,0.000000,0.000000,0.300000,-0.300000
3150,A1,22,0.220000,0,0,0,0,0,0,1,0,0,0.000,0.000,0.000000,0.000000,0.000000,0.220000,-0.220000
3150,A2,44,0.440000,0,0,0,0,0,0,3,0,0,0.000,0.000,0.000000,0.000000,0.000000,0.440000,-0.440000
3150,B0,32,0.320000,0,0,0,0,0,0,4,0,0,0.000,0.000,0.000000,0.000000,0.000000,0.320000,-0.320000
3150,B1,29,0.290000,0,0,0,0,0,0,10,0,0,0.000,0.000,0.000000,0.000000,0.000000,0.290000,-0.290000
3150,B2,29,0.290000,0,0,0,0,0,0,0,0,0,0.000,0.000,0.000000,0.000000,0.000000,0.290000,-0.290000
3150,C0,43,0.430000,0,0,0,0,0,0,11,0,0,0.000,0.000,0.000000,0.000000,0.000000,0.430000,-0.430000
3150,C1,25,0.250000,0,0,0,0,0,0,8,0,0,0.000,0.000,0.000000,0.000000,0.000000,0.250000,-0.250000
3150,C2,32,0.320000,0,0,0,0,0,0,7,0,0,0.000,0.000,0.000000,0.000000,0.000000,0.320000,-0.320000
3155,A0,46,0.460000,0,0,0,0,0,0,0,0,0,0.000,0.000,0.000000,0.000000,0.000000,0.460000,-0.460000
3155,A1,34,0.340000,0,0,0,0,0,0,0,0,0,0.000,0.000,0.000000,0.000000,0.000000,0.340000,-0.340000
3155,A2,25,0.250000,0,0,0,0,0,0,0,0,0,0.000,0.000,0.000000,0.000000,0.000000,0.250000,-0.250000
3155,B0,23,0.230000,1,0,0,0,1,0,0,0,0,12.981,0.000,0.000000,0.000000,0.000000,0.230000,-0.230000
3155,B1,29,0.290000,0,0,0,0,0,0,0,0,0,0.000,0.000,0.000000,0.000000,0.000000,0.290000,-0.290000
3155,B2,34,0.340000,0,0,0,0,0,0,0,0,0,0.000,0.000,0.000000,0.000000,0.000000,0.340000,-0.340000
3155,C0,26,0.260000,0,0,2,0,2,0,0,4,0,12.981,0.000,2.519252,0.000000,2.519252,2.779252,-2.779252
3155,C1,39,0.390000,0,0,0,0,0,0,0,0,0,0.000,0.000,0.000000,0.000000,0.000000,0.390000,-0.390000
3155,C2,49,0.490000,0,0,1,0,1,0,0,3,0,12.981,0.000,1.889439,0.000000,1.889439,2.379439,-2.379439
3160,A0,46,0.460000,1,0,0,0,1,0,0,2,0,12.981,0.000,1.259626,0.000000,1.259626,1.719626,-1.719626
3160,A1,34,0.340000,0,0,0,0,0,0,0,0,0,0.000,0.000,0.000000,0.000000,0.000000,0.340000,-0.340000
3160,A2,25,0.250000,0,0,0,0,0,0,0,0,0,0.000,0.000,0.000000,0.000000,0.000000,0.250000,-0.250000
3160,B0,23,0.230000,2,0,0,0,2,0,0,0,0,12.981,0.000,0.000000,0.000000,0.000000,0.230000,-0.230000
3160,B1,30,0.300000,0,0,0,0,0,0,0,0,0,0.000,0.000,0.000000,0.000000,0.000000,0.300000,-0.300000
3160,B2,34,0.340000,0,0,0,0,0,0,0,0,0,0.000,0.000,0.000000,0.000000,0.000000,0.340000,-0.340000
3160,C0,26,0.260000,1,0,2,0,3,0,0,6,0,12.981,0.000,3.778879,0.000000,3.778879,4.038879,-4.038879
3160,C1,39,0.390000,0,0,0,0,0,0,0,0,0,0.000,0.000,0.000000,0.000000,0.000000,0.390000,-0.390000
3160,C2,49,0.490000,1,0,1,0,2,0,0,3,0,12.981,0.000,1.889439,0.000000,1.889439,2.379439,-2.379439
3165,A0,46,0.460000,1,0,0,0,1,0,0,0,0,12.981,0.000,0.000000,0.000000,0.000000,0.460000,-0.460000
3165,A1,36,0.360000,0,0,0,0,0,0,0,0,0,0.000,0.000,0.000000,0.000000,0.000000,0.360000,-0.360000
3165,A2,25,0.250000,0,0,0,0,0,0,0,0,0,0.000,0.000,0.000000,0.000000,0.000000,0.250000,-0.250000
3165,B0,23,0.230000,3,0,0,0,3,0,0,0,0,12.981,0.000,0.000000,0.000000,0.000000,0.230000,-0.230000
3165,B1,34,0.340000,1,0,1,0,2,0,0,0,0,12.981,0.000,0.000000,0.000000,0.000000,0.340000,-0.340000
3165,B2,34,0.340000,0,0,0,0,0,0,0,0,0,0.000,0.000,0.000000,0.000000,0.000000,0.340000,-0.340000
3165,C0,26,0.260000,1,0,2,0,3,0,0,4,0,12.981,0.000,2.519252,0.000000,2.519252,2.779252,-2.779252
3165,C1,39,0.390000,0,0,0,0,0,0,0,0,0,0.000,0.000,0.000000,0.000000,0.000000,0.390000,-0.390000
3165,C2,49,0.490000,1,0,1,0,2,0,0,1,0,12.981,0.000,0.629813,0.000000,0.629813,1.119813,-1.119813
3170,A0,46,0.460000,1,0,0,0,1,0,0,0,0,12.981,0.000,0.000000,0.000000,0.000000,0.460000,-0.460000
3170,A1,39,0.390000,0,0,1,0,1,0,0,5,0,12.981,0.000,3.149065,0.000000,3.149065,3.539065,-3.539065
3170,A2,25,0.250000,0,0,0,0,0,0,0,0,0,0.000,0.000,0.000000,0.000000,0.000000,0.250000,-0.250000
3170,B0,24,0.240000,3,0,0,0,3,0,0,0,0,12.981,0.000,0.000000,0.000000,0.000000,0.240000,-0.240000
3170,B1,36,0.360000,1,0,1,0,2,0,0,0,0,12.981,0.000,0.000000,0.000000,0.000000,0.360000,-0.360000
3170,B2,34,0.340000,0,0,0,0,0,0,0,0,0,0.000,0.000,0.000000,0.000000,0.000000,0.340000,-0.340000
3170,C0,26,0.260000,1,0,2,0,3,0,0,4,0,12.981,0.000,2.519252,0.000000,2.519252,2.779252,-2.779252
3170,C1,39,0.390000,0,0,0,0,0,0,0,0,0,0.000,0.000,0.000000,0.000000,0.000000,0.390000,-0.390000
3170,C2,49,0.490000,2,0,1,0,3,0,0,0,0,12.981,0.000,0.000000,0.000000,0.000000,0.490000,-0.490000
3175,A0,46,0.460000,1,0,0,0,1,0,0,0,0,12.981,0.000,0.000000,0.000000,0.000000,0.460000,-0.460000
3175,A1,43,0.430000,0,0,2,0,2,0,0,6,0,12.981,0.000,3.778879,0.000000,3.778879,4.208879,-4.208879
3175,A2,25,0.250000,0,0,0,0,0,0,0,0,0,0.000,0.000,0.000000,0.000000,0.000000,0.250000,-0.250000
3175,B0,25,0.250000,3,0,0,0,3,0,0,0,0,12.981,0.000,0.000000,0.000000,0.000000,0.250000,-0.250000
3175,B1,39,0.390000,1,0,1,0,2,0,0,0,0,12.981,0.000,0.000000,0.000000,0.000000,0.390000,-0.390000
3175,B2,35,0.350000,0,0,0,0,0,0,0,0,0,0.000,0.000,0.000000,0.000000,0.000000,0.350000,-0.350000
3175,C0,26,0.260000,1,0,2,0,3,0,0,6,0,12.981,0.000,3.778879,0.000000,3.778879,4.038879,-4.038879
3175,C1,39,0.390000,0,0,0,0,0,0,0,0,0,0.000,0.000,0.000000,0.000000,0.000000,0.390000,-0.390000
3175,C2,49,0.490000,2,0,1,0,3,0,0,0,0,12.981,0.000,0.000000,0.000000,0.000000,0.490000,-0.490000
3180,A0,46,0.460000,1,0,0,0,1,0,0,0,0,12.981,0.000,0.000000,0.000000,0.000000,0.460000,-0.460000
3180,A1,44,0.440000,0,0,2,0,2,0,0,6,0,12.981,0.000,3.778879,0.000000,3.778879,4.218879,-4.218879
3180,A2,25,0.250000,0,0,0,0,0,0,0,0,0,0.000,0.000,0.000000,0.000000,0.000000,0.250000,-0.250000
3180,B0,26,0.260000,5,0,0,0,5,0,0,0,0,12.981,0.000,0.000000,0.000000,0.000000,0.260000,-0.260000
3180,B1,43,0.430000,1,0,2,0,3,0,0,0,0,12.981,0.000,0.000000,0.000000,0.000000,0.430000,-0.430000
3180,B2,36,0.360000,0,0,0,0,0,0,0,0,0,0.000,0.000,0.000000,0.000000,0.000000,0.360000,-0.360000
3180,C0,26,0.260000,3,0,3,0,6,0,0,5,0,12.981,0.000,3.149065,0.000000,3.149065,3.409065,-3.409065
3180,C1,39,0.390000,0,0,0,0,0,0,0,0,0,0.000,0.000,0.000000,0.000000,0.000000,0.390000,-0.390000
3180,C2,49,0.490000,2,0,2,0,4,0,0,0,0,12.981,0.000,0.000000,0.000000,0.000000,0.490000,-0.490000
3185,A0,46,0.460000,1,0,0,0,1,0,0,0,0,12.981,0.000,0.000000,0.000000,0.000000,0.460000,-0.460000
3185,A1,44,0.440000,0,0,2,0,2,0,0,10,0,12.981,0.000,6.298131,0.000000,6.298131,6.738131,-6.738131
3185,A2,25,0.250000,0,0,0,0,0,0,0,0,0,0.000,0.000,0.000000,0.000000,0.000000,0.250000,-0.250000
3185,B0,26,0.260000,6,0,1,0,7,0,0,0,0,12.981,0.000,0.000000,0.000000,0.000000,0.260000,-0.260000
3185,B1,47,0.470000,1,0,2,0,3,0,0,0,0,12.981,0.000,0.000000,0.000000,0.000000,0.470000,-0.470000
3185,B2,36,0.360000,0,0,2,0,2,0,0,0,0,12.981,0.000,0.000000,0.000000,0.000000,0.360000,-0.360000
3185,C0,26,0.260000,5,0,3,0,8,0,0,3,0,12.981,0.000,1.889439,0.000000,1.889439,2.149439,-2.149439
3185,C1,39,0.390000,0,0,0,0,0,0,0,0,0,0.000,0.000,0.000000,0.000000,0.000000,0.390000,-0.390000
3185,C2,49,0.490000,2,0,2,0,4,0,0,0,0,12.981,0.000,0.000000,0.000000,0.000000,0.490000,-0.490000
3190,A0,46,0.460000,0,0,0,0,0,0,3,0,0,0.000,0.000,0.000000,0.000000,0.000000,0.460000,-0.460000
3190,A1,44,0.440000,0,0,0,0,0,0,2,0,0,0.000,0.000,0.000000,0.000000,0.000000,0.440000,-0.440000
3190,A2,25,0.250000,0,0,0,0,0,0,2,0,0,0.000,0.000,0.000000,0.000000,0.000000,0.250000,-0.250000
3190,B0,26,0.260000,0,0,0,0,0,0,7,0,0,0.000,0.000,0.000000,0.000000,0.000000,0.260000,-0.260000
3190,B1,47,0.470000,0,0,0,0,0,0,3,0,0,0.000,0.000,0.000000,0.000000,0.000000,0.470000,-0.470000
3190,B2,36,0.360000,0,0,0,0,0,0,1,0,0,0.000,0.000,0.000000,0.000000,0.000000,0.360000,-0.360000
3190,C0,26,0.260000,0,0,0,0,0,0,9,0,0,0.000,0.000,0.000000,0.000000,0.000000,0.260000,-0.260000
3190,C1,39,0.390000,0,0,0,0,0,0,1,0,0,0.000,0.000,0.000000,0.000000,0.000000,0.390000,-0.390000
3190,C2,49,0.490000,0,0,0,0,0,0,5,0,0,0.000,0.000,0.000000,0.000000,0.000000,0.490000,-0.490000
3195,A0,46,0.460000,0,0,0,0,0,0,4,0,0,0.000,0.000,0.000000,0.000000,0.000000,0.460000,-0.460000
3195,A1,44,0.440000,0,0,0,0,0,0,2,0,0,0.000,0.000,0.000000,0.000000,0.000000,0.440000,-0.440000
3195,A2,25,0.250000,0,0,0,0,0,0,2,0,0,0.000,0.000,0.000000,0.000000,0.000000,0.250000,-0.250000
3195,B0,26,0.260000,0,0,0,0,0,0,9,0,0,0.000,0.000,0.000000,0.000000,0.000000,0.260000,-0.260000
3195,B1,47,0.470000,0,0,0,0,0,0,3,0,0,0.000,0.000,0.000000,0.000000,0.000000,0.470000,-0.470000
3195,B2,36,0.360000,0,0,0,0,0,0,2,0,0,0.000,0.000,0.000000,0.000000,0.000000,0.360000,-0.360000
3195,C0,26,0.260000,0,0,0,0,0,0,9,0,0,0.000,0.000,0.000000,0.000000,0.000000,0.260000,-0.260000
3195,C1,39,0.390000,0,0,0,0,0,0,1,0,0,0.000,0.000,0.000000,0.000000,0.000000,0.390000,-0.390000
3195,C2,49,0.490000,0,0,0,0,0,0,6,0,0,0.000,0.000,0.000000,0.000000,0.000000,0.490000,-0.490000
3200,A0,14,0.140000,0,0,0,1,0,1,0,0,6,0.000,12.981,0.000000,3.778879,3.778879,3.918879,-3.918879
3200,A1,15,0.150000,0,0,0,0,0,0,0,0,0,0.000,0.000,0.000000,0.000000,0.000000,0.150000,-0.150000
3200,A2,44,0.440000,0,3,0,0,0,3,0,0,0,0.000,12.981,0.000000,0.000000,0.000000,0.440000,-0.440000
3200,B0,32,0.320000,0,0,0,0,0,0,0,0,0,0.000,0.000,0.000000,0.000000,0.000000,0.320000,-0.320000
3200,B1,29,0.290000,0,0,0,0,0,0,0,0,0,0.000,0.000,0.000000,0.000000,0.000000,0.290000,-0.290000
3200,B2,31,0.310000,0,0,0,0,0,0,0,0,0,0.000,0.000,0.000000,0.000000,0.000000,0.310000,-0.310000
3200,C0,44,0.440000,0,0,0,6,0,6,0,0,1,0.000,12.981,0.000000,0.629813,0.629813,1.069813,-1.069813
3200,C1,19,0.190000,0,1,0,0,0,1,0,0,1,0.000,12.981,0.000000,0.629813,0.629813,0.819813,-0.819813
3200,C2,25,0.250000,0,0,0,0,0,0,0,0,0,0.000,0.000,0.000000,0.000000,0.000000,0.250000,-0.250000
3205,A0,12,0.120000,0,0,0,2,0,2,0,0,10,0.000,12.981,0.000000,6.298131,6.298131,6.418131,-6.418131
3205,A1,19,0.190000,0,0,0,0,0,0,0,0,0,0.000,0.000,0.000000,0.000000,0.000000,0.190000,-0.190000
3205,A2,44,0.440000,0,3,0,0,0,3,0,0,0,0.000,12.981,0.000000,0.000000,0.000000,0.440000,-0.440000
3205,B0,32,0.320000,0,0,0,1,0,1,0,0,5,0.000,12.981,0.000000,3.149065,3.149065,3.469065,-3.469065
3205,B1,29,0.290000,0,0,0,0,0,0,0,0,0,0.000,0.000,0.000000,0.000000,0.000000,0.290000,-0.290000
3205,B2,28,0.280000,0,0,0,0,0,0,0,0,0,0.000,0.000,0.000000,0.000000,0.000000,0.280000,-0.280000
3205,C0,44,0.440000,0,0,0,6,0,6,0,0,3,0.000,12.981,0.000000,1.889439,1.889439,2.329439,-2.329439
3205,C1,17,0.170000,0,1,0,0,0,1,0,0,4,0.000,12.981,0.000000,2.519252,2.519252,2.689252,-2.689252
3205,C2,25,0.250000,0,1,0,0,0,1,0,0,0,0.000,12.981,0.000000,0.000000,0.000000,0.250000,-0.250000
3210,A0,11,0.110000,0,0,0,3,0,3,0,0,13,0.000,12.981,0.000000,8.187570,8.187570,8.297570,-8.297570
3210,A1,19,0.190000,0,0,0,0,0,0,0,0,0,0.000,0.000,0.000000,0.000000,0.000000,0.190000,-0.190000
3210,A2,44,0.440000,0,4,0,0,0,4,0,0,0,0.000,12.981,0.000000,0.000000,0.000000,0.440000,-0.440000
3210,B0,32,0.320000,0,0,0,1,0,1,0,0,5,0.000,12.981,0.000000,3.149065,3.149065,3.469065,-3.469065
3210,B1,29,0.290000,0,0,0,0,0,0,0,0,0,0.000,0.000,0.000000,0.000000,0.000000,0.290000,-0.290000
3210,B2,25,0.250000,0,0,0,0,0,0,0,0,0,0.000,0.000,0.000000,0.000000,0.000000,0.250000,-0.250000
3210,C0,44,0.440000,0,2,0,6,0,8,0,0,4,0.000,12.981,0.000000,2.519252,2.519252,2.959252,-2.959252
3210,C1,17,0.170000,0,1,0,0,0,1,0,0,4,0.000,12.981,0.000000,2.519252,2.519252,2.689252,-2.689252
3210,C2,25,0.250000,0,1,0,1,0,2,0,0,6,0.000,12.981,0.000000,3.778879,3.778879,4.028879,-4.028879
3215,A0,12,0.120000,0,1,0,3,0,4,0,0,15,0.000,12.981,0.000000,9.447196,9.447196,9.567196,-9.567196
3215,A1,19,0.190000,0,0,0,0,0,0,0,0,0,0.000,0.000,0.000000,0.000000,0.000000,0.190000,-0.190000
3215,A2,44,0.440000,0,4,0,0,0,4,0,0,0,0.000,12.981,0.000000,0.000000,0.000000,0.440000,-0.440000
3215,B0,32,0.320000,0,0,0,1,0,1,0,0,8,0.000,12.981,0.000000,5.038505,5.038505,5.358505,-5.358505
3215,B1,29,0.290000,0,0,0,0,0,0,0,0,0,0.000,0.000,0.000000,0.000000,0.000000,0.290000,-0.290000
3215,B2,24,0.240000,0,1,0,0,0,1,0,0,0,0.000,12.981,0.000000,0.000000,0.000000,0.240000,-0.240000
3215,C0,44,0.440000,0,2,0,6,0,8,0,0,5,0.000,12.981,0.000000,3.149065,3.149065,3.589065,-3.589065
3215,C1,21,0.210000,0,1,0,0,0,1,0,0,2,0.000,12.981,0.000000,1.259626,1.259626,1.469626,-1.469626
3215,C2,25,0.250000,0,1,0,1,0,2,0,0,12,0.000,12.981,0.000000,7.557757,7.557757,7.807757,-7.807757
3220,A0,15,0.150000,0,3,0,3,0,6,0,0,19,0.000,12.981,0.000000,11.966449,11.966449,12.116449,-12.116449
3220,A1,19,0.190000,0,0,0,0,0,0,0,0,0,0.000,0.000,0.000000,0.000000,0.000000,0.190000,-0.190000
3220,A2,44,0.440000,0,6,0,0,0,6,0,0,0,0.000,12.981,0.000000,0.000000,0.000000,0.440000,-0.440000
3220,B0,32,0.320000,0,0,0,1,0,1,0,0,7,0.000,12.981,0.000000,4.408692,4.408692,4.728692,-4.728692
3220,B1,29,0.290000,0,0,0,0,0,0,0,0,0,0.000,0.000,0.000000,0.000000,0.000000,0.290000,-0.290000
3220,B2,22,0.220000,0,1,0,0,0,1,0,0,0,0.000,12.981,0.000000,0.000000,0.000000,0.220000,-0.220000
3220,C0,44,0.440000,0,2,0,6,0,8,0,0,7,0.000,12.981,0.000000,4.408692,4.408692,4.848692,-4.848692
3220,C1,25,0.250000,0,1,0,0,0,1,0,0,2,0.000,12.981,0.000000,1.259626,1.259626,1.509626,-1.509626
3220,C2,25,0.250000,0,2,0,2,0,4,0,0,16,0.000,12.981,0.000000,10.077009,10.077009,10.327009,-10.327009
3225,A0,18,0.180000,0,4,0,3,0,7,0,0,22,0.000,12.981,0.000000,13.855888,13.855888,14.035888,-14.035888
3225,A1,20,0.200000,0,0,0,0,0,0,0,0,0,0.000,0.000,0.000000,0.000000,0.000000,0.200000,-0.200000
3225,A2,44,0.440000,0,7,0,0,0,7,0,0,0,0.000,12.981,0.000000,0.000000,0.000000,0.440000,-0.440000
3225,B0,32,0.320000,0,0,0,1,0,1,0,0,8,0.000,12.981,0.000000,5.038505,5.038505,5.358505,-5.358505
3225,B1,29,0.290000,0,0,0,0,0,0,0,0,0,0.000,0.000,0.000000,0.000000,0.000000,0.290000,-0.290000
3225,B2,21,0.210000,0,1,0,0,0,1,0,0,0,0.000,12.981,0.000000,0.000000,0.000000,0.210000,-0.210000
3225,C0,44,0.440000,0,2,0,6,0,8,0,0,6,0.000,12.981,0.000000,3.778879,3.778879,4.218879,-4.218879
3225,C1,26,0.260000,0,1,0,0,0,1,0,0,0,0.000,12.981,0.000000,0.000000,0.000000,0.260000,-0.260000
3225,C2,25,0.250000,0,3,0,2,0,5,0,0,17,0.000,12.981,0.000000,10.706822,10.706822,10.956822,-10.956822
3230,A0,21,0.210000,0,6,0,3,0,9,0,0,18,0.000,12.981,0.000000,11.336636,11.336636,11.546636,-11.546636
3230,A1,21,0.210000,0,0,0,1,0,1,0,0,11,0.000,12.981,0.000000,6.927944,6.927944,7.137944,-7.137944
3230,A2,44,0.440000,0,7,0,0,0,7,0,0,0,0.000,12.981,0.000000,0.000000,0.000000,0.440000,-0.440000
3230,B0,32,0.320000,0,0,0,1,0,1,0,0,9,0.000,12.981,0.000000,5.668318,5.668318,5.988318,-5.988318
3230,B1,29,0.290000,0,0,0,0,0,0,0,0,0,0.000,0.000,0.000000,0.000000,0.000000,0.290000,-0.290000
3230,B2,23,0.230000,0,2,0,0,0,2,0,0,0,0.000,12.981,0.000000,0.000000,0.000000,0.230000,-0.230000
3230,C0,44,0.440000,0,3,0,6,0,9,0,0,7,0.000,12.981,0.000000,4.408692,4.408692,4.848692,-4.848692
3230,C1,26,0.260000,0,1,0,0,0,1,0,0,0,0.000,12.981,0.000000,0.000000,0.000000,0.260000,-0.260000
3230,C2,25,0.250000,0,4,0,2,0,6,0,0,18,0.000,12.981,0.000000,11.336636,11.336636,11.586636,-11.586636
3235,A0,25,0.250000,0,0,0,0,0,0,10,0,0,0.000,0.000,0.000000,0.000000,0.000000,0.250000,-0.250000
3235,A1,21,0.210000,0,0,0,0,0,0,1,0,0,0.000,0.000,0.000000,0.000000,0.000000,0.210000,-0.210000
3235,A2,44,0.440000,0,0,0,0,0,0,7,0,0,0.000,0.000,0.000000,0.000000,0.000000,0.440000,-0.440000
3235,B0,32,0.320000,0,0,0,0,0,0,1,0,0,0.000,0.000,0.000000,0.000000,0.000000,0.320000,-0.320000
3235,B1,31,0.310000,0,0,0,0,0,0,2,0,0,0.000,0.000,0.000000,0.000000,0.000000,0.310000,-0.310000
3235,B2,27,0.270000,0,0,0,0,0,0,2,0,0,0.000,0.000,0.000000,0.000000,0.000000,0.270000,-0.270000
3235,C0,44,0.440000,0,0,0,0,0,0,10,0,0,0.000,0.000,0.000000,0.000000,0.000000,0.440000,-0.440000
3235,C1,26,0.260000,0,0,0,0,0,0,1,0,0,0.000,0.000,0.000000,0.000000,0.000000,0.260000,-0.260000
3235,C2,25,0.250000,0,0,0,0,0,0,6,0,0,0.000,0.000,0.000000,0.000000,0.000000,0.250000,-0.250000
3240,A0,25,0.250000,0,0,0,0,0,0,10,0,0,0.000,0.000,0.000000,0.000000,0.000000,0.250000,-0.250000
3240,A1,21,0.210000,0,0,0,0,0,0,1,0,0,0.000,0.000,0.000000,0.000000,0.000000,0.210000,-0.210000
3240,A2,44,0.440000,0,0,0,0,0,0,7,0,0,0.000,0.000,0.000000,0.000000,0.000000,0.440000,-0.440000
3240,B0,32,0.320000,0,0,0,0,0,0,1,0,0,0.000,0.000,0.000000,0.000000,0.000000,0.320000,-0.320000
3240,B1,33,0.330000,0,0,0,0,0,0,2,0,0,0.000,0.000,0.000000,0.000000,0.000000,0.330000,-0.330000
3240,B2,32,0.320000,0,0,0,0,0,0,4,0,0,0.000,0.000,0.000000,0.000000,0.000000,0.320000,-0.320000
3240,C0,44,0.440000,0,0,0,0,0,0,12,0,0,0.000,0.000,0.000000,0.000000,0.000000,0.440000,-0.440000
3240,C1,26,0.260000,0,0,0,0,0,0,2,0,0,0.000,0.000,0.000000,0.000000,0.000000,0.260000,-0.260000
3240,C2,25,0.250000,0,0,0,0,0,0,5,0,0,0.000,0.000,0.000000,0.000000,0.000000,0.250000,-0.250000
3245,A0,32,0.320000,0,0,0,0,0,0,0,0,0,0.000,0.000,0.000000,0.000000,0.000000,0.320000,-0.320000
3245,A1,27,0.270000,0,0,0,0,0,0,0,0,0,0.000,0.000,0.000000,0.000000,0.000000,0.270000,-0.270000
3245,A2,25,0.250000,0,0,0,0,0,0,0,0,0,0.000,0.000,0.000000,0.000000,0.000000,0.250000,-0.250000
3245,B0,15,0.150000,0,0,0,0,0,0,0,0,0,0.000,0.000,0.000000,0.000000,0.000000,0.150000,-0.150000
3245,B1,35,0.350000,0,0,0,0,0,0,0,0,0,0.000,0.000,0.000000,0.000000,0.000000,0.350000,-0.350000
3245,B2,30,0.300000,0,0,1,0,1,0,0,0,0,12.981,0.000,0.000000,0.000000,0.000000,0.300000,-0.300000
3245,C0,26,0.260000,3,0,5,0,8,0,0,0,0,12.981,0.000,0.000000,0.000000,0.000000,0.260000,-0.260000
3245,C1,39,0.390000,0,0,0,0,0,0,0,0,0,0.000,0.000,0.000000,0.000000,0.000000,0.390000,-0.390000
3245,C2,42,0.420000,0,0,0,0,0,0,0,0,0,0.000,0.000,0.000000,0.000000,0.000000,0.420000,-0.420000
3250,A0,36,0.360000,2,0,0,0,2,0,0,1,0,12.981,0.000,0.629813,0.000000,0.629813,0.989813,-0.989813
3250,A1,25,0.250000,0,0,0,0,0,0,0,0,0,0.000,0.000,0.000000,0.000000,0.000000,0.250000,-0.250000
3250,A2,25,0.250000,0,0,1,0,1,0,0,0,0,12.981,0.000,0.000000,0.000000,0.000000,0.250000,-0.250000
3250,B0,16,0.160000,1,0,2,0,3,0,0,0,0,12.981,0.000,0.000000,0.000000,0.000000,0.160000,-0.160000
3250,B1,39,0.390000,1,0,0,0,1,0,0,0,0,12.981,0.000,0.000000,0.000000,0.000000,0.390000,-0.390000
3250,B2,27,0.270000,0,0,1,0,1,0,0,0,0,12.981,0.000,0.000000,0.000000,0.000000,0.270000,-0.270000
3250,C0,30,0.300000,5,0,5,0,10,0,0,0,0,12.981,0.000,0.000000,0.000000,0.000000,0.300000,-0.300000
3250,C1,38,0.380000,0,0,0,0,0,0,0,0,0,0.000,0.000,0.000000,0.000000,0.000000,0.380000,-0.380000
3250,C2,48,0.480000,0,0,0,0,0,0,0,0,0,0.000,0.000,0.000000,0.000000,0.000000,0.480000,-0.480000
3255,A0,42,0.420000,2,0,0,0,2,0,0,0,0,12.981,0.000,0.000000,0.000000,0.000000,0.420000,-0.420000
3255,A1,28,0.280000,0,0,0,0,0,0,0,0,0,0.000,0.000,0.000000,0.000000,0.000000,0.280000,-0.280000
3255,A2,25,0.250000,0,0,2,0,2,0,0,0,0,12.981,0.000,0.000000,0.000000,0.000000,0.250000,-0.250000
3255,B0,18,0.180000,1,0,2,0,3,0,0,0,0,12.981,0.000,0.000000,0.000000,0.000000,0.180000,-0.180000
3255,B1,40,0.400000,1,0,0,0,1,0,0,0,0,12.981,0.000,0.000000,0.000000,0.000000,0.400000,-0.400000
3255,B2,27,0.270000,0,0,2,0,2,0,0,0,0,12.981,0.000,0.000000,0.000000,0.000000,0.270000,-0.270000
3255,C0,35,0.350000,5,0,5,0,10,0,0,1,0,12.981,0.000,0.629813,0.000000,0.629813,0.979813,-0.979813
3255,C1,37,0.370000,0,0,0,0,0,0,0,0,0,0.000,0.000,0.000000,0.000000,0.000000,0.370000,-0.370000
3255,C2,49,0.490000,0,0,0,0,0,0,0,0,0,0.000,0.000,0.000000,0.000000,0.000000,0.490000,-0.490000
3260,A0,46,0.460000,2,0,0,0,2,0,0,0,0,12.981,0.000,0.000000,0.000000,0.000000,0.460000,-0.460000
3260,A1,32,0.320000,0,0,0,0,0,0,0,0,0,0.000,0.000,0.000000,0.000000,0.000000,0.320000,-0.320000
3260,A2,25,0.250000,0,0,2,0,2,0,0,0,0,12.981,0.000,0.000000,0.000000,0.000000,0.250000,-0.250000
3260,B0,19,0.190000,1,0,2,0,3,0,0,0,0,12.981,0.000,0.000000,0.000000,0.000000,0.190000,-0.190000
3260,B1,40,0.400000,1,0,0,0,1,0,0,0,0,12.981,0.000,0.000000,0.000000,0.000000,0.400000,-0.400000
3260,B2,25,0.250000,0,0,3,0,3,0,0,0,0,12.981,0.000,0.000000,0.000000,0.000000,0.250000,-0.250000
3260,C0,31,0.310000,3,0,5,0,8,0,0,6,0,12.981,0.000,3.778879,0.000000,3.778879,4.088879,-4.088879
3260,C1,37,0.370000,0,0,0,0,0,0,0,0,0,0.000,0.000,0.000000,0.000000,0.000000,0.370000,-0.370000
3260,C2,49,0.490000,0,0,0,0,0,0,0,0,0,0.000,0.000,0.000000,0.000000,0.000000,0.490000,-0.490000
3265,A0,46,0.460000,2,0,0,0,2,0,0,0,0,12.981,0.000,0.000000,0.000000,0.000000,0.460000,-0.460000
3265,A1,35,0.350000,0,0,0,0,0,0,0,0,0,0.000,0.000,0.000000,0.000000,0.000000,0.350000,-0.350000
3265,A2,25,0.250000,0,0,2,0,2,0,0,8,0,12.981,0.000,5.038505,0.000000,5.038505,5.288505,-5.288505
3265,B0,22,0.220000,1,0,2,0,3,0,0,0,0,12.981,0.000,0.000000,0.000000,0.000000,0.220000,-0.220000
3265,B1,40,0.400000,2,0,0,0,2,0,0,0,0,12.981,0.000,0.000000,0.000000,0.000000,0.400000,-0.400000
3265,B2,29,0.290000,0,0,5,0,5,0,0,0,0,12.981,0.000,0.000000,0.000000,0.000000,0.290000,-0.290000
3265,C0,30,0.300000,3,0,5,0,8,0,0,6,0,12.981,0.000,3.778879,0.000000,3.778879,4.078879,-4.078879
3265,C1,42,0.420000,0,0,0,0,0,0,0,0,0,0.000,0.000,0.000000,0.000000,0.000000,0.420000,-0.420000
3265,C2,49,0.490000,0,0,0,0,0,0,0,0,0,0.000,0.000,0.000000,0.000000,0.000000,0.490000,-0.490000
3270,A0,46,0.460000,3,0,0,0,3,0,0,0,0,12.981,0.000,0.000000,0.000000,0.000000,0.460000,-0.460000
3270,A1,39,0.390000,0,0,0,0,0,0,0,0,0,0.000,0.000,0.000000,0.000000,0.000000,0.390000,-0.390000
3270,A2,24,0.240000,0,0,2,0,2,0,0,13,0,12.981,0.000,8.187570,0.000000,8.187570,8.427570,-8.427570
3270,B0,22,0.220000,1,0,2,0,3,0,0,0,0,12.981,0.000,0.000000,0.000000,0.000000,0.220000,-0.220000
3270,B1,40,0.400000,2,0,0,0,2,0,0,0,0,12.981,0.000,0.000000,0.000000,0.000000,0.400000,-0.400000
3270,B2,32,0.320000,0,0,5,0,5,0,0,0,0,12.981,0.000,0.000000,0.000000,0.000000,0.320000,-0.320000
3270,C0,33,0.330000,3,0,5,0,8,0,0,8,0,12.981,0.000,5.038505,0.000000,5.038505,5.368505,-5.368505
3270,C1,47,0.470000,1,0,0,0,1,0,0,0,0,12.981,0.000,0.000000,0.000000,0.000000,0.470000,-0.470000
3270,C2,49,0.490000,0,0,0,0,0,0,0,0,0,0.000,0.000,0.000000,0.000000,0.000000,0.490000,-0.490000
3275,A0,46,0.460000,3,0,1,0,4,0,0,0,0,12.981,0.000,0.000000,0.000000,0.000000,0.460000,-0.460000
3275,A1,42,0.420000,0,0,0,0,0,0,0,0,0,0.000,0.000,0.000000,0.000000,0.000000,0.420000,-0.420000
3275,A2,19,0.190000,0,0,2,0,2,0,0,18,0,12.981,0.000,11.336636,0.000000,11.336636,11.526636,-11.526636
3275,B0,22,0.220000,1,0,2,0,3,0,0,0,0,12.981,0.000,0.000000,0.000000,0.000000,0.220000,-0.220000
3275,B1,40,0.400000,3,0,0,0,3,0,0,0,0,12.981,0.000,0.000000,0.000000,0.000000,0.400000,-0.400000
3275,B2,35,0.350000,0,0,5,0,5,0,0,0,0,12.981,0.000,0.000000,0.000000,0.000000,0.350000,-0.350000
3275,C0,34,0.340000,5,0,5,0,10,0,0,8,0,12.981,0.000,5.038505,0.000000,5.038505,5.378505,-5.378505
3275,C1,47,0.470000,0,0,0,0,0,0,0,0,0,0.000,0.000,0.000000,0.000000,0.000000,0.470000,-0.470000
3275,C2,49,0.490000,0,0,0,0,0,0,0,0,0,0.000,0.000,0.000000,0.000000,0.000000,0.490000,-0.490000
3280,A0,46,0.460000,0,0,0,0,0,0,5,0,0,0.000,0.000,0.000000,0.000000,0.000000,0.460000,-0.460000
3280,A1,44,0.440000,0,0,0,0,0,0,1,0,0,0.000,0.000,0.000000,0.000000,0.000000,0.440000,-0.440000
3280,A2,17,0.170000,0,0,0,0,0,0,3,0,0,0.000,0.000,0.000000,0.000000,0.000000,0.170000,-0.170000
3280,B0,22,0.220000,0,0,0,0,0,0,3,0,0,0.000,0.000,0.000000,0.000000,0.000000,0.220000,-0.220000
3280,B1,40,0.400000,0,0,0,0,0,0,3,0,0,0.000,0.000,0.000000,0.000000,0.000000,0.400000,-0.400000
3280,B2,37,0.370000,0,0,0,0,0,0,5,0,0,0.000,0.000,0.000000,0.000000,0.000000,0.370000,-0.370000
3280,C0,34,0.340000,0,0,0,0,0,0,13,0,0,0.000,0.000,0.000000,0.000000,0.000000,0.340000,-0.340000
3280,C1,47,0.470000,0,0,0,0,0,0,0,0,0,0.000,0.000,0.000000,0.000000,0.000000,0.470000,-0.470000
3280,C2,49,0.490000,0,0,0,0,0,0,0,0,0,0.000,0.000,0.000000,0.000000,0.000000,0.490000,-0.490000
3285,A0,46,0.460000,0,0,0,0,0,0,6,0,0,0.000,0.000,0.000000,0.000000,0.000000,0.460000,-0.460000
3285,A1,44,0.440000,0,0,0,0,0,0,2,0,0,0.000,0.000,0.000000,0.000000,0.000000,0.440000,-0.440000
3285,A2,16,0.160000,0,0,0,0,0,0,4,0,0,0.000,0.000,0.000000,0.000000,0.000000,0.160000,-0.160000
3285,B0,22,0.220000,0,0,0,0,0,0,4,0,0,0.000,0.000,0.000000,0.000000,0.000000,0.220000,-0.220000
3285,B1,40,0.400000,0,0,0,0,0,0,3,0,0,0.000,0.000,0.000000,0.000000,0.000000,0.400000,-0.400000
3285,B2,38,0.380000,0,0,0,0,0,0,5,0,0,0.000,0.000,0.000000,0.000000,0.000000,0.380000,-0.380000
3285,C0,34,0.340000,0,0,0,0,0,0,14,0,0,0.000,0.000,0.000000,0.000000,0.000000,0.340000,-0.340000
3285,C1,47,0.470000,0,0,0,0,0,0,1,0,0,0.000,0.000,0.000000,0.000000,0.000000,0.470000,-0.470000
3285,C2,49,0.490000,0,0,0,0,0,0,0,0,0,0.000,0.000,0.000000,0.000000,0.000000,0.490000,-0.490000
3290,A0,25,0.250000,0,0,0,0,0,0,0,0,0,0.000,0.000,0.000000,0.000000,0.000000,0.250000,-0.250000
3290,A1,21,0.210000,0,0,0,0,0,0,0,0,0,0.000,0.000,0.000000,0.000000,0.000000,0.210000,-0.210000
3290,A2,26,0.260000,0,2,0,0,0,2,0,0,9,0.000,12.981,0.000000,5.668318,5.668318,5.928318,-5.928318
3290,B0,32,0.320000,0,0,0,0,0,0,0,0,0,0.000,0.000,0.000000,0.000000,0.000000,0.320000,-0.320000
3290,B1,33,0.330000,0,0,0,0,0,0,0,0,0,0.000,0.000,0.000000,0.000000,0.000000,0.330000,-0.330000
3290,B2,35,0.350000,0,0,0,0,0,0,0,0,0,0.000,0.000,0.000000,0.000000,0.000000,0.350000,-0.350000
3290,C0,39,0.390000,0,0,0,3,0,3,0,0,3,0.000,12.981,0.000000,1.889439,1.889439,2.279439,-2.279439
3290,C1,20,0.200000,0,0,0,0,0,0,0,0,0,0.000,0.000,0.000000,0.000000,0.000000,0.200000,-0.200000
3290,C2,11,0.110000,0,0,0,0,0,0,0,0,0,0.000,0.000,0.000000,0.000000,0.000000,0.110000,-0.110000
3295,A0,25,0.250000,0,0,0,0,0,0,0,0,0,0.000,0.000,0.000000,0.000000,0.000000,0.250000,-0.250000
3295,A1,21,0.210000,0,0,0,0,0,0,0,0,0,0.000,0.000,0.000000,0.000000,0.000000,0.210000,-0.210000
3295,A2,30,0.300000,0,2,0,0,0,2,0,0,8,0.000,12.981,0.000000,5.038505,5.038505,5.338505,-5.338505
3295,B0,32,0.320000,0,0,0,0,0,0,0,0,0,0.000,0.000,0.000000,0.000000,0.000000,0.320000,-0.320000
3295,B1,33,0.330000,0,0,0,0,0,0,0,0,0,0.000,0.000,0.000000,0.000000,0.000000,0.330000,-0.330000
3295,B2,35,0.350000,0,0,0,0,0,0,0,0,0,0.000,0.000,0.000000,0.000000,0.000000,0.350000,-0.350000
3295,C0,41,0.410000,0,0,0,3,0,3,0,0,5,0.000,12.981,0.000000,3.149065,3.149065,3.559065,-3.559065
3295,C1,20,0.200000,0,1,0,0,0,1,0,0,0,0.000,12.981,0.000000,0.000000,0.000000,0.200000,-0.200000
3295,C2,10,0.100000,0,0,0,0,0,0,0,0,0,0.000,0.000,0.000000,0.000000,0.000000,0.100000,-0.100000
3300,A0,25,0.250000,0,0,0,0,0,0,0,0,0,0.000,0.000,0.000000,0.000000,0.000000,0.250000,-0.250000
3300,A1,21,0.210000,0,0,0,0,0,0,0,0,0,0.000,0.000,0.000000,0.000000,0.000000,0.210000,-0.210000
3300,A2,35,0.350000,0,2,0,0,0,2,0,0,8,0.000,12.981,0.000000,5.038505,5.038505,5.388505,-5.388505
3300,B0,29,0.290000,0,0,0,1,0,1,0,0,0,0.000,12.981,0.000000,0.000000,0.000000,0.290000,-0.290000
3300,B1,33,0.330000,0,0,0,0,0,0,0,0,0,0.000,0.000,0.000000,0.000000,0.000000,0.330000,-0.330000
3300,B2,35,0.350000,0,1,0,1,0,2,0,0,0,0.000,12.981,0.000000,0.000000,0.000000,0.350000,-0.350000
3300,C0,44,0.440000,0,1,0,3,0,4,0,0,4,0.000,12.981,0.000000,2.519252,2.519252,2.959252,-2.959252
3300,C1,19,0.190000,0,2,0,0,0,2,0,0,0,0.000,12.981,0.000000,0.000000,0.000000,0.190000,-0.190000
3300,C2,12,0.120000,0,0,0,0,0,0,0,0,0,0.000,0.000,0.000000,0.000000,0.000000,0.120000,-0.120000
3305,A0,25,0.250000,0,0,0,0,0,0,0,0,0,0.000,0.000,0.000000,0.000000,0.000000,0.250000,-0.250000
3305,A1,21,0.210000,0,0,0,0,0,0,0,0,0,0.000,0.000,0.000000,0.000000,0.000000,0.210000,-0.210000
3305,A2,40,0.400000,0,3,0,0,0,3,0,0,4,0.000,12.981,0.000000,2.519252,2.519252,2.919252,-2.919252
3305,B0,22,0.220000,0,0,0,1,0,1,0,0,0,0.000,12.981,0.000000,0.000000,0.000000,0.220000,-0.220000
3305,B1,33,0.330000,0,0,0,0,0,0,0,0,0,0.000,0.000,0.000000,0.000000,0.000000,0.330000,-0.330000
3305,B2,35,0.350000,0,2,0,1,0,3,0,0,0,0.000,12.981,0.000000,0.000000,0.000000,0.350000,-0.350000
3305,C0,44,0.440000,0,1,0,3,0,4,0,0,3,0.000,12.981,0.000000,1.889439,1.889439,2.329439,-2.329439
3305,C1,16,0.160000,0,2,0,0,0,2,0,0,0,0.000,12.981,0.000000,0.000000,0.000000,0.160000,-0.160000
3305,C2,16,0.160000,0,0,0,3,0,3,0,0,0,0.000,12.981,0.000000,0.000000,0.000000,0.160000,-0.160000
3310,A0,25,0.250000,0,0,0,0,0,0,0,0,0,0.000,0.000,0.000000,0.000000,0.000000,0.250000,-0.250000
3310,A1,21,0.210000,0,0,0,0,0,0,0,0,0,0.000,0.000,0.000000,0.000000,0.000000,0.210000,-0.210000
3310,A2,42,0.420000,0,3,0,0,0,3,0,0,1,0.000,12.981,0.000000,0.629813,0.629813,1.049813,-1.049813
3310,B0,22,0.220000,0,0,0,1,0,1,0,0,0,0.000,12.981,0.000000,0.000000,0.000000,0.220000,-0.220000
3310,B1,33,0.330000,0,1,0,0,0,1,0,0,0,0.000,12.981,0.000000,0.000000,0.000000,0.330000,-0.330000
3310,B2,35,0.350000,0,3,0,1,0,4,0,0,0,0.000,12.981,0.000000,0.000000,0.000000,0.350000,-0.350000
3310,C0,44,0.440000,0,1,0,3,0,4,0,0,1,0.000,12.981,0.000000,0.629813,0.629813,1.069813,-1.069813
3310,C1,17,0.170000,0,4,0,0,0,4,0,0,0,0.000,12.981,0.000000,0.000000,0.000000,0.170000,-0.170000
3310,C2,20,0.200000,0,0,0,4,0,4,0,0,0,0.000,12.981,0.000000,0.000000,0.000000,0.200000,-0.200000
3315,A0,25,0.250000,0,0,0,0,0,0,0,0,0,0.000,0.000,0.000000,0.000000,0.000000,0.250000,-0.250000
3315,A1,21,0.210000,0,0,0,0,0,0,0,0,0,0.000,0.000,0.000000,0.000000,0.000000,0.210000,-0.210000
3315,A2,43,0.430000,0,3,0,0,0,3,0,0,0,0.000,12.981,0.000000,0.000000,0.000000,0.430000,-0.430000
3315,B0,23,0.230000,0,0,0,1,0,1,0,0,0,0.000,12.981,0.000000,0.000000,0.000000,0.230000,-0.230000
3315,B1,33,0.330000,0,1,0,0,0,1,0,0,0,0.000,12.981,0.000000,0.000000,0.000000,0.330000,-0.330000
3315,B2,35,0.350000,0,6,0,1,0,7,0,0,0,0.000,12.981,0.000000,0.000000,0.000000,0.350000,-0.350000
3315,C0,44,0.440000,0,2,0,4,0,6,0,0,2,0.000,12.981,0.000000,1.259626,1.259626,1.699626,-1.699626
3315,C1,21,0.210000,0,4,0,0,0,4,0,0,0,0.000,12.981,0.000000,0.000000,0.000000,0.210000,-0.210000
3315,C2,23,0.230000,0,0,0,6,0,6,0,0,0,0.000,12.981,0.000000,0.000000,0.000000,0.230000,-0.230000
3320,A0,25,0.250000,0,1,0,0,0,1,0,0,0,0.000,12.981,0.000000,0.000000,0.000000,0.250000,-0.250000
3320,A1,21,0.210000,0,0,0,1,0,1,0,0,19,0.000,12.981,0.000000,11.966449,11.966449,12.176449,-12.176449
3320,A2,43,0.430000,0,3,0,0,0,3,0,0,0,0.000,12.981,0.000000,0.000000,0.000000,0.430000,-0.430000
3320,B0,21,0.210000,0,0,0,1,0,1,0,0,0,0.000,12.981,0.000000,0.000000,0.000000,0.210000,-0.210000
3320,B1,29,0.290000,0,1,0,0,0,1,0,0,4,0.000,12.981,0.000000,2.519252,2.519252,2.809252,-2.809252
3320,B2,35,0.350000,0,7,0,1,0,8,0,0,0,0.000,12.981,0.000000,0.000000,0.000000,0.350000,-0.350000
3320,C0,44,0.440000,0,2,0,4,0,6,0,0,1,0.000,12.981,0.000000,0.629813,0.629813,1.069813,-1.069813
3320,C1,24,0.240000,0,4,0,0,0,4,0,0,0,0.000,12.981,0.000000,0.000000,0.000000,0.240000,-0.240000
3320,C2,25,0.250000,0,0,0,6,0,6,0,0,0,0.000,12.981,0.000000,0.000000,0.000000,0.250000,-0.250000
3325,A0,25,0.250000,0,0,0,0,0,0,1,0,0,0.000,0.000,0.000000,0.000000,0.000000,0.250000,-0.250000
3325,A1,21,0.210000,0,0,0,0,0,0,2,0,0,0.000,0.000,0.000000,0.000000,0.000000,0.210000,-0.210000
3325,A2,44,0.440000,0,0,0,0,0,0,4,0,0,0.000,0.000,0.000000,0.000000,0.000000,0.440000,-0.440000
3325,B0,21,0.210000,0,0,0,0,0,0,1,0,0,0.000,0.000,0.000000,0.000000,0.000000,0.210000,-0.210000
3325,B1,26,0.260000,0,0,0,0,0,0,1,0,0,0.000,0.000,0.000000,0.000000,0.000000,0.260000,-0.260000
3325,B2,35,0.350000,0,0,0,0,0,0,9,0,0,0.000,0.000,0.000000,0.000000,0.000000,0.350000,-0.350000
3325,C0,44,0.440000,0,0,0,0,0,0,7,0,0,0.000,0.000,0.000000,0.000000,0.000000,0.440000,-0.440000
3325,C1,25,0.250000,0,0,0,0,0,0,6,0,0,0.000,0.000,0.000000,0.000000,0.000000,0.250000,-0.250000
3325,C2,25,0.250000,0,0,0,0,0,0,6,0,0,0.000,0.000,0.000000,0.000000,0.000000,0.250000,-0.250000
3330,A0,25,0.250000,0,0,0,0,0,0,1,0,0,0.000,0.000,0.000000,0.000000,0.000000,0.250000,-0.250000
3330,A1,21,0.210000,0,0,0,0,0,0,2,0,0,0.000,0.000,0.000000,0.000000,0.000000,0.210000,-0.210000
3330,A2,45,0.450000,0,0,0,0,0,0,4,0,0,0.000,0.000,0.000000,0.000000,0.000000,0.450000,-0.450000
3330,B0,25,0.250000,0,0,0,0,0,0,1,0,0,0.000,0.000,0.000000,0.000000,0.000000,0.250000,-0.250000
3330,B1,27,0.270000,0,0,0,0,0,0,2,0,0,0.000,0.000,0.000000,0.000000,0.000000,0.270000,-0.270000
3330,B2,35,0.350000,0,0,0,0,0,0,10,0,0,0.000,0.000,0.000000,0.000000,0.000000,0.350000,-0.350000
3330,C0,44,0.440000,0,0,0,0,0,0,7,0,0,0.000,0.000,0.000000,0.000000,0.000000,0.440000,-0.440000
3330,C1,27,0.270000,0,0,0,0,0,0,9,0,0,0.000,0.000,0.000000,0.000000,0.000000,0.270000,-0.270000
3330,C2,25,0.250000,0,0,0,0,0,0,8,0,0,0.000,0.000,0.000000,0.000000,0.000000,0.250000,-0.250000
3335,A0,46,0.460000,0,0,0,0,0,0,0,0,0,0.000,0.000,0.000000,0.000000,0.000000,0.460000,-0.460000
3335,A1,15,0.150000,0,0,0,0,0,0,0,0,0,0.000,0.000,0.000000,0.000000,0.000000,0.150000,-0.150000
3335,A2,25,0.250000,2,0,1,0,3,0,0,0,0,12.981,0.000,0.000000,0.000000,0.000000,0.250000,-0.250000
3335,B0,22,0.220000,1,0,0,0,1,0,0,7,0,12.981,0.000,4.408692,0.000000,4.408692,4.628692,-4.628692
3335,B1,38,0.380000,0,0,0,0,0,0,0,0,0,0.000,0.000,0.000000,0.000000,0.000000,0.380000,-0.380000
3335,B2,39,0.390000,1,0,0,0,1,0,0,0,0,12.981,0.000,0.000000,0.000000,0.000000,0.390000,-0.390000
3335,C0,25,0.250000,0,0,0,0,0,0,0,0,0,0.000,0.000,0.000000,0.000000,0.000000,0.250000,-0.250000
3335,C1,47,0.470000,0,0,0,0,0,0,0,0,0,0.000,0.000,0.000000,0.000000,0.000000,0.470000,-0.470000
3335,C2,49,0.490000,0,0,0,0,0,0,0,0,0,0.000,0.000,0.000000,0.000000,0.000000,0.490000,-0.490000
3340,A0,46,0.460000,0,0,0,0,0,0,0,0,0,0.000,0.000,0.000000,0.000000,0.000000,0.460000,-0.460000
3340,A1,20,0.200000,0,0,1,0,1,0,0,0,0,12.981,0.000,0.000000,0.000000,0.000000,0.200000,-0.200000
3340,A2,25,0.250000,2,0,1,0,3,0,0,0,0,12.981,0.000,0.000000,0.000000,0.000000,0.250000,-0.250000
3340,B0,22,0.220000,1,0,0,0,1,0,0,6,0,12.981,0.000,3.778879,0.000000,3.778879,3.998879,-3.998879
3340,B1,37,0.370000,0,0,0,0,0,0,0,0,0,0.000,0.000,0.000000,0.000000,0.000000,0.370000,-0.370000
3340,B2,39,0.390000,1,0,1,0,2,0,0,0,0,12.981,0.000,0.000000,0.000000,0.000000,0.390000,-0.390000
3340,C0,25,0.250000,1,0,0,0,1,0,0,0,0,12.981,0.000,0.000000,0.000000,0.000000,0.250000,-0.250000
3340,C1,47,0.470000,1,0,0,0,1,0,0,0,0,12.981,0.000,0.000000,0.000000,0.000000,0.470000,-0.470000
3340,C2,49,0.490000,0,0,1,0,1,0,0,0,0,12.981,0.000,0.000000,0.000000,0.000000,0.490000,-0.490000
3345,A0,46,0.460000,1,0,0,0,1,0,0,0,0,12.981,0.000,0.000000,0.000000,0.000000,0.460000,-0.460000
3345,A1,22,0.220000,0,0,2,0,2,0,0,0,0,12.981,0.000,0.000000,0.000000,0.000000,0.220000,-0.220000
3345,A2,25,0.250000,2,0,1,0,3,0,0,0,0,12.981,0.000,0.000000,0.000000,0.000000,0.250000,-0.250000
3345,B0,22,0.220000,1,0,0,0,1,0,0,8,0,12.981,0.000,5.038505,0.000000,5.038505,5.258505,-5.258505
3345,B1,41,0.410000,0,0,0,0,0,0,0,0,0,0.000,0.000,0.000000,0.000000,0.000000,0.410000,-0.410000
3345,B2,39,0.390000,1,0,0,0,1,0,0,0,0,12.981,0.000,0.000000,0.000000,0.000000,0.390000,-0.390000
3345,C0,25,0.250000,2,0,0,0,2,0,0,0,0,12.981,0.000,0.000000,0.000000,0.000000,0.250000,-0.250000
3345,C1,46,0.460000,1,0,0,0,1,0,0,4,0,12.981,0.000,2.519252,0.000000,2.519252,2.979252,-2.979252
3345,C2,49,0.490000,0,0,6,0,6,0,0,0,0,12.981,0.000,0.000000,0.000000,0.000000,0.490000,-0.490000
3350,A0,46,0.460000,1,0,0,0,1,0,0,0,0,12.981,0.000,0.000000,0.000000,0.000000,0.460000,-0.460000
3350,A1,25,0.250000,0,0,2,0,2,0,0,0,0,12.981,0.000,0.000000,0.000000,0.000000,0.250000,-0.250000
3350,A2,25,0.250000,2,0,1,0,3,0,0,0,0,12.981,0.000,0.000000,0.000000,0.000000,0.250000,-0.250000
3350,B0,22,0.220000,1,0,0,0,1,0,0,10,0,12.981,0.000,6.298131,0.000000,6.298131,6.518131,-6.518131
3350,B1,45,0.450000,0,0,0,0,0,0,0,0,0,0.000,0.000,0.000000,0.000000,0.000000,0.450000,-0.450000
3350,B2,39,0.390000,1,0,0,0,1,0,0,0,0,12.981,0.000,0.000000,0.000000,0.000000,0.390000,-0.390000
3350,C0,25,0.250000,2,0,0,0,2,0,0,0,0,12.981,0.000,0.000000,0.000000,0.000000,0.250000,-0.250000
3350,C1,42,0.420000,1,0,0,0,1,0,0,3,0,12.981,0.000,1.889439,0.000000,1.889439,2.309439,-2.309439
3350,C2,49,0.490000,0,0,6,0,6,0,0,0,0,12.981,0.000,0.000000,0.000000,0.000000,0.490000,-0.490000
3355,A0,46,0.460000,3,0,0,0,3,0,0,0,0,12.981,0.000,0.000000,0.000000,0.000000,0.460000,-0.460000
3355,A1,30,0.300000,0,0,2,0,2,0,0,0,0,12.981,0.000,0.000000,0.000000,0.000000,0.300000,-0.300000
3355,A2,25,0.250000,2,0,2,0,4,0,0,0,0,12.981,0.000,0.000000,0.000000,0.000000,0.250000,-0.250000
3355,B0,22,0.220000,1,0,0,0,1,0,0,11,0,12.981,0.000,6.927944,0.000000,6.927944,7.147944,-7.147944
3355,B1,47,0.470000,0,0,0,0,0,0,0,0,0,0.000,0.000,0.000000,0.000000,0.000000,0.470000,-0.470000
3355,B2,39,0.390000,1,0,0,0,1,0,0,0,0,12.981,0.000,0.000000,0.000000,0.000000,0.390000,-0.390000
3355,C0,25,0.250000,2,0,2,0,4,0,0,0,0,12.981,0.000,0.000000,0.000000,0.000000,0.250000,-0.250000
3355,C1,42,0.420000,1,0,0,0,1,0,0,0,0,12.981,0.000,0.000000,0.000000,0.000000,0.420000,-0.420000
3355,C2,49,0.490000,0,0,6,0,6,0,0,0,0,12.981,0.000,0.000000,0.000000,0.000000,0.490000,-0.490000
3360,A0,46,0.460000,7,0,0,0,7,0,0,0,0,12.981,0.000,0.000000,0.000000,0.000000,0.460000,-0.460000
3360,A1,37,0.370000,0,0,2,0,2,0,0,0,0,12.981,0.000,0.000000,0.000000,0.000000,0.370000,-0.370000
3360,A2,25,0.250000,2,0,2,0,4,0,0,0,0,12.981,0.000,0.000000,0.000000,0.000000,0.250000,-0.250000
3360,B0,22,0.220000,1,0,0,0,1,0,0,12,0,12.981,0.000,7.557757,0.000000,7.557757,7.777757,-7.777757
3360,B1,47,0.470000,0,0,0,0,0,0,0,0,0,0.000,0.000,0.000000,0.000000,0.000000,0.470000,-0.470000
3360,B2,39,0.390000,1,0,0,0,1,0,0,0,0,12.981,0.000,0.000000,0.000000,0.000000,0.390000,-0.390000
3360,C0,25,0.250000,2,0,2,0,4,0,0,0,0,12.981,0.000,0.000000,0.000000,0.000000,0.250000,-0.250000
3360,C1,41,0.410000,1,0,0,0,1,0,0,0,0,12.981,0.000,0.000000,0.000000,0.000000,0.410000,-0.410000
3360,C2,49,0.490000,0,0,6,0,6,0,0,0,0,12.981,0.000,0.000000,0.000000,0.000000,0.490000,-0.490000
3365,A0,46,0.460000,7,0,0,0,7,0,0,0,0,12.981,0.000,0.000000,0.000000,0.000000,0.460000,-0.460000
3365,A1,41,0.410000,0,0,4,0,4,0,0,0,0,12.981,0.000,0.000000,0.000000,0.000000,0.410000,-0.410000
3365,A2,25,0.250000,2,0,2,0,4,0,0,0,0,12.981,0.000,0.000000,0.000000,0.000000,0.250000,-0.250000
3365,B0,22,0.220000,1,0,0,0,1,0,0,13,0,12.981,0.000,8.187570,0.000000,8.187570,8.407570,-8.407570
3365,B1,47,0.470000,0,0,0,0,0,0,0,0,0,0.000,0.000,0.000000,0.000000,0.000000,0.470000,-0.470000
3365,B2,39,0.390000,2,0,0,0,2,0,0,0,0,12.981,0.000,0.000000,0.000000,0.000000,0.390000,-0.390000
3365,C0,27,0.270000,2,0,2,0,4,0,0,0,0,12.981,0.000,0.000000,0.000000,0.000000,0.270000,-0.270000
3365,C1,40,0.400000,2,0,0,0,2,0,0,0,0,12.981,0.000,0.000000,0.000000,0.000000,0.400000,-0.400000
3365,C2,49,0.490000,0,0,7,0,7,0,0,0,0,12.981,0.000,0.000000,0.000000,0.000000,0.490000,-0.490000
3370,A0,46,0.460000,0,0,0,0,0,0,8,0,0,0.000,0.000,0.000000,0.000000,0.000000,0.460000,-0.460000
3370,A1,45,0.450000,0,0,0,0,0,0,4,0,0,0.000,0.000,0.000000,0.000000,0.000000,0.450000,-0.450000
3370,A2,25,0.250000,0,0,0,0,0,0,5,0,0,0.000,0.000,0.000000,0.000000,0.000000,0.250000,-0.250000
3370,B0,22,0.220000,0,0,0,0,0,0,2,0,0,0.000,0.000,0.000000,0.000000,0.000000,0.220000,-0.220000
3370,B1,47,0.470000,0,0,0,0,0,0,0,0,0,0.000,0.000,0.000000,0.000000,0.000000,0.470000,-0.470000
3370,B2,39,0.390000,0,0,0,0,0,0,3,0,0,0.000,0.000,0.000000,0.000000,0.000000,0.390000,-0.390000
3370,C0,27,0.270000,0,0,0,0,0,0,5,0,0,0.000,0.000,0.000000,0.000000,0.000000,0.270000,-0.270000
3370,C1,38,0.380000,0,0,0,0,0,0,3,0,0,0.000,0.000,0.000000,0.000000,0.000000,0.380000,-0.380000
3370,C2,49,0.490000,0,0,0,0,0,0,7,0,0,0.000,0.000,0.000000,0.000000,0.000000,0.490000,-0.490000
3375,A0,46,0.460000,0,0,0,0,0,0,8,0,0,0.000,0.000,0.000000,0.000000,0.000000,0.460000,-0.460000
3375,A1,45,0.450000,0,0,0,0,0,0,6,0,0,0.000,0.000,0.000000,0.000000,0.000000,0.450000,-0.450000
3375,A2,25,0.250000,0,0,0,0,0,0,6,0,0,0.000,0.000,0.000000,0.000000,0.000000,0.250000,-0.250000
3375,B0,22,0.220000,0,0,0,0,0,0,2,0,0,0.000,0.000,0.000000,0.000000,0.000000,0.220000,-0.220000
3375,B1,47,0.470000,0,0,0,0,0,0,0,0,0,0.000,0.000,0.000000,0.000000,0.000000,0.470000,-0.470000
3375,B2,39,0.390000,0,0,0,0,0,0,4,0,0,0.000,0.000,0.000000,0.000000,0.000000,0.390000,-0.390000
3375,C0,27,0.270000,0,0,0,0,0,0,7,0,0,0.000,0.000,0.000000,0.000000,0.000000,0.270000,-0.270000
3375,C1,41,0.410000,0,0,0,0,0,0,3,0,0,0.000,0.000,0.000000,0.000000,0.000000,0.410000,-0.410000
3375,C2,49,0.490000,0,0,0,0,0,0,8,0,0,0.000,0.000,0.000000,0.000000,0.000000,0.490000,-0.490000
3380,A0,25,0.250000,0,0,0,0,0,0,0,0,0,0.000,0.000,0.000000,0.000000,0.000000,0.250000,-0.250000
3380,A1,21,0.210000,0,0,0,0,0,0,0,0,0,0.000,0.000,0.000000,0.000000,0.000000,0.210000,-0.210000
3380,A2,45,0.450000,0,4,0,0,0,4,0,0,0,0.000,12.981,0.000000,0.000000,0.000000,0.450000,-0.450000
3380,B0,15,0.150000,0,0,0,0,0,0,0,0,0,0.000,0.000,0.000000,0.000000,0.000000,0.150000,-0.150000
3380,B1,21,0.210000,0,0,0,0,0,0,0,0,0,0.000,0.000,0.000000,0.000000,0.000000,0.210000,-0.210000
3380,B2,29,0.290000,0,0,0,0,0,0,0,0,0,0.000,0.000,0.000000,0.000000,0.000000,0.290000,-0.290000
3380,C0,44,0.440000,0,0,0,0,0,0,0,0,0,0.000,0.000,0.000000,0.000000,0.000000,0.440000,-0.440000
3380,C1,26,0.260000,0,0,0,0,0,0,0,0,0,0.000,0.000,0.000000,0.000000,0.000000,0.260000,-0.260000
3380,C2,25,0.250000,0,0,0,0,0,0,0,0,0,0.000,0.000,0.000000,0.000000,0.000000,0.250000,-0.250000
3385,A0,25,0.250000,0,0,0,0,0,0,0,0,0,0.000,0.000,0.000000,0.000000,0.000000,0.250000,-0.250000
3385,A1,21,0.210000,0,2,0,0,0,2,0,0,6,0.000,12.981,0.000000,3.778879,3.778879,3.988879,-3.988879
3385,A2,45,0.450000,0,5,0,0,0,5,0,0,0,0.000,12.981,0.000000,0.000000,0.000000,0.450000,-0.450000
3385,B0,18,0.180000,0,0,0,0,0,0,0,0,0,0.000,0.000,0.000000,0.000000,0.000000,0.180000,-0.180000
3385,B1,29,0.290000,0,0,0,0,0,0,0,0,0,0.000,0.000,0.000000,0.000000,0.000000,0.290000,-0.290000
3385,B2,30,0.300000,0,0,0,0,0,0,0,0,0,0.000,0.000,0.000000,0.000000,0.000000,0.300000,-0.300000
3385,C0,44,0.440000,0,0,0,0,0,0,0,0,0,0.000,0.000,0.000000,0.000000,0.000000,0.440000,-0.440000
3385,C1,26,0.260000,0,0,0,0,0,0,0,0,0,0.000,0.000,0.000000,0.000000,0.000000,0.260000,-0.260000
3385,C2,25,0.250000,0,0,0,0,0,0,0,0,0,0.000,0.000,0.000000,0.000000,0.000000,0.250000,-0.250000
